year,month,region,tea_type,historical_demand,exports,growth_rate,forecasted_demand
2020,1,Central Province,CTC,25928.34,19352.88,7.59,27895.06
2020,1,Central Province,Orthodox,20309.45,12819.3,8.96,22128.51
2020,1,Central Province,Green Tea,17743.51,10719.15,10.3,19571.5
2020,1,Central Province,White Tea,7369.56,4692.06,6.42,7843.01
2020,1,Central Province,Oolong,5121.22,3515.15,2.26,5236.96
2020,1,Uva Province,CTC,25016.16,15707.62,3.43,25873.81
2020,1,Uva Province,Orthodox,19502.21,13480.2,3.76,20236.1
2020,1,Uva Province,Green Tea,15131.04,10634.81,9.79,16612.85
2020,1,Uva Province,White Tea,7014.24,5060.83,8.33,7598.72
2020,1,Uva Province,Oolong,4662.73,2888.72,10.84,5168.28
2020,1,Sabaragamuwa,CTC,22084.96,13790.02,13.56,25078.98
2020,1,Sabaragamuwa,Orthodox,18838.07,14728.81,7.98,20342.0
2020,1,Sabaragamuwa,Green Tea,15409.2,10206.17,4.34,16077.57
2020,1,Sabaragamuwa,White Tea,7779.93,4955.59,11.58,8680.92
2020,1,Sabaragamuwa,Oolong,4722.15,2916.86,8.51,5124.2
2020,1,Southern Province,CTC,20419.98,13360.18,3.25,21083.65
2020,1,Southern Province,Orthodox,17858.24,11718.35,11.17,19853.25
2020,1,Southern Province,Green Tea,13188.09,10028.75,8.4,14296.33
2020,1,Southern Province,White Tea,6233.14,3746.77,9.84,6846.17
2020,1,Southern Province,Oolong,4426.19,3301.06,10.66,4898.16
2020,1,Nuwara Eliya,CTC,25450.31,19663.44,7.07,27250.25
2020,1,Nuwara Eliya,Orthodox,20877.53,12791.9,11.3,23236.47
2020,1,Nuwara Eliya,Green Tea,16312.08,12167.53,4.41,17031.67
2020,1,Nuwara Eliya,White Tea,8302.15,5765.37,8.89,9040.18
2020,1,Nuwara Eliya,Oolong,5409.07,4068.47,6.06,5737.11
2020,1,Dimbula,CTC,27735.56,19380.47,9.01,30235.79
2020,1,Dimbula,Orthodox,19061.88,11534.04,10.47,21056.84
2020,1,Dimbula,Green Tea,15584.0,10935.51,11.13,17318.11
2020,1,Dimbula,White Tea,7656.77,5222.5,9.07,8351.34
2020,1,Dimbula,Oolong,4957.52,3050.84,10.23,5464.73
2020,1,Kandy,CTC,23791.71,18698.85,6.49,25336.92
2020,1,Kandy,Orthodox,21603.3,16727.26,11.47,24082.18
2020,1,Kandy,Green Tea,15689.22,12214.24,9.54,17185.94
2020,1,Kandy,White Tea,7948.41,6193.55,8.53,8626.14
2020,1,Kandy,Oolong,4784.73,3088.96,7.02,5120.48
2020,2,Central Province,CTC,25741.22,19875.98,7.12,27575.06
2020,2,Central Province,Orthodox,20575.26,14062.82,7.3,22076.48
2020,2,Central Province,Green Tea,15418.93,10292.49,7.13,16518.7
2020,2,Central Province,White Tea,7201.45,5068.08,9.21,7864.86
2020,2,Central Province,Oolong,4611.78,3663.4,12.21,5174.97
2020,2,Uva Province,CTC,20784.37,13654.67,7.92,22430.59
2020,2,Uva Province,Orthodox,19641.5,13759.57,6.7,20957.91
2020,2,Uva Province,Green Tea,14799.77,9308.75,8.9,16117.64
2020,2,Uva Province,White Tea,7014.19,4548.08,7.98,7573.77
2020,2,Uva Province,Oolong,4860.73,3147.46,10.26,5359.24
2020,2,Sabaragamuwa,CTC,20906.81,15187.99,12.15,23447.41
2020,2,Sabaragamuwa,Orthodox,19056.22,11777.85,14.57,21832.98
2020,2,Sabaragamuwa,Green Tea,13807.72,8799.71,10.77,15294.74
2020,2,Sabaragamuwa,White Tea,6566.56,4829.79,6.49,6992.7
2020,2,Sabaragamuwa,Oolong,4357.99,2812.21,6.9,4658.84
2020,2,Southern Province,CTC,19477.42,14377.99,9.42,21312.35
2020,2,Southern Province,Orthodox,18027.0,11312.02,7.52,19382.12
2020,2,Southern Province,Green Tea,12846.88,10084.01,7.03,13750.5
2020,2,Southern Province,White Tea,6060.93,4436.58,9.67,6646.92
2020,2,Southern Province,Oolong,4160.79,2937.23,11.92,4656.81
2020,2,Nuwara Eliya,CTC,24997.73,19484.31,7.38,26843.17
2020,2,Nuwara Eliya,Orthodox,21879.15,14611.03,10.35,24142.65
2020,2,Nuwara Eliya,Green Tea,17589.57,13709.7,5.4,18539.16
2020,2,Nuwara Eliya,White Tea,7718.48,5622.19,9.04,8416.17
2020,2,Nuwara Eliya,Oolong,5139.5,3093.15,10.54,5681.32
2020,2,Dimbula,CTC,25045.71,15052.78,5.86,26512.62
2020,2,Dimbula,Orthodox,21164.81,15627.65,4.35,22085.36
2020,2,Dimbula,Green Tea,15088.9,11202.54,9.97,16593.21
2020,2,Dimbula,White Tea,7127.07,5340.3,4.61,7455.53
2020,2,Dimbula,Oolong,5174.6,3785.34,9.24,5652.65
2020,2,Kandy,CTC,22687.15,15280.78,8.44,24601.4
2020,2,Kandy,Orthodox,19262.03,15305.65,5.55,20331.57
2020,2,Kandy,Green Tea,16092.66,11686.93,7.28,17264.4
2020,2,Kandy,White Tea,7119.43,5093.1,12.36,7999.43
2020,2,Kandy,Oolong,4409.66,3282.95,7.9,4757.86
2020,3,Central Province,CTC,22487.78,17722.43,9.45,24612.29
2020,3,Central Province,Orthodox,20070.65,15922.67,10.22,22122.08
2020,3,Central Province,Green Tea,14790.11,11391.74,3.46,15301.17
2020,3,Central Province,White Tea,6797.96,4835.8,6.46,7237.18
2020,3,Central Province,Oolong,4793.15,3422.37,9.16,5232.01
2020,3,Uva Province,CTC,22832.65,18220.7,5.57,24105.16
2020,3,Uva Province,Orthodox,19242.04,14921.71,4.57,20121.61
2020,3,Uva Province,Green Tea,15311.82,11338.35,11.2,17026.53
2020,3,Uva Province,White Tea,6305.15,4803.72,5.19,6632.17
2020,3,Uva Province,Oolong,4583.12,3586.97,8.77,4985.13
2020,3,Sabaragamuwa,CTC,21934.69,16662.88,19.56,26224.72
2020,3,Sabaragamuwa,Orthodox,19385.93,14717.0,10.96,21511.52
2020,3,Sabaragamuwa,Green Tea,13680.49,9235.93,10.28,15086.43
2020,3,Sabaragamuwa,White Tea,6468.13,3927.38,5.43,6819.5
2020,3,Sabaragamuwa,Oolong,4771.77,3136.52,2.4,4886.2
2020,3,Southern Province,CTC,19777.41,12014.17,8.24,21407.18
2020,3,Southern Province,Orthodox,16761.53,10482.86,11.27,18650.02
2020,3,Southern Province,Green Tea,14151.59,9101.79,8.39,15338.29
2020,3,Southern Province,White Tea,5837.54,3562.86,8.65,6342.45
2020,3,Southern Province,Oolong,4521.69,3289.47,13.53,5133.49
2020,3,Nuwara Eliya,CTC,22421.84,17019.01,8.56,24341.0
2020,3,Nuwara Eliya,Orthodox,20734.5,12766.05,2.99,21355.0
2020,3,Nuwara Eliya,Green Tea,16625.65,11335.21,10.6,18387.51
2020,3,Nuwara Eliya,White Tea,7359.32,4783.91,7.05,7877.89
2020,3,Nuwara Eliya,Oolong,5430.05,3975.01,9.21,5930.42
2020,3,Dimbula,CTC,24692.39,17836.41,12.95,27891.06
2020,3,Dimbula,Orthodox,19034.98,12776.17,6.55,20281.25
2020,3,Dimbula,Green Tea,15565.9,9644.12,13.62,17685.36
2020,3,Dimbula,White Tea,6092.27,3866.4,4.93,6392.42
2020,3,Dimbula,Oolong,4363.56,3155.59,4.1,4542.44
2020,3,Kandy,CTC,22772.48,15369.66,8.39,24683.6
2020,3,Kandy,Orthodox,19849.98,15310.25,15.04,22836.21
2020,3,Kandy,Green Tea,14392.36,8838.54,9.39,15743.27
2020,3,Kandy,White Tea,6914.73,4958.93,8.18,7480.54
2020,3,Kandy,Oolong,4683.39,3173.63,9.99,5151.09
2020,4,Central Province,CTC,19617.48,13911.22,14.33,22429.45
2020,4,Central Province,Orthodox,17073.43,13526.23,9.76,18740.65
2020,4,Central Province,Green Tea,12836.02,8520.49,8.62,13942.85
2020,4,Central Province,White Tea,5893.07,3675.11,10.55,6514.72
2020,4,Central Province,Oolong,4240.69,3288.63,12.36,4764.74
2020,4,Uva Province,CTC,20009.49,13134.36,9.89,21988.2
2020,4,Uva Province,Orthodox,16794.67,12786.91,5.87,17780.46
2020,4,Uva Province,Green Tea,12485.14,8420.02,8.35,13527.89
2020,4,Uva Province,White Tea,5575.39,4383.1,11.49,6215.77
2020,4,Uva Province,Oolong,3803.74,2853.47,11.3,4233.43
2020,4,Sabaragamuwa,CTC,17844.47,13927.8,8.78,19412.08
2020,4,Sabaragamuwa,Orthodox,16494.28,10952.36,8.06,17824.21
2020,4,Sabaragamuwa,Green Tea,11698.77,7044.62,10.56,12934.39
2020,4,Sabaragamuwa,White Tea,5553.38,4387.84,7.61,5975.96
2020,4,Sabaragamuwa,Oolong,3991.55,2752.93,11.2,4438.43
2020,4,Southern Province,CTC,16338.62,12000.78,4.36,17050.57
2020,4,Southern Province,Orthodox,15186.9,11510.51,10.0,16705.76
2020,4,Southern Province,Green Tea,11175.75,6834.1,5.31,11768.99
2020,4,Southern Province,White Tea,4621.85,3593.68,13.31,5237.08
2020,4,Southern Province,Oolong,3298.78,2073.61,7.04,3530.88
2020,4,Nuwara Eliya,CTC,21904.27,13585.56,12.07,24548.91
2020,4,Nuwara Eliya,Orthodox,18285.46,11237.37,6.48,19470.2
2020,4,Nuwara Eliya,Green Tea,14199.97,8751.01,10.62,15707.67
2020,4,Nuwara Eliya,White Tea,5913.98,4509.76,3.78,6137.39
2020,4,Nuwara Eliya,Oolong,4109.24,2534.17,12.08,4605.65
2020,4,Dimbula,CTC,20965.73,14358.26,12.43,23570.95
2020,4,Dimbula,Orthodox,17282.82,11989.65,7.99,18663.08
2020,4,Dimbula,Green Tea,13635.65,10215.95,5.52,14388.11
2020,4,Dimbula,White Tea,6346.01,4283.39,8.27,6870.61
2020,4,Dimbula,Oolong,4271.44,2753.88,6.8,4561.74
2020,4,Kandy,CTC,19904.28,15895.42,10.95,22083.9
2020,4,Kandy,Orthodox,16942.26,13449.79,5.68,17904.75
2020,4,Kandy,Green Tea,14359.94,10614.14,9.22,15683.73
2020,4,Kandy,White Tea,6591.19,4724.98,5.7,6966.76
2020,4,Kandy,Oolong,3945.04,2856.31,10.93,4376.19
2020,5,Central Province,CTC,18547.15,12848.35,6.2,19697.41
2020,5,Central Province,Orthodox,17305.62,10652.42,2.57,17750.31
2020,5,Central Province,Green Tea,12799.03,8471.75,13.63,14543.35
2020,5,Central Province,White Tea,5973.92,3778.64,10.91,6625.77
2020,5,Central Province,Oolong,3616.4,2844.47,13.49,4104.41
2020,5,Uva Province,CTC,18324.31,13965.15,7.15,19635.11
2020,5,Uva Province,Orthodox,14294.11,11349.28,12.06,16018.21
2020,5,Uva Province,Green Tea,12119.56,8407.81,8.84,13190.46
2020,5,Uva Province,White Tea,5077.73,3103.89,6.2,5392.64
2020,5,Uva Province,Oolong,3726.11,2980.68,8.91,4057.99
2020,5,Sabaragamuwa,CTC,17428.57,13137.61,8.14,18847.42
2020,5,Sabaragamuwa,Orthodox,14578.6,9123.75,3.2,15045.5
2020,5,Sabaragamuwa,Green Tea,11393.72,7357.25,9.54,12481.06
2020,5,Sabaragamuwa,White Tea,5504.36,3696.91,12.62,6199.23
2020,5,Sabaragamuwa,Oolong,3542.7,2494.28,5.75,3746.57
2020,5,Southern Province,CTC,16550.51,12751.11,12.65,18644.77
2020,5,Southern Province,Orthodox,15428.85,11962.46,13.27,17475.64
2020,5,Southern Province,Green Tea,10150.68,6148.84,7.19,10880.79
2020,5,Southern Province,White Tea,5096.1,3775.28,12.11,5713.03
2020,5,Southern Province,Oolong,3219.84,1941.27,6.97,3444.36
2020,5,Nuwara Eliya,CTC,21403.78,14521.37,2.72,21986.77
2020,5,Nuwara Eliya,Orthodox,18044.31,12083.39,7.59,19413.65
2020,5,Nuwara Eliya,Green Tea,14205.75,9650.09,8.22,15373.78
2020,5,Nuwara Eliya,White Tea,6397.69,5053.56,8.99,6972.98
2020,5,Nuwara Eliya,Oolong,3719.34,2573.14,7.83,4010.69
2020,5,Dimbula,CTC,19741.08,13142.63,9.21,21559.11
2020,5,Dimbula,Orthodox,15690.34,9652.27,10.01,17260.78
2020,5,Dimbula,Green Tea,12128.91,8115.86,9.46,13276.68
2020,5,Dimbula,White Tea,5905.59,4331.82,10.87,6547.26
2020,5,Dimbula,Oolong,3861.23,2348.3,6.57,4115.03
2020,5,Kandy,CTC,18469.78,11735.73,5.62,19508.03
2020,5,Kandy,Orthodox,14970.51,10072.97,7.43,16082.13
2020,5,Kandy,Green Tea,13543.8,8232.77,8.11,14641.63
2020,5,Kandy,White Tea,5838.29,3598.44,11.61,6516.34
2020,5,Kandy,Oolong,3773.25,2872.35,7.34,4050.09
2020,6,Central Province,CTC,18011.45,11561.01,9.74,19765.5
2020,6,Central Province,Orthodox,15676.4,11344.24,1.09,15847.94
2020,6,Central Province,Green Tea,11774.23,8824.72,1.42,11941.85
2020,6,Central Province,White Tea,5771.72,4053.69,8.93,6287.36
2020,6,Central Province,Oolong,3558.19,2453.31,8.24,3851.33
2020,6,Uva Province,CTC,16338.07,10682.63,8.61,17744.85
2020,6,Uva Province,Orthodox,14959.13,9939.09,7.86,16134.42
2020,6,Uva Province,Green Tea,11173.94,6972.01,4.76,11705.3
2020,6,Uva Province,White Tea,5387.65,3964.34,10.73,5965.84
2020,6,Uva Province,Oolong,3551.58,2192.69,12.44,3993.39
2020,6,Sabaragamuwa,CTC,18828.0,14103.83,11.04,20907.29
2020,6,Sabaragamuwa,Orthodox,13563.58,8907.95,7.43,14571.22
2020,6,Sabaragamuwa,Green Tea,11702.93,8357.71,4.07,12179.36
2020,6,Sabaragamuwa,White Tea,4695.93,2913.15,9.69,5150.92
2020,6,Sabaragamuwa,Oolong,3288.9,2079.03,6.12,3490.25
2020,6,Southern Province,CTC,15424.19,9789.35,5.41,16258.34
2020,6,Southern Province,Orthodox,11820.04,9414.38,10.05,13008.42
2020,6,Southern Province,Green Tea,10208.31,8104.32,5.28,10747.04
2020,6,Southern Province,White Tea,4825.08,3143.93,8.82,5250.69
2020,6,Southern Province,Oolong,3258.62,2560.87,5.07,3423.75
2020,6,Nuwara Eliya,CTC,21641.03,14196.43,12.86,24423.81
2020,6,Nuwara Eliya,Orthodox,16136.8,10726.71,9.71,17703.97
2020,6,Nuwara Eliya,Green Tea,12941.27,8392.18,-0.22,12912.43
2020,6,Nuwara Eliya,White Tea,5966.99,3924.65,5.29,6282.47
2020,6,Nuwara Eliya,Oolong,3703.33,2578.36,8.8,4029.34
2020,6,Dimbula,CTC,18452.34,12313.63,8.14,19954.77
2020,6,Dimbula,Orthodox,15724.92,11578.27,10.28,17341.56
2020,6,Dimbula,Green Tea,12726.53,8836.22,12.32,14295.04
2020,6,Dimbula,White Tea,5215.72,4099.06,4.9,5471.4
2020,6,Dimbula,Oolong,3885.59,3060.56,6.19,4126.03
2020,6,Kandy,CTC,18773.19,14424.68,12.74,21164.98
2020,6,Kandy,Orthodox,15840.04,10142.78,6.76,16911.52
2020,6,Kandy,Green Tea,11722.22,8943.05,7.04,12547.79
2020,6,Kandy,White Tea,5577.46,3746.75,14.23,6370.92
2020,6,Kandy,Oolong,3615.68,2759.92,10.84,4007.73
2020,7,Central Province,CTC,20745.97,14367.33,4.98,21778.23
2020,7,Central Province,Orthodox,20667.4,14478.43,5.47,21797.78
2020,7,Central Province,Green Tea,15260.44,10327.93,7.34,16380.97
2020,7,Central Province,White Tea,7239.22,5247.33,8.29,7839.12
2020,7,Central Province,Oolong,4278.45,2686.24,11.43,4767.53
2020,7,Uva Province,CTC,22503.92,15903.34,11.74,25146.32
2020,7,Uva Province,Orthodox,18822.87,11864.71,8.74,20468.87
2020,7,Uva Province,Green Tea,13485.86,10098.06,5.55,14234.19
2020,7,Uva Province,White Tea,6607.06,4971.76,6.57,7040.95
2020,7,Uva Province,Oolong,4312.74,3296.01,10.49,4765.03
2020,7,Sabaragamuwa,CTC,20509.47,15576.1,5.06,21548.0
2020,7,Sabaragamuwa,Orthodox,17293.85,12874.42,6.34,18390.64
2020,7,Sabaragamuwa,Green Tea,14101.07,10417.73,12.07,15802.64
2020,7,Sabaragamuwa,White Tea,5727.99,3832.82,8.84,6234.51
2020,7,Sabaragamuwa,Oolong,3788.2,2622.96,12.49,4261.28
2020,7,Southern Province,CTC,19812.24,14310.2,15.93,22968.47
2020,7,Southern Province,Orthodox,16781.04,12406.73,10.18,18488.9
2020,7,Southern Province,Green Tea,12901.14,8134.27,9.33,14104.34
2020,7,Southern Province,White Tea,6444.8,4413.57,12.04,7220.52
2020,7,Southern Province,Oolong,3963.11,3111.49,8.3,4292.05
2020,7,Nuwara Eliya,CTC,23054.86,18373.99,7.62,24812.25
2020,7,Nuwara Eliya,Orthodox,23233.73,15794.3,9.57,25457.63
2020,7,Nuwara Eliya,Green Tea,15641.19,11896.23,6.72,16692.18
2020,7,Nuwara Eliya,White Tea,7586.57,5947.65,1.04,7665.3
2020,7,Nuwara Eliya,Oolong,4538.12,3392.25,4.11,4724.85
2020,7,Dimbula,CTC,21791.59,15046.83,7.22,23364.46
2020,7,Dimbula,Orthodox,19781.62,13840.67,7.18,21202.3
2020,7,Dimbula,Green Tea,15931.31,10713.47,7.53,17130.68
2020,7,Dimbula,White Tea,7722.08,4653.47,11.38,8600.83
2020,7,Dimbula,Oolong,4472.73,3543.36,9.55,4899.88
2020,7,Kandy,CTC,22333.64,13781.42,4.68,23378.95
2020,7,Kandy,Orthodox,19242.97,13837.18,8.47,20873.77
2020,7,Kandy,Green Tea,14724.95,9453.14,7.93,15892.29
2020,7,Kandy,White Tea,6752.4,4308.96,8.47,7324.0
2020,7,Kandy,Oolong,4520.19,3222.75,6.37,4808.11
2020,8,Central Province,CTC,25409.64,17485.71,0.02,25415.21
2020,8,Central Province,Orthodox,21454.3,13538.69,1.78,21836.15
2020,8,Central Province,Green Tea,15667.82,12365.4,7.24,16801.47
2020,8,Central Province,White Tea,6626.36,4829.29,5.67,7001.85
2020,8,Central Province,Oolong,4666.01,2945.33,7.79,5029.55
2020,8,Uva Province,CTC,23628.01,14304.85,11.81,26419.58
2020,8,Uva Province,Orthodox,18510.39,13593.64,5.82,19586.78
2020,8,Uva Province,Green Tea,14287.02,10437.37,9.47,15639.73
2020,8,Uva Province,White Tea,6652.87,4315.28,7.31,7139.35
2020,8,Uva Province,Oolong,4674.88,3581.16,9.33,5111.17
2020,8,Sabaragamuwa,CTC,23144.33,14835.44,4.98,24296.62
2020,8,Sabaragamuwa,Orthodox,18715.42,11277.92,7.07,20038.86
2020,8,Sabaragamuwa,Green Tea,12739.14,9917.86,13.29,14432.69
2020,8,Sabaragamuwa,White Tea,6247.53,4072.67,11.15,6943.95
2020,8,Sabaragamuwa,Oolong,4558.16,2979.27,2.74,4683.09
2020,8,Southern Province,CTC,18903.02,13428.89,13.26,21410.39
2020,8,Southern Province,Orthodox,15661.54,12367.78,6.37,16658.44
2020,8,Southern Province,Green Tea,12769.73,9879.86,9.2,13944.22
2020,8,Southern Province,White Tea,6353.2,4828.25,7.91,6855.56
2020,8,Southern Province,Oolong,3965.76,2592.56,7.83,4276.25
2020,8,Nuwara Eliya,CTC,27636.45,18007.29,10.02,30404.73
2020,8,Nuwara Eliya,Orthodox,21386.97,17042.86,7.45,22979.88
2020,8,Nuwara Eliya,Green Tea,15171.51,9929.17,8.3,16431.12
2020,8,Nuwara Eliya,White Tea,7557.69,4948.86,5.06,7940.48
2020,8,Nuwara Eliya,Oolong,5489.95,4205.02,10.15,6047.33
2020,8,Dimbula,CTC,24545.45,17675.26,10.95,27232.7
2020,8,Dimbula,Orthodox,19566.05,15317.92,9.53,21430.87
2020,8,Dimbula,Green Tea,14302.93,10066.16,4.16,14898.11
2020,8,Dimbula,White Tea,7144.05,5148.22,8.6,7758.13
2020,8,Dimbula,Oolong,4698.84,3090.61,3.78,4876.45
2020,8,Kandy,CTC,24846.41,16384.33,5.35,26175.36
2020,8,Kandy,Orthodox,18852.55,13813.91,15.9,21849.57
2020,8,Kandy,Green Tea,15207.25,9778.08,8.54,16505.51
2020,8,Kandy,White Tea,6784.39,4744.14,8.37,7351.97
2020,8,Kandy,Oolong,4263.55,3215.49,10.96,4730.89
2020,9,Central Province,CTC,24596.89,18144.65,13.31,27871.33
2020,9,Central Province,Orthodox,19312.51,14751.29,6.8,20625.54
2020,9,Central Province,Green Tea,16522.43,10812.76,10.92,18326.3
2020,9,Central Province,White Tea,6740.44,4167.73,11.43,7511.04
2020,9,Central Province,Oolong,4909.66,3127.58,9.86,5393.85
2020,9,Uva Province,CTC,24653.97,18402.83,8.36,26714.75
2020,9,Uva Province,Orthodox,20453.7,15104.14,11.24,22753.18
2020,9,Uva Province,Green Tea,14870.01,10377.56,9.9,16341.97
2020,9,Uva Province,White Tea,7173.25,4563.01,8.62,7791.8
2020,9,Uva Province,Oolong,4873.19,2957.0,8.4,5282.61
2020,9,Sabaragamuwa,CTC,20977.32,16464.67,11.16,23318.28
2020,9,Sabaragamuwa,Orthodox,19913.73,15311.86,7.76,21458.78
2020,9,Sabaragamuwa,Green Tea,15090.64,9166.08,6.45,16064.27
2020,9,Sabaragamuwa,White Tea,6185.39,3860.38,9.5,6773.19
2020,9,Sabaragamuwa,Oolong,4484.46,2995.51,6.56,4778.81
2020,9,Southern Province,CTC,20670.65,13705.84,8.4,22408.01
2020,9,Southern Province,Orthodox,19090.38,12671.25,8.59,20730.18
2020,9,Southern Province,Green Tea,14204.27,10272.14,8.85,15461.22
2020,9,Southern Province,White Tea,6309.05,4970.36,11.2,7015.44
2020,9,Southern Province,Oolong,4444.98,3024.3,5.95,4709.44
2020,9,Nuwara Eliya,CTC,28845.85,22347.91,6.91,30839.53
2020,9,Nuwara Eliya,Orthodox,20141.94,15056.43,2.72,20690.64
2020,9,Nuwara Eliya,Green Tea,16463.49,11045.76,7.15,17641.39
2020,9,Nuwara Eliya,White Tea,7371.15,4767.08,4.85,7728.45
2020,9,Nuwara Eliya,Oolong,5165.43,3496.3,8.7,5614.96
2020,9,Dimbula,CTC,23787.47,18791.92,10.05,26177.6
2020,9,Dimbula,Orthodox,22414.28,17683.66,7.36,24063.53
2020,9,Dimbula,Green Tea,18222.94,11542.53,6.01,19317.83
2020,9,Dimbula,White Tea,7602.59,5485.63,9.48,8323.12
2020,9,Dimbula,Oolong,4631.99,2942.73,8.22,5012.82
2020,9,Kandy,CTC,23394.85,17684.56,6.33,24876.57
2020,9,Kandy,Orthodox,20016.13,15889.21,7.5,21516.47
2020,9,Kandy,Green Tea,16810.47,12426.37,6.29,17867.47
2020,9,Kandy,White Tea,7368.62,4751.94,6.87,7874.87
2020,9,Kandy,Oolong,4878.44,3505.59,3.45,5046.88
2020,10,Central Province,CTC,20022.08,15526.97,8.49,21722.78
2020,10,Central Province,Orthodox,17220.69,13393.39,6.84,18398.05
2020,10,Central Province,Green Tea,13954.17,9909.85,11.25,15524.13
2020,10,Central Province,White Tea,6214.53,4191.93,5.61,6562.86
2020,10,Central Province,Oolong,4364.78,3051.74,5.15,4589.47
2020,10,Uva Province,CTC,19341.14,14897.35,8.67,21018.28
2020,10,Uva Province,Orthodox,13939.51,10015.28,5.39,14690.76
2020,10,Uva Province,Green Tea,12589.92,9261.19,11.13,13991.49
2020,10,Uva Province,White Tea,5468.25,4241.86,9.39,5981.59
2020,10,Uva Province,Oolong,4088.27,3148.45,11.33,4551.32
2020,10,Sabaragamuwa,CTC,19191.48,14727.6,10.15,21138.46
2020,10,Sabaragamuwa,Orthodox,16841.23,12188.37,11.51,18779.3
2020,10,Sabaragamuwa,Green Tea,11829.63,9181.86,9.44,12946.55
2020,10,Sabaragamuwa,White Tea,5595.85,3732.56,8.44,6068.15
2020,10,Sabaragamuwa,Oolong,3632.3,2773.6,9.48,3976.82
2020,10,Southern Province,CTC,17790.53,10697.04,11.84,19896.11
2020,10,Southern Province,Orthodox,15717.66,12514.99,3.53,16272.78
2020,10,Southern Province,Green Tea,10762.12,7821.92,10.24,11864.03
2020,10,Southern Province,White Tea,5727.92,3559.3,8.64,6222.86
2020,10,Southern Province,Oolong,3597.3,2851.22,12.73,4055.32
2020,10,Nuwara Eliya,CTC,23271.56,18300.88,3.68,24126.91
2020,10,Nuwara Eliya,Orthodox,18236.88,12039.85,8.58,19802.02
2020,10,Nuwara Eliya,Green Tea,14005.38,10033.93,8.52,15199.19
2020,10,Nuwara Eliya,White Tea,6976.88,4249.96,3.43,7216.22
2020,10,Nuwara Eliya,Oolong,4469.56,2703.71,6.42,4756.62
2020,10,Dimbula,CTC,22986.69,16933.36,7.8,24780.29
2020,10,Dimbula,Orthodox,16579.17,13253.8,6.78,17703.33
2020,10,Dimbula,Green Tea,12853.47,8132.71,1.4,13033.87
2020,10,Dimbula,White Tea,6602.81,4253.23,10.96,7326.61
2020,10,Dimbula,Oolong,4315.57,3154.26,6.31,4587.79
2020,10,Kandy,CTC,20254.23,15974.98,4.56,21177.64
2020,10,Kandy,Orthodox,19017.17,12922.53,4.79,19928.04
2020,10,Kandy,Green Tea,13910.99,8986.38,7.38,14937.67
2020,10,Kandy,White Tea,5760.09,4451.81,12.33,6470.38
2020,10,Kandy,Oolong,4199.94,2675.8,7.91,4532.29
2020,11,Central Province,CTC,20139.3,15188.74,9.37,22026.4
2020,11,Central Province,Orthodox,17217.03,12486.55,9.82,18908.18
2020,11,Central Province,Green Tea,12996.46,9868.31,10.13,14312.61
2020,11,Central Province,White Tea,5633.88,3521.38,7.85,6076.18
2020,11,Central Province,Oolong,3826.07,2449.09,13.4,4338.88
2020,11,Uva Province,CTC,18113.25,12976.23,7.96,19554.54
2020,11,Uva Province,Orthodox,16660.53,11030.48,6.04,17667.18
2020,11,Uva Province,Green Tea,12057.22,7409.04,7.92,13012.62
2020,11,Uva Province,White Tea,5515.38,3971.1,0.73,5555.55
2020,11,Uva Province,Oolong,3954.52,3052.99,4.72,4141.14
2020,11,Sabaragamuwa,CTC,16958.42,10995.99,7.86,18290.82
2020,11,Sabaragamuwa,Orthodox,16966.17,12563.33,7.93,18311.96
2020,11,Sabaragamuwa,Green Tea,11455.03,7620.94,8.08,12380.67
2020,11,Sabaragamuwa,White Tea,5111.76,3425.52,8.11,5526.48
2020,11,Sabaragamuwa,Oolong,3385.51,2415.59,7.16,3627.8
2020,11,Southern Province,CTC,17662.14,11304.3,9.87,19405.39
2020,11,Southern Province,Orthodox,15306.42,9280.55,10.77,16955.52
2020,11,Southern Province,Green Tea,11930.61,9236.6,9.07,13013.16
2020,11,Southern Province,White Tea,5274.99,3523.11,9.91,5797.51
2020,11,Southern Province,Oolong,3385.28,2584.52,10.85,3752.59
2020,11,Nuwara Eliya,CTC,22947.23,16184.24,5.93,24308.56
2020,11,Nuwara Eliya,Orthodox,17345.0,10616.36,8.61,18839.04
2020,11,Nuwara Eliya,Green Tea,13073.35,10123.44,6.55,13929.44
2020,11,Nuwara Eliya,White Tea,5915.3,4483.44,6.41,6294.6
2020,11,Nuwara Eliya,Oolong,4152.94,2953.04,14.43,4752.07
2020,11,Dimbula,CTC,19253.64,15388.8,10.26,21229.06
2020,11,Dimbula,Orthodox,17199.22,11005.93,8.36,18637.09
2020,11,Dimbula,Green Tea,12797.73,7757.1,8.63,13902.79
2020,11,Dimbula,White Tea,5980.83,4627.1,2.99,6159.91
2020,11,Dimbula,Oolong,4227.6,2896.33,10.62,4676.55
2020,11,Kandy,CTC,18214.76,14526.82,3.61,18871.75
2020,11,Kandy,Orthodox,15205.42,11328.82,14.01,17334.98
2020,11,Kandy,Green Tea,13292.85,10370.29,7.88,14340.92
2020,11,Kandy,White Tea,5345.91,3840.88,6.28,5681.73
2020,11,Kandy,Oolong,4167.31,3111.41,12.14,4673.23
2020,12,Central Province,CTC,20646.45,16141.52,5.94,21873.5
2020,12,Central Province,Orthodox,16730.63,13288.79,5.99,17731.98
2020,12,Central Province,Green Tea,13369.0,9337.65,7.13,14321.61
2020,12,Central Province,White Tea,6237.04,4297.7,6.89,6666.65
2020,12,Central Province,Oolong,3595.75,2583.87,8.71,3908.78
2020,12,Uva Province,CTC,18879.55,14988.14,4.64,19755.75
2020,12,Uva Province,Orthodox,17003.51,11307.98,4.26,17728.32
2020,12,Uva Province,Green Tea,12205.93,9691.07,9.04,13309.29
2020,12,Uva Province,White Tea,5319.65,3269.98,7.18,5701.75
2020,12,Uva Province,Oolong,3860.37,2576.41,4.15,4020.62
2020,12,Sabaragamuwa,CTC,17979.87,11682.3,11.7,20083.71
2020,12,Sabaragamuwa,Orthodox,16645.46,10543.37,10.55,18401.66
2020,12,Sabaragamuwa,Green Tea,12341.89,8576.7,11.67,13781.88
2020,12,Sabaragamuwa,White Tea,5569.16,3993.48,9.29,6086.54
2020,12,Sabaragamuwa,Oolong,3587.95,2233.08,9.14,3915.86
2020,12,Southern Province,CTC,17142.41,12106.55,7.89,18494.66
2020,12,Southern Province,Orthodox,14527.68,11430.01,4.9,15238.83
2020,12,Southern Province,Green Tea,11226.57,6829.28,2.01,11451.7
2020,12,Southern Province,White Tea,5197.16,4020.44,9.36,5683.49
2020,12,Southern Province,Oolong,3612.5,2520.69,-0.69,3587.62
2020,12,Nuwara Eliya,CTC,20326.33,12317.65,9.21,22198.42
2020,12,Nuwara Eliya,Orthodox,19065.12,12208.75,4.88,19995.55
2020,12,Nuwara Eliya,Green Tea,14004.82,9645.82,6.05,14851.82
2020,12,Nuwara Eliya,White Tea,6314.81,4663.65,8.65,6861.19
2020,12,Nuwara Eliya,Oolong,4243.84,3070.71,14.01,4838.41
2020,12,Dimbula,CTC,20852.38,12638.16,11.15,23177.83
2020,12,Dimbula,Orthodox,17721.43,13030.61,9.35,19377.97
2020,12,Dimbula,Green Tea,13847.68,9399.43,4.57,14480.66
2020,12,Dimbula,White Tea,5954.49,4356.12,8.89,6483.84
2020,12,Dimbula,Oolong,4115.72,3186.19,8.99,4485.57
2020,12,Kandy,CTC,20172.99,15083.14,12.31,22655.39
2020,12,Kandy,Orthodox,16654.1,11081.75,10.89,18468.1
2020,12,Kandy,Green Tea,13567.77,10209.16,9.71,14885.18
2020,12,Kandy,White Tea,5862.03,4476.05,12.13,6572.92
2020,12,Kandy,Oolong,3990.94,2399.16,4.91,4187.06
2021,1,Central Province,CTC,24630.61,16729.96,3.68,25536.98
2021,1,Central Province,Orthodox,21169.82,14601.65,12.66,23849.43
2021,1,Central Province,Green Tea,16397.2,10583.64,4.03,17058.13
2021,1,Central Province,White Tea,7884.03,5784.06,5.9,8349.16
2021,1,Central Province,Oolong,5032.47,3401.74,14.76,5775.13
2021,1,Uva Province,CTC,24829.26,17277.1,11.38,27654.42
2021,1,Uva Province,Orthodox,19580.63,14020.41,3.06,20180.54
2021,1,Uva Province,Green Tea,17964.97,13527.21,10.18,19792.99
2021,1,Uva Province,White Tea,7647.67,6050.11,10.56,8455.28
2021,1,Uva Province,Oolong,4888.66,3839.58,9.18,5337.25
2021,1,Sabaragamuwa,CTC,22568.96,15734.5,7.16,24184.44
2021,1,Sabaragamuwa,Orthodox,19067.39,12612.27,5.05,20029.75
2021,1,Sabaragamuwa,Green Tea,15381.63,10186.67,12.18,17254.5
2021,1,Sabaragamuwa,White Tea,7568.73,4953.92,10.32,8349.77
2021,1,Sabaragamuwa,Oolong,4460.2,2837.71,7.33,4786.95
2021,1,Southern Province,CTC,21076.75,14859.8,9.65,23111.32
2021,1,Southern Province,Orthodox,18261.51,13028.9,8.96,19897.62
2021,1,Southern Province,Green Tea,15403.57,10937.23,7.77,16601.13
2021,1,Southern Province,White Tea,6686.65,5284.33,6.71,7135.44
2021,1,Southern Province,Oolong,4697.19,3648.97,9.15,5127.08
2021,1,Nuwara Eliya,CTC,26401.56,19067.1,6.01,27988.63
2021,1,Nuwara Eliya,Orthodox,24594.3,19183.67,7.1,26339.83
2021,1,Nuwara Eliya,Green Tea,16679.15,12611.19,5.92,17666.77
2021,1,Nuwara Eliya,White Tea,8538.12,5846.46,6.32,9077.61
2021,1,Nuwara Eliya,Oolong,5288.11,3832.67,8.84,5755.42
2021,1,Dimbula,CTC,29534.16,18712.93,4.29,30800.16
2021,1,Dimbula,Orthodox,23309.1,14995.86,9.24,25463.19
2021,1,Dimbula,Green Tea,18334.98,13005.73,12.87,20694.73
2021,1,Dimbula,White Tea,7751.78,5572.72,3.89,8053.37
2021,1,Dimbula,Oolong,5399.6,3387.1,7.99,5831.23
2021,1,Kandy,CTC,24511.62,16806.14,12.92,27677.87
2021,1,Kandy,Orthodox,22766.87,18173.68,11.31,25342.29
2021,1,Kandy,Green Tea,17071.83,11179.18,12.89,19271.56
2021,1,Kandy,White Tea,7239.67,4857.82,5.87,7664.36
2021,1,Kandy,Oolong,5116.27,3138.95,5.69,5407.39
2021,2,Central Province,CTC,24151.03,17098.99,10.1,26591.28
2021,2,Central Province,Orthodox,21537.62,15218.3,10.5,23799.2
2021,2,Central Province,Green Tea,15251.98,11193.39,4.3,15907.75
2021,2,Central Province,White Tea,8103.16,5615.82,9.26,8853.27
2021,2,Central Province,Oolong,5009.24,3964.94,5.96,5307.65
2021,2,Uva Province,CTC,24317.58,15567.79,5.24,25591.33
2021,2,Uva Province,Orthodox,19206.94,13254.21,8.24,20790.33
2021,2,Uva Province,Green Tea,14825.75,10867.01,11.71,16561.59
2021,2,Uva Province,White Tea,6914.27,4359.33,3.78,7175.53
2021,2,Uva Province,Oolong,5023.2,3537.29,8.43,5446.41
2021,2,Sabaragamuwa,CTC,21593.07,16217.56,8.68,23466.49
2021,2,Sabaragamuwa,Orthodox,19195.71,14519.74,7.54,20643.56
2021,2,Sabaragamuwa,Green Tea,13801.16,9274.75,5.33,14536.86
2021,2,Sabaragamuwa,White Tea,6112.14,4152.56,9.52,6694.25
2021,2,Sabaragamuwa,Oolong,4970.29,3494.79,4.61,5199.2
2021,2,Southern Province,CTC,21180.67,16911.32,10.52,23407.92
2021,2,Southern Province,Orthodox,17662.5,13884.83,9.39,19321.35
2021,2,Southern Province,Green Tea,13827.96,9349.43,7.7,14893.17
2021,2,Southern Province,White Tea,6536.78,4320.39,9.8,7177.31
2021,2,Southern Province,Oolong,4200.35,2665.98,5.73,4441.15
2021,2,Nuwara Eliya,CTC,24815.82,19731.61,11.94,27778.63
2021,2,Nuwara Eliya,Orthodox,23454.32,14694.25,9.42,25664.68
2021,2,Nuwara Eliya,Green Tea,19108.62,14388.06,7.1,20465.25
2021,2,Nuwara Eliya,White Tea,7855.75,5339.81,4.06,8175.05
2021,2,Nuwara Eliya,Oolong,5137.17,3152.35,5.02,5395.22
2021,2,Dimbula,CTC,25496.53,20222.94,9.59,27941.42
2021,2,Dimbula,Orthodox,19663.26,13788.44,6.06,20854.94
2021,2,Dimbula,Green Tea,15749.77,11468.43,7.57,16941.67
2021,2,Dimbula,White Tea,7833.34,5718.65,4.15,8158.62
2021,2,Dimbula,Oolong,5030.64,3076.9,12.47,5658.07
2021,2,Kandy,CTC,23739.05,14819.74,6.77,25345.52
2021,2,Kandy,Orthodox,20126.54,14862.09,7.09,21554.04
2021,2,Kandy,Green Tea,15890.32,12701.75,5.81,16814.15
2021,2,Kandy,White Tea,7488.34,4951.67,11.57,8354.89
2021,2,Kandy,Oolong,5007.52,3431.23,14.87,5751.94
2021,3,Central Province,CTC,22800.23,15357.14,7.33,24470.51
2021,3,Central Province,Orthodox,22058.12,16471.3,7.05,23613.22
2021,3,Central Province,Green Tea,15448.78,9328.57,0.23,15483.83
2021,3,Central Province,White Tea,7658.68,4805.22,5.61,8088.38
2021,3,Central Province,Oolong,4532.63,2730.57,8.55,4920.17
2021,3,Uva Province,CTC,22093.55,15677.41,7.91,23840.53
2021,3,Uva Province,Orthodox,20944.11,12977.31,7.52,22520.03
2021,3,Uva Province,Green Tea,14210.48,9449.05,7.88,15330.23
2021,3,Uva Province,White Tea,6914.44,4668.47,13.14,7822.65
2021,3,Uva Province,Oolong,4446.44,3365.97,1.17,4498.51
2021,3,Sabaragamuwa,CTC,21288.69,15703.11,11.12,23655.93
2021,3,Sabaragamuwa,Orthodox,17224.76,13231.62,6.78,18392.57
2021,3,Sabaragamuwa,Green Tea,15860.85,11608.09,6.18,16841.51
2021,3,Sabaragamuwa,White Tea,6699.02,4841.96,10.4,7395.62
2021,3,Sabaragamuwa,Oolong,4412.15,2779.81,5.74,4665.4
2021,3,Southern Province,CTC,20894.08,15379.0,13.17,23645.08
2021,3,Southern Province,Orthodox,17358.62,10662.56,8.55,18843.49
2021,3,Southern Province,Green Tea,12978.69,8556.94,11.9,14522.69
2021,3,Southern Province,White Tea,6615.13,4844.09,6.03,7013.97
2021,3,Southern Province,Oolong,4066.47,2519.91,6.69,4338.6
2021,3,Nuwara Eliya,CTC,27219.86,17774.82,10.16,29984.54
2021,3,Nuwara Eliya,Orthodox,22505.02,15222.12,11.93,25190.65
2021,3,Nuwara Eliya,Green Tea,16433.2,11881.25,7.25,17624.2
2021,3,Nuwara Eliya,White Tea,7956.27,5617.61,11.67,8885.07
2021,3,Nuwara Eliya,Oolong,4973.93,3959.22,10.78,5510.29
2021,3,Dimbula,CTC,26779.03,20073.95,13.4,30366.84
2021,3,Dimbula,Orthodox,21788.99,13631.61,11.22,24233.18
2021,3,Dimbula,Green Tea,16677.2,10755.51,7.37,17906.12
2021,3,Dimbula,White Tea,7097.46,4882.21,2.1,7246.58
2021,3,Dimbula,Oolong,5137.09,3329.55,8.44,5570.82
2021,3,Kandy,CTC,23718.02,18438.04,7.17,25418.5
2021,3,Kandy,Orthodox,19019.43,14515.42,10.74,21061.92
2021,3,Kandy,Green Tea,15458.91,11609.77,8.85,16826.67
2021,3,Kandy,White Tea,7631.64,5690.9,7.58,8210.11
2021,3,Kandy,Oolong,4955.65,3149.24,11.52,5526.56
2021,4,Central Province,CTC,21187.3,16684.52,8.09,22901.55
2021,4,Central Province,Orthodox,18074.25,13800.72,6.05,19167.0
2021,4,Central Province,Green Tea,13571.33,10424.69,3.52,14049.61
2021,4,Central Province,White Tea,6350.73,4560.27,13.11,7183.1
2021,4,Central Province,Oolong,3773.51,2690.53,8.24,4084.27
2021,4,Uva Province,CTC,20550.83,14945.76,9.14,22429.89
2021,4,Uva Province,Orthodox,16310.25,11291.78,9.43,17849.01
2021,4,Uva Province,Green Tea,12738.61,9681.52,5.45,13432.66
2021,4,Uva Province,White Tea,6018.89,4493.79,3.8,6247.51
2021,4,Uva Province,Oolong,3724.13,2499.17,9.33,4071.73
2021,4,Sabaragamuwa,CTC,19023.26,11433.85,12.36,21375.38
2021,4,Sabaragamuwa,Orthodox,15322.23,12129.3,9.94,16846.0
2021,4,Sabaragamuwa,Green Tea,11311.52,7123.74,4.68,11841.02
2021,4,Sabaragamuwa,White Tea,5832.05,4661.36,6.88,6233.38
2021,4,Sabaragamuwa,Oolong,3599.17,2679.27,1.72,3660.99
2021,4,Southern Province,CTC,17919.19,12154.68,10.8,19854.07
2021,4,Southern Province,Orthodox,16328.14,9807.39,5.75,17266.57
2021,4,Southern Province,Green Tea,10639.45,8073.63,11.79,11893.6
2021,4,Southern Province,White Tea,5364.18,3734.51,5.49,5658.82
2021,4,Southern Province,Oolong,3444.04,2465.92,8.55,3738.63
2021,4,Nuwara Eliya,CTC,23926.73,17243.93,13.66,27195.08
2021,4,Nuwara Eliya,Orthodox,19558.82,12790.77,9.78,21471.2
2021,4,Nuwara Eliya,Green Tea,14223.2,8753.13,11.94,15921.06
2021,4,Nuwara Eliya,White Tea,6510.99,4928.68,6.64,6943.34
2021,4,Nuwara Eliya,Oolong,4585.39,3225.61,10.05,5046.04
2021,4,Dimbula,CTC,20050.29,13346.25,7.42,21537.83
2021,4,Dimbula,Orthodox,17312.45,11151.33,7.59,18627.2
2021,4,Dimbula,Green Tea,14867.62,11889.18,9.89,16338.38
2021,4,Dimbula,White Tea,6439.8,4406.43,9.73,7066.41
2021,4,Dimbula,Oolong,4512.47,2814.28,9.75,4952.27
2021,4,Kandy,CTC,21602.35,14619.75,7.09,23133.38
2021,4,Kandy,Orthodox,19002.08,12102.33,12.63,21401.99
2021,4,Kandy,Green Tea,12342.9,7470.41,4.48,12895.44
2021,4,Kandy,White Tea,6172.25,4072.11,2.69,6338.57
2021,4,Kandy,Oolong,4297.09,3301.83,7.42,4615.72
2021,5,Central Province,CTC,20452.88,14145.98,6.4,21762.25
2021,5,Central Province,Orthodox,16007.78,9862.72,7.85,17263.6
2021,5,Central Province,Green Tea,12943.69,8897.1,13.32,14667.37
2021,5,Central Province,White Tea,6251.49,3949.58,10.33,6897.54
2021,5,Central Province,Oolong,3789.07,2842.85,8.91,4126.51
2021,5,Uva Province,CTC,19278.57,11833.03,8.36,20891.13
2021,5,Uva Province,Orthodox,16021.56,10451.52,7.39,17205.39
2021,5,Uva Province,Green Tea,12532.02,8144.68,7.34,13451.45
2021,5,Uva Province,White Tea,5942.73,4100.17,5.59,6274.95
2021,5,Uva Province,Oolong,3689.09,2259.68,7.96,3982.67
2021,5,Sabaragamuwa,CTC,15771.36,10558.43,10.65,17451.35
2021,5,Sabaragamuwa,Orthodox,15443.17,10996.05,8.26,16719.08
2021,5,Sabaragamuwa,Green Tea,10753.98,8024.24,6.41,11443.62
2021,5,Sabaragamuwa,White Tea,5085.1,3626.01,9.7,5578.41
2021,5,Sabaragamuwa,Oolong,3673.05,2650.86,7.89,3962.97
2021,5,Southern Province,CTC,16264.56,10250.73,7.05,17411.89
2021,5,Southern Province,Orthodox,13878.06,10687.81,5.57,14650.96
2021,5,Southern Province,Green Tea,11577.8,7212.43,15.99,13429.03
2021,5,Southern Province,White Tea,5193.93,3186.65,10.08,5717.44
2021,5,Southern Province,Oolong,3454.26,2129.01,13.43,3918.32
2021,5,Nuwara Eliya,CTC,19815.43,12546.23,-0.76,19664.03
2021,5,Nuwara Eliya,Orthodox,17398.17,11871.69,14.03,19839.14
2021,5,Nuwara Eliya,Green Tea,14030.92,8593.3,14.17,16019.45
2021,5,Nuwara Eliya,White Tea,6720.18,4649.34,8.17,7269.28
2021,5,Nuwara Eliya,Oolong,4052.32,2564.88,5.6,4279.35
2021,5,Dimbula,CTC,21521.28,15148.34,5.69,22746.9
2021,5,Dimbula,Orthodox,17567.95,13631.26,7.24,18840.39
2021,5,Dimbula,Green Tea,12982.46,8961.12,9.53,14220.24
2021,5,Dimbula,White Tea,6371.32,4509.24,7.77,6866.14
2021,5,Dimbula,Oolong,3869.93,2830.3,7.98,4178.9
2021,5,Kandy,CTC,19125.39,14442.01,11.45,21314.36
2021,5,Kandy,Orthodox,15090.17,11446.96,8.6,16388.22
2021,5,Kandy,Green Tea,13892.05,10552.16,11.24,15453.53
2021,5,Kandy,White Tea,6086.95,4301.08,7.42,6538.88
2021,5,Kandy,Oolong,4003.12,3036.98,5.46,4221.73
2021,6,Central Province,CTC,20064.0,15674.57,6.72,21411.64
2021,6,Central Province,Orthodox,16097.81,10251.81,6.79,17190.69
2021,6,Central Province,Green Tea,12706.18,8010.24,10.28,14012.72
2021,6,Central Province,White Tea,6374.19,3930.92,4.8,6679.99
2021,6,Central Province,Oolong,3889.09,2726.41,8.72,4228.36
2021,6,Uva Province,CTC,18225.09,14522.15,9.36,19930.43
2021,6,Uva Province,Orthodox,16446.58,10413.83,12.3,18469.03
2021,6,Uva Province,Green Tea,11782.38,7451.72,10.96,13073.39
2021,6,Uva Province,White Tea,5498.37,3878.99,7.2,5894.21
2021,6,Uva Province,Oolong,3765.65,2319.19,8.98,4103.71
2021,6,Sabaragamuwa,CTC,16636.85,12837.58,9.79,18265.48
2021,6,Sabaragamuwa,Orthodox,14858.78,11025.93,11.95,16634.81
2021,6,Sabaragamuwa,Green Tea,11096.61,8481.44,2.13,11333.43
2021,6,Sabaragamuwa,White Tea,4648.74,3248.74,6.18,4935.87
2021,6,Sabaragamuwa,Oolong,3380.59,2145.84,10.98,3751.71
2021,6,Southern Province,CTC,17059.98,10579.36,9.64,18704.59
2021,6,Southern Province,Orthodox,13522.75,9054.67,6.77,14437.95
2021,6,Southern Province,Green Tea,11501.22,8398.53,7.03,12310.11
2021,6,Southern Province,White Tea,4538.66,3487.0,11.73,5071.11
2021,6,Southern Province,Oolong,3340.47,2427.95,7.93,3605.28
2021,6,Nuwara Eliya,CTC,20600.66,13699.87,5.63,21760.43
2021,6,Nuwara Eliya,Orthodox,16791.09,10661.95,8.6,18235.71
2021,6,Nuwara Eliya,Green Tea,12881.36,9885.26,9.57,14114.47
2021,6,Nuwara Eliya,White Tea,6331.53,4677.93,3.96,6582.39
2021,6,Nuwara Eliya,Oolong,3653.25,2347.32,8.38,3959.3
2021,6,Dimbula,CTC,20151.04,15601.76,8.54,21871.68
2021,6,Dimbula,Orthodox,17303.48,12683.4,10.0,19034.24
2021,6,Dimbula,Green Tea,13031.71,9567.19,7.28,13979.93
2021,6,Dimbula,White Tea,5609.1,3866.98,8.45,6083.09
2021,6,Dimbula,Oolong,4146.74,2941.41,7.64,4463.51
2021,6,Kandy,CTC,19114.5,11891.97,7.81,20607.28
2021,6,Kandy,Orthodox,15614.96,11679.69,7.73,16821.75
2021,6,Kandy,Green Tea,12133.15,9362.77,9.27,13257.3
2021,6,Kandy,White Tea,5808.01,4360.61,7.22,6227.43
2021,6,Kandy,Oolong,3942.9,2587.74,6.42,4196.02
2021,7,Central Province,CTC,24229.94,15005.77,13.51,27504.51
2021,7,Central Province,Orthodox,18317.73,13182.75,7.11,19620.34
2021,7,Central Province,Green Tea,14650.67,10968.05,4.8,15353.4
2021,7,Central Province,White Tea,7290.76,5239.47,10.7,8070.69
2021,7,Central Province,Oolong,4733.75,3592.52,7.49,5088.47
2021,7,Uva Province,CTC,22697.29,18137.12,6.6,24195.02
2021,7,Uva Province,Orthodox,19280.14,11813.49,11.49,21494.59
2021,7,Uva Province,Green Tea,14947.48,9312.08,11.49,16665.02
2021,7,Uva Province,White Tea,7111.65,5517.18,9.5,7787.49
2021,7,Uva Province,Oolong,4668.33,3202.88,16.06,5418.19
2021,7,Sabaragamuwa,CTC,20713.39,15633.97,2.51,21232.9
2021,7,Sabaragamuwa,Orthodox,19007.8,13090.21,8.69,20659.58
2021,7,Sabaragamuwa,Green Tea,15040.96,10804.52,11.94,16837.57
2021,7,Sabaragamuwa,White Tea,6098.27,4283.87,10.35,6729.36
2021,7,Sabaragamuwa,Oolong,4230.05,2950.6,5.47,4461.44
2021,7,Southern Province,CTC,20653.04,14872.88,8.43,22394.09
2021,7,Southern Province,Orthodox,17227.92,12521.61,13.09,19482.22
2021,7,Southern Province,Green Tea,13076.27,8792.1,7.45,14050.05
2021,7,Southern Province,White Tea,5881.63,3693.69,7.89,6345.62
2021,7,Southern Province,Oolong,4000.28,2557.06,1.8,4072.14
2021,7,Nuwara Eliya,CTC,23103.05,14818.27,10.28,25478.09
2021,7,Nuwara Eliya,Orthodox,21017.66,12642.81,8.02,22703.4
2021,7,Nuwara Eliya,Green Tea,15987.66,12158.89,5.74,16905.92
2021,7,Nuwara Eliya,White Tea,7674.72,5055.32,16.19,8917.46
2021,7,Nuwara Eliya,Oolong,4956.52,3060.25,10.01,5452.87
2021,7,Dimbula,CTC,23193.48,15517.47,8.81,25235.9
2021,7,Dimbula,Orthodox,21738.35,15188.79,8.06,23491.32
2021,7,Dimbula,Green Tea,15459.96,10496.01,6.04,16393.95
2021,7,Dimbula,White Tea,6624.26,5177.0,3.25,6839.38
2021,7,Dimbula,Oolong,5041.13,3336.6,12.59,5676.01
2021,7,Kandy,CTC,22753.96,14824.69,8.44,24674.48
2021,7,Kandy,Orthodox,19963.13,14719.17,6.16,21192.0
2021,7,Kandy,Green Tea,14952.65,10335.98,5.33,15749.09
2021,7,Kandy,White Tea,6684.51,4570.8,7.08,7157.73
2021,7,Kandy,Oolong,4632.82,2853.99,8.23,5014.13
2021,8,Central Province,CTC,25099.21,18415.66,7.5,26980.42
2021,8,Central Province,Orthodox,19667.76,14135.85,12.23,22073.68
2021,8,Central Province,Green Tea,16071.74,12451.42,10.28,17723.4
2021,8,Central Province,White Tea,7117.02,5554.77,9.08,7763.57
2021,8,Central Province,Oolong,4908.84,3084.85,5.77,5191.87
2021,8,Uva Province,CTC,23210.53,15295.93,7.38,24922.46
2021,8,Uva Province,Orthodox,22408.0,13640.82,6.54,23874.16
2021,8,Uva Province,Green Tea,15232.74,10185.12,4.92,15981.73
2021,8,Uva Province,White Tea,7273.08,5593.88,11.86,8135.81
2021,8,Uva Province,Oolong,4499.59,3305.37,13.33,5099.2
2021,8,Sabaragamuwa,CTC,20986.08,15903.19,4.72,21975.83
2021,8,Sabaragamuwa,Orthodox,20025.16,15308.92,7.25,21476.95
2021,8,Sabaragamuwa,Green Tea,13014.27,9323.94,5.92,13784.78
2021,8,Sabaragamuwa,White Tea,7038.59,5216.42,3.01,7250.63
2021,8,Sabaragamuwa,Oolong,4187.76,2652.41,12.45,4708.97
2021,8,Southern Province,CTC,19651.84,15289.52,7.36,21097.28
2021,8,Southern Province,Orthodox,16828.99,10183.04,6.71,17958.13
2021,8,Southern Province,Green Tea,14407.07,9625.66,12.19,16162.87
2021,8,Southern Province,White Tea,6193.57,4101.65,5.86,6556.44
2021,8,Southern Province,Oolong,4361.08,2934.65,12.85,4921.34
2021,8,Nuwara Eliya,CTC,28126.54,17666.58,6.61,29986.74
2021,8,Nuwara Eliya,Orthodox,21324.49,14950.41,7.96,23021.21
2021,8,Nuwara Eliya,Green Tea,16617.4,10100.04,9.23,18150.81
2021,8,Nuwara Eliya,White Tea,7674.87,4850.56,6.89,8203.67
2021,8,Nuwara Eliya,Oolong,4675.78,3647.19,6.94,5000.05
2021,8,Dimbula,CTC,25832.13,18614.34,7.0,27640.01
2021,8,Dimbula,Orthodox,19584.49,13083.96,3.54,20278.01
2021,8,Dimbula,Green Tea,15256.87,10843.7,8.43,16542.84
2021,8,Dimbula,White Tea,8077.59,6193.33,8.75,8784.49
2021,8,Dimbula,Oolong,4542.87,2961.34,6.37,4832.34
2021,8,Kandy,CTC,22470.65,17825.59,5.4,23685.16
2021,8,Kandy,Orthodox,18368.36,13153.46,10.24,20249.96
2021,8,Kandy,Green Tea,15455.21,11208.85,4.68,16177.82
2021,8,Kandy,White Tea,6284.73,5020.05,7.14,6733.59
2021,8,Kandy,Oolong,4866.67,3474.19,10.7,5387.32
2021,9,Central Province,CTC,23818.95,16173.72,9.49,26079.39
2021,9,Central Province,Orthodox,21539.81,15263.21,6.3,22896.14
2021,9,Central Province,Green Tea,16705.77,11805.59,9.4,18276.63
2021,9,Central Province,White Tea,7476.04,5673.14,8.84,8136.95
2021,9,Central Province,Oolong,5233.59,4128.3,6.89,5594.25
2021,9,Uva Province,CTC,23960.01,19076.9,4.48,25033.95
2021,9,Uva Province,Orthodox,21647.55,15537.45,7.85,23345.98
2021,9,Uva Province,Green Tea,14536.98,9313.04,5.47,15332.41
2021,9,Uva Province,White Tea,7017.65,4928.18,12.12,7868.42
2021,9,Uva Province,Oolong,5476.87,4234.25,7.19,5870.7
2021,9,Sabaragamuwa,CTC,22778.59,17437.09,8.86,24796.01
2021,9,Sabaragamuwa,Orthodox,19817.66,15679.92,12.48,22290.06
2021,9,Sabaragamuwa,Green Tea,14700.34,11330.91,7.55,15809.65
2021,9,Sabaragamuwa,White Tea,7251.81,5646.39,7.39,7787.48
2021,9,Sabaragamuwa,Oolong,4703.83,3411.78,-0.82,4665.21
2021,9,Southern Province,CTC,23683.24,17633.15,7.28,25406.38
2021,9,Southern Province,Orthodox,17627.88,11632.27,9.22,19253.37
2021,9,Southern Province,Green Tea,14825.04,9721.55,6.41,15774.63
2021,9,Southern Province,White Tea,6780.11,4467.58,9.54,7426.89
2021,9,Southern Province,Oolong,4425.57,2781.78,10.15,4874.63
2021,9,Nuwara Eliya,CTC,27714.63,20279.02,10.26,30558.95
2021,9,Nuwara Eliya,Orthodox,23312.91,16848.73,9.35,25492.43
2021,9,Nuwara Eliya,Green Tea,17298.33,10647.64,5.35,18224.55
2021,9,Nuwara Eliya,White Tea,7338.8,4500.16,3.1,7566.47
2021,9,Nuwara Eliya,Oolong,5118.47,3898.46,7.08,5480.66
2021,9,Dimbula,CTC,25925.86,17108.82,9.83,28473.29
2021,9,Dimbula,Orthodox,22005.09,16699.73,5.55,23226.1
2021,9,Dimbula,Green Tea,16675.64,10248.52,8.25,18050.97
2021,9,Dimbula,White Tea,7141.82,4617.02,5.71,7549.75
2021,9,Dimbula,Oolong,5403.33,4246.18,6.11,5733.49
2021,9,Kandy,CTC,25903.13,17207.43,7.42,27824.76
2021,9,Kandy,Orthodox,19512.19,14206.73,7.6,20995.59
2021,9,Kandy,Green Tea,16215.0,10889.39,8.83,17647.13
2021,9,Kandy,White Tea,7142.63,5555.05,9.01,7785.83
2021,9,Kandy,Oolong,4223.32,3028.85,8.55,4584.48
2021,10,Central Province,CTC,20828.54,15340.71,8.57,22612.98
2021,10,Central Province,Orthodox,19036.38,14553.45,5.08,20003.31
2021,10,Central Province,Green Tea,14158.07,9967.76,12.11,15872.49
2021,10,Central Province,White Tea,6584.81,4308.32,6.47,7011.06
2021,10,Central Province,Oolong,3910.74,2451.12,7.92,4220.3
2021,10,Uva Province,CTC,19914.75,14930.67,8.46,21598.96
2021,10,Uva Province,Orthodox,16838.8,11033.35,8.05,18193.67
2021,10,Uva Province,Green Tea,13074.99,10039.86,8.47,14181.86
2021,10,Uva Province,White Tea,5871.86,3642.77,11.38,6539.88
2021,10,Uva Province,Oolong,3814.89,2931.91,5.54,4026.32
2021,10,Sabaragamuwa,CTC,20369.58,15855.16,6.01,21593.55
2021,10,Sabaragamuwa,Orthodox,17168.79,11596.89,7.59,18471.54
2021,10,Sabaragamuwa,Green Tea,12552.02,8504.37,13.95,14302.41
2021,10,Sabaragamuwa,White Tea,6225.76,3740.89,10.78,6896.81
2021,10,Sabaragamuwa,Oolong,3976.04,2915.54,5.55,4196.74
2021,10,Southern Province,CTC,18379.06,12123.02,8.59,19958.18
2021,10,Southern Province,Orthodox,15711.36,11450.91,7.15,16834.08
2021,10,Southern Province,Green Tea,11810.74,9346.55,6.65,12596.09
2021,10,Southern Province,White Tea,4711.95,3258.5,8.05,5091.29
2021,10,Southern Province,Oolong,3558.85,2398.53,4.34,3713.23
2021,10,Nuwara Eliya,CTC,23999.24,18481.09,7.04,25688.73
2021,10,Nuwara Eliya,Orthodox,19810.57,13757.57,4.58,20718.58
2021,10,Nuwara Eliya,Green Tea,14491.61,10659.49,9.1,15809.68
2021,10,Nuwara Eliya,White Tea,6254.2,3923.39,10.45,6908.0
2021,10,Nuwara Eliya,Oolong,4808.77,3188.82,10.43,5310.33
2021,10,Dimbula,CTC,20651.71,15336.82,12.93,23321.57
2021,10,Dimbula,Orthodox,18843.36,12389.17,7.56,20267.03
2021,10,Dimbula,Green Tea,13884.11,8640.12,7.51,14927.03
2021,10,Dimbula,White Tea,6012.9,4612.47,8.36,6515.4
2021,10,Dimbula,Oolong,4341.31,3032.72,5.02,4559.11
2021,10,Kandy,CTC,21918.15,15759.72,0.77,22086.99
2021,10,Kandy,Orthodox,17914.72,14201.0,7.21,19206.61
2021,10,Kandy,Green Tea,15096.25,9999.34,8.65,16401.91
2021,10,Kandy,White Tea,6555.32,4616.64,10.15,7220.98
2021,10,Kandy,Oolong,4169.15,2722.94,8.58,4526.72
2021,11,Central Province,CTC,20497.86,13725.76,12.65,23090.24
2021,11,Central Province,Orthodox,18191.82,14459.57,3.95,18909.61
2021,11,Central Province,Green Tea,13370.99,10109.48,8.73,14538.53
2021,11,Central Province,White Tea,5422.71,3582.15,5.19,5704.22
2021,11,Central Province,Oolong,4057.74,3041.23,3.07,4182.33
2021,11,Uva Province,CTC,18701.0,14802.93,7.88,20173.98
2021,11,Uva Province,Orthodox,16485.35,13065.53,8.69,17918.28
2021,11,Uva Province,Green Tea,12463.76,8040.07,6.05,13217.81
2021,11,Uva Province,White Tea,5703.25,4131.91,7.05,6105.15
2021,11,Uva Province,Oolong,3951.05,2486.76,12.24,4434.62
2021,11,Sabaragamuwa,CTC,18811.83,12747.52,11.42,20960.23
2021,11,Sabaragamuwa,Orthodox,14688.71,9827.31,10.55,16237.74
2021,11,Sabaragamuwa,Green Tea,11790.89,8182.85,9.4,12899.13
2021,11,Sabaragamuwa,White Tea,5597.25,3427.99,9.86,6149.13
2021,11,Sabaragamuwa,Oolong,3517.63,2205.05,14.27,4019.55
2021,11,Southern Province,CTC,17367.72,11260.86,9.75,19061.71
2021,11,Southern Province,Orthodox,16225.52,9982.72,8.02,17526.87
2021,11,Southern Province,Green Tea,11741.79,8124.53,6.15,12463.57
2021,11,Southern Province,White Tea,4625.33,2815.81,12.6,5208.14
2021,11,Southern Province,Oolong,3432.18,2202.9,4.3,3579.89
2021,11,Nuwara Eliya,CTC,20954.11,16598.29,9.77,23000.42
2021,11,Nuwara Eliya,Orthodox,18245.29,11894.26,9.0,19886.56
2021,11,Nuwara Eliya,Green Tea,15327.71,9420.66,3.91,15927.1
2021,11,Nuwara Eliya,White Tea,6476.38,4132.07,8.12,7002.53
2021,11,Nuwara Eliya,Oolong,4373.94,3286.85,8.06,4726.37
2021,11,Dimbula,CTC,20713.59,15403.99,4.27,21598.06
2021,11,Dimbula,Orthodox,18317.92,13432.9,4.12,19072.65
2021,11,Dimbula,Green Tea,13678.17,10317.79,4.39,14278.73
2021,11,Dimbula,White Tea,6142.88,3696.83,8.0,6634.18
2021,11,Dimbula,Oolong,4289.03,2769.58,7.38,4605.46
2021,11,Kandy,CTC,18736.58,12447.35,9.81,20575.3
2021,11,Kandy,Orthodox,17387.06,10763.98,10.14,19150.51
2021,11,Kandy,Green Tea,12707.31,8846.55,7.8,13698.68
2021,11,Kandy,White Tea,5757.15,3786.92,9.02,6276.27
2021,11,Kandy,Oolong,4145.96,3311.17,7.46,4455.1
2021,12,Central Province,CTC,19446.15,14601.2,3.19,20066.52
2021,12,Central Province,Orthodox,16066.35,12170.42,11.02,17837.27
2021,12,Central Province,Green Tea,13826.08,9287.2,3.26,14276.97
2021,12,Central Province,White Tea,5875.42,3750.39,10.19,6474.26
2021,12,Central Province,Oolong,3851.26,2340.74,8.1,4163.12
2021,12,Uva Province,CTC,19401.78,15329.18,10.06,21353.39
2021,12,Uva Province,Orthodox,15537.68,11125.25,13.95,17705.21
2021,12,Uva Province,Green Tea,13914.08,9134.58,8.31,15070.76
2021,12,Uva Province,White Tea,6172.95,4872.26,7.13,6612.98
2021,12,Uva Province,Oolong,3923.51,2966.46,10.76,4345.88
2021,12,Sabaragamuwa,CTC,18423.92,11808.55,-2.41,17979.11
2021,12,Sabaragamuwa,Orthodox,14949.44,9961.01,9.09,16308.48
2021,12,Sabaragamuwa,Green Tea,11972.29,7353.76,9.33,13089.5
2021,12,Sabaragamuwa,White Tea,4895.82,3731.48,8.6,5316.71
2021,12,Sabaragamuwa,Oolong,3662.7,2705.73,10.87,4060.96
2021,12,Southern Province,CTC,18322.8,11549.21,11.58,20444.12
2021,12,Southern Province,Orthodox,15144.54,9942.31,11.16,16834.31
2021,12,Southern Province,Green Tea,11227.72,7023.76,7.76,12098.48
2021,12,Southern Province,White Tea,5499.5,3359.79,0.32,5517.37
2021,12,Southern Province,Oolong,3351.36,2165.26,4.74,3510.3
2021,12,Nuwara Eliya,CTC,23221.95,17873.59,10.46,25651.35
2021,12,Nuwara Eliya,Orthodox,17000.6,11306.4,5.97,18015.07
2021,12,Nuwara Eliya,Green Tea,14842.59,9444.68,9.74,16288.09
2021,12,Nuwara Eliya,White Tea,6824.09,5195.44,7.25,7318.52
2021,12,Nuwara Eliya,Oolong,4697.44,3439.48,2.84,4830.83
2021,12,Dimbula,CTC,21354.85,15842.4,5.58,22545.43
2021,12,Dimbula,Orthodox,18508.59,13266.11,6.29,19673.12
2021,12,Dimbula,Green Tea,14271.21,9409.18,3.49,14769.38
2021,12,Dimbula,White Tea,6688.76,4150.4,10.41,7385.07
2021,12,Dimbula,Oolong,4677.19,3151.75,17.33,5487.74
2021,12,Kandy,CTC,21535.47,14909.94,10.99,23901.49
2021,12,Kandy,Orthodox,17565.48,13100.27,9.49,19233.02
2021,12,Kandy,Green Tea,12999.04,9897.66,10.03,14302.82
2021,12,Kandy,White Tea,5957.98,3974.7,4.7,6237.98
2021,12,Kandy,Oolong,4302.25,3064.98,10.81,4767.43
2022,1,Central Province,CTC,26810.5,18126.67,10.01,29493.21
2022,1,Central Province,Orthodox,23312.96,17412.19,6.4,24804.01
2022,1,Central Province,Green Tea,17175.48,13187.33,7.79,18512.63
2022,1,Central Province,White Tea,8021.15,5189.64,9.36,8772.28
2022,1,Central Province,Oolong,5602.38,3973.69,9.73,6147.25
2022,1,Uva Province,CTC,27794.53,21472.05,8.12,30051.39
2022,1,Uva Province,Orthodox,22188.28,15765.69,6.42,23613.19
2022,1,Uva Province,Green Tea,15735.1,12164.16,7.16,16861.79
2022,1,Uva Province,White Tea,7460.14,4908.84,5.41,7863.86
2022,1,Uva Province,Oolong,5191.36,3941.99,10.43,5732.8
2022,1,Sabaragamuwa,CTC,24961.14,17830.97,3.9,25935.16
2022,1,Sabaragamuwa,Orthodox,20587.32,13536.71,6.08,21839.17
2022,1,Sabaragamuwa,Green Tea,14881.06,10777.74,3.94,15467.67
2022,1,Sabaragamuwa,White Tea,7681.74,5230.54,5.39,8096.14
2022,1,Sabaragamuwa,Oolong,4697.92,3462.78,2.88,4833.12
2022,1,Southern Province,CTC,22302.65,15049.48,7.51,23977.59
2022,1,Southern Province,Orthodox,19531.03,14341.55,9.51,21387.52
2022,1,Southern Province,Green Tea,13938.7,9529.43,9.56,15271.64
2022,1,Southern Province,White Tea,6697.21,4390.5,8.78,7285.29
2022,1,Southern Province,Oolong,4443.47,3537.33,2.99,4576.54
2022,1,Nuwara Eliya,CTC,28205.08,17934.84,5.72,29819.68
2022,1,Nuwara Eliya,Orthodox,25746.47,19075.84,6.16,27332.43
2022,1,Nuwara Eliya,Green Tea,16613.72,11289.4,5.21,17479.54
2022,1,Nuwara Eliya,White Tea,8097.72,5640.94,6.01,8584.52
2022,1,Nuwara Eliya,Oolong,5372.19,3928.96,4.99,5640.17
2022,1,Dimbula,CTC,27474.14,16907.47,9.19,29998.41
2022,1,Dimbula,Orthodox,22615.66,16278.95,7.19,24240.6
2022,1,Dimbula,Green Tea,19112.6,12489.71,11.74,21357.04
2022,1,Dimbula,White Tea,8539.24,6330.36,4.56,8928.22
2022,1,Dimbula,Oolong,5040.05,3297.3,10.78,5583.27
2022,1,Kandy,CTC,27618.93,21800.91,8.81,30053.4
2022,1,Kandy,Orthodox,22099.35,15856.66,8.83,24050.8
2022,1,Kandy,Green Tea,17977.64,12254.1,11.51,20046.64
2022,1,Kandy,White Tea,7901.75,5141.04,7.23,8473.24
2022,1,Kandy,Oolong,5406.67,3675.5,7.81,5829.12
2022,2,Central Province,CTC,25157.71,18478.14,9.26,27487.65
2022,2,Central Province,Orthodox,21778.52,13470.56,7.48,23406.89
2022,2,Central Province,Green Tea,16937.7,11632.88,8.57,18389.08
2022,2,Central Province,White Tea,7527.54,5605.68,3.18,7766.94
2022,2,Central Province,Oolong,5134.45,3710.46,7.74,5531.85
2022,2,Uva Province,CTC,22794.82,16932.23,10.07,25090.05
2022,2,Uva Province,Orthodox,21086.0,12709.57,9.7,23132.14
2022,2,Uva Province,Green Tea,15219.36,9955.92,5.93,16121.62
2022,2,Uva Province,White Tea,7934.07,5723.21,7.1,8497.2
2022,2,Uva Province,Oolong,4732.52,3740.11,8.72,5145.12
2022,2,Sabaragamuwa,CTC,23557.63,18012.09,9.36,25762.06
2022,2,Sabaragamuwa,Orthodox,19698.31,12608.03,10.23,21713.06
2022,2,Sabaragamuwa,Green Tea,16069.64,12013.4,10.04,17683.68
2022,2,Sabaragamuwa,White Tea,6661.71,4491.48,8.11,7202.23
2022,2,Sabaragamuwa,Oolong,4652.87,3292.68,10.3,5132.09
2022,2,Southern Province,CTC,20947.31,16319.4,3.86,21755.22
2022,2,Southern Province,Orthodox,19559.37,13512.96,9.92,21500.36
2022,2,Southern Province,Green Tea,13224.15,9800.31,10.08,14556.97
2022,2,Southern Province,White Tea,6012.93,4388.63,1.89,6126.78
2022,2,Southern Province,Oolong,4241.01,2921.14,10.58,4689.66
2022,2,Nuwara Eliya,CTC,26004.84,18157.07,8.01,28088.42
2022,2,Nuwara Eliya,Orthodox,22329.92,16323.95,12.33,25083.4
2022,2,Nuwara Eliya,Green Tea,16895.39,10679.45,6.52,17997.47
2022,2,Nuwara Eliya,White Tea,8399.71,6407.51,9.02,9157.37
2022,2,Nuwara Eliya,Oolong,5199.9,3420.69,8.99,5667.37
2022,2,Dimbula,CTC,24745.39,17396.04,5.52,26112.27
2022,2,Dimbula,Orthodox,19855.23,13318.05,9.6,21761.04
2022,2,Dimbula,Green Tea,17417.04,11522.4,9.64,19096.35
2022,2,Dimbula,White Tea,7399.92,5188.28,3.91,7689.24
2022,2,Dimbula,Oolong,5172.88,3676.23,5.45,5454.58
2022,2,Kandy,CTC,23378.39,18042.58,8.04,25258.71
2022,2,Kandy,Orthodox,22352.97,17250.97,9.45,24464.9
2022,2,Kandy,Green Tea,16022.18,11569.76,12.77,18068.64
2022,2,Kandy,White Tea,7720.29,4908.95,5.22,8123.35
2022,2,Kandy,Oolong,4767.1,2972.33,10.23,5254.84
2022,3,Central Province,CTC,26414.43,18568.99,10.76,29255.39
2022,3,Central Province,Orthodox,21106.96,14159.69,9.27,23064.61
2022,3,Central Province,Green Tea,16193.0,11397.36,7.07,17338.59
2022,3,Central Province,White Tea,7020.12,4293.13,9.8,7708.07
2022,3,Central Province,Oolong,4690.16,3020.04,6.31,4985.91
2022,3,Uva Province,CTC,24060.97,17116.39,9.34,26307.08
2022,3,Uva Province,Orthodox,18724.64,13260.43,2.36,19166.58
2022,3,Uva Province,Green Tea,16396.53,10400.96,11.17,18227.31
2022,3,Uva Province,White Tea,6231.94,4824.18,8.01,6731.13
2022,3,Uva Province,Oolong,4916.59,3063.42,14.66,5637.24
2022,3,Sabaragamuwa,CTC,21618.21,14428.89,8.77,23513.29
2022,3,Sabaragamuwa,Orthodox,19684.59,12622.75,5.58,20783.34
2022,3,Sabaragamuwa,Green Tea,15365.98,9847.49,7.3,16487.1
2022,3,Sabaragamuwa,White Tea,5887.27,3553.7,8.78,6404.1
2022,3,Sabaragamuwa,Oolong,5127.46,3720.93,4.66,5366.61
2022,3,Southern Province,CTC,20234.18,12180.89,10.51,22361.75
2022,3,Southern Province,Orthodox,18451.93,14156.75,13.28,20901.58
2022,3,Southern Province,Green Tea,14166.52,9874.33,9.02,15443.64
2022,3,Southern Province,White Tea,6774.42,4676.1,6.12,7189.22
2022,3,Southern Province,Oolong,4353.0,3380.15,7.11,4662.37
2022,3,Nuwara Eliya,CTC,25387.03,17201.37,7.81,27369.62
2022,3,Nuwara Eliya,Orthodox,22168.28,15702.95,10.82,24567.36
2022,3,Nuwara Eliya,Green Tea,16667.74,11252.29,8.63,18106.81
2022,3,Nuwara Eliya,White Tea,7816.53,6248.82,12.04,8757.53
2022,3,Nuwara Eliya,Oolong,4792.72,3086.62,9.86,5265.24
2022,3,Dimbula,CTC,24078.21,14777.83,3.59,24941.96
2022,3,Dimbula,Orthodox,21175.66,15766.28,1.38,21468.58
2022,3,Dimbula,Green Tea,17774.57,10694.48,10.9,19712.72
2022,3,Dimbula,White Tea,7957.85,5545.01,4.59,8322.87
2022,3,Dimbula,Oolong,5206.85,3193.32,12.54,5859.73
2022,3,Kandy,CTC,25246.22,19096.04,12.37,28368.53
2022,3,Kandy,Orthodox,21767.53,15315.67,9.87,23916.46
2022,3,Kandy,Green Tea,16371.92,11854.82,5.42,17258.75
2022,3,Kandy,White Tea,7137.77,4561.0,9.59,7822.03
2022,3,Kandy,Oolong,5009.58,3915.72,9.39,5479.96
2022,4,Central Province,CTC,22035.18,16103.89,12.33,24751.05
2022,4,Central Province,Orthodox,18410.06,13374.51,10.82,20402.76
2022,4,Central Province,Green Tea,13880.93,10317.41,4.35,14484.57
2022,4,Central Province,White Tea,6163.54,4084.98,6.04,6536.05
2022,4,Central Province,Oolong,4128.24,2827.72,5.94,4373.37
2022,4,Uva Province,CTC,20397.6,13005.18,10.71,22581.53
2022,4,Uva Province,Orthodox,17516.96,11851.27,6.56,18666.42
2022,4,Uva Province,Green Tea,13586.44,10315.48,11.09,15093.42
2022,4,Uva Province,White Tea,6397.79,4176.56,4.7,6698.76
2022,4,Uva Province,Oolong,4111.36,2733.65,9.66,4508.51
2022,4,Sabaragamuwa,CTC,18519.8,13684.8,6.17,19662.71
2022,4,Sabaragamuwa,Orthodox,16792.74,10964.43,3.9,17447.42
2022,4,Sabaragamuwa,Green Tea,13206.3,9978.75,9.61,14475.63
2022,4,Sabaragamuwa,White Tea,5590.88,3453.36,9.75,6135.77
2022,4,Sabaragamuwa,Oolong,3678.47,2525.16,12.3,4131.07
2022,4,Southern Province,CTC,18555.06,11277.69,3.31,19168.41
2022,4,Southern Province,Orthodox,14543.36,11337.77,11.49,16214.98
2022,4,Southern Province,Green Tea,11658.3,9095.71,10.2,12846.93
2022,4,Southern Province,White Tea,5342.54,3821.73,9.93,5873.26
2022,4,Southern Province,Oolong,3785.26,2920.72,9.84,4157.63
2022,4,Nuwara Eliya,CTC,22417.48,14033.71,6.49,23872.07
2022,4,Nuwara Eliya,Orthodox,19110.42,14461.76,7.6,20562.14
2022,4,Nuwara Eliya,Green Tea,13315.98,9732.23,9.92,14637.14
2022,4,Nuwara Eliya,White Tea,6968.34,5243.4,11.99,7803.62
2022,4,Nuwara Eliya,Oolong,4746.78,3441.05,14.06,5414.19
2022,4,Dimbula,CTC,22156.28,15868.1,11.14,24623.44
2022,4,Dimbula,Orthodox,20246.01,13723.68,6.52,21566.77
2022,4,Dimbula,Green Tea,14579.78,11454.4,3.8,15134.11
2022,4,Dimbula,White Tea,6497.27,4584.05,9.68,7126.3
2022,4,Dimbula,Oolong,4513.58,3243.6,10.66,4994.53
2022,4,Kandy,CTC,20955.78,15401.6,6.04,22221.66
2022,4,Kandy,Orthodox,16925.3,13342.86,12.44,19031.65
2022,4,Kandy,Green Tea,13667.4,10088.95,4.17,14237.28
2022,4,Kandy,White Tea,6626.59,4340.8,12.02,7423.4
2022,4,Kandy,Oolong,4290.03,3088.22,4.93,4501.7
2022,5,Central Province,CTC,21099.16,14580.25,5.36,22230.19
2022,5,Central Province,Orthodox,18274.19,11584.84,9.42,19995.81
2022,5,Central Province,Green Tea,14375.59,11035.15,10.56,15893.93
2022,5,Central Province,White Tea,5854.73,3983.43,17.19,6860.92
2022,5,Central Province,Oolong,4153.84,2722.44,4.55,4342.72
2022,5,Uva Province,CTC,19642.82,14114.7,10.3,21665.21
2022,5,Uva Province,Orthodox,16185.24,9813.9,7.55,17406.82
2022,5,Uva Province,Green Tea,12160.49,8772.21,7.55,13078.97
2022,5,Uva Province,White Tea,5518.03,4263.22,9.87,6062.55
2022,5,Uva Province,Oolong,3866.65,2890.26,8.64,4200.56
2022,5,Sabaragamuwa,CTC,19296.28,15426.36,6.11,20474.36
2022,5,Sabaragamuwa,Orthodox,15925.6,11036.47,8.22,17235.38
2022,5,Sabaragamuwa,Green Tea,11695.15,9298.44,7.41,12561.83
2022,5,Sabaragamuwa,White Tea,5635.88,4438.78,8.93,6138.9
2022,5,Sabaragamuwa,Oolong,3655.87,2245.46,5.76,3866.45
2022,5,Southern Province,CTC,16868.08,11703.43,5.89,17860.83
2022,5,Southern Province,Orthodox,14462.74,9162.12,7.15,15496.16
2022,5,Southern Province,Green Tea,10373.18,7880.08,6.61,11059.01
2022,5,Southern Province,White Tea,4918.19,3179.62,4.87,5157.9
2022,5,Southern Province,Oolong,3422.12,2296.46,6.26,3636.33
2022,5,Nuwara Eliya,CTC,21056.26,13520.26,8.54,22855.37
2022,5,Nuwara Eliya,Orthodox,17968.08,12012.18,9.0,19584.52
2022,5,Nuwara Eliya,Green Tea,13983.98,9236.19,5.45,14746.76
2022,5,Nuwara Eliya,White Tea,6901.3,4330.08,8.85,7511.83
2022,5,Nuwara Eliya,Oolong,4349.15,2734.81,16.08,5048.45
2022,5,Dimbula,CTC,19439.18,13560.13,10.34,21449.99
2022,5,Dimbula,Orthodox,17720.52,11718.45,5.5,18695.3
2022,5,Dimbula,Green Tea,12799.09,9535.34,1.03,12931.45
2022,5,Dimbula,White Tea,6855.0,5178.33,10.44,7570.83
2022,5,Dimbula,Oolong,4099.72,2900.98,10.42,4526.82
2022,5,Kandy,CTC,19830.73,12672.5,10.54,21920.0
2022,5,Kandy,Orthodox,18549.83,12957.31,7.78,19992.22
2022,5,Kandy,Green Tea,13887.24,9336.13,7.81,14972.39
2022,5,Kandy,White Tea,5950.96,3961.24,11.16,6615.28
2022,5,Kandy,Oolong,4336.55,2711.21,7.18,4647.83
2022,6,Central Province,CTC,20081.62,14375.69,4.23,20932.01
2022,6,Central Province,Orthodox,18717.88,12091.1,7.52,20126.0
2022,6,Central Province,Green Tea,11533.59,8446.43,10.59,12755.16
2022,6,Central Province,White Tea,6011.05,3829.37,4.71,6294.06
2022,6,Central Province,Oolong,3784.29,2408.95,5.85,4005.85
2022,6,Uva Province,CTC,18314.68,14384.8,10.5,20237.72
2022,6,Uva Province,Orthodox,16060.28,10095.5,9.34,17559.55
2022,6,Uva Province,Green Tea,12985.48,8745.44,6.46,13824.4
2022,6,Uva Province,White Tea,5682.08,4369.66,5.47,5992.63
2022,6,Uva Province,Oolong,3666.15,2692.98,9.45,4012.66
2022,6,Sabaragamuwa,CTC,17231.11,13350.91,5.97,18259.73
2022,6,Sabaragamuwa,Orthodox,14528.02,8718.71,5.34,15303.81
2022,6,Sabaragamuwa,Green Tea,11767.6,8536.99,9.13,12841.47
2022,6,Sabaragamuwa,White Tea,5181.4,3583.79,9.38,5667.16
2022,6,Sabaragamuwa,Oolong,3440.49,2398.8,7.21,3688.71
2022,6,Southern Province,CTC,16059.75,10400.77,6.0,17022.8
2022,6,Southern Province,Orthodox,14271.57,9893.91,10.67,15794.34
2022,6,Southern Province,Green Tea,10619.35,7406.5,9.37,11614.7
2022,6,Southern Province,White Tea,5544.7,4435.27,3.8,5755.24
2022,6,Southern Province,Oolong,3281.07,2511.7,12.17,3680.22
2022,6,Nuwara Eliya,CTC,20189.37,14175.28,4.67,21132.21
2022,6,Nuwara Eliya,Orthodox,18370.66,12895.67,8.65,19959.02
2022,6,Nuwara Eliya,Green Tea,13088.27,7944.35,8.01,14136.06
2022,6,Nuwara Eliya,White Tea,5593.28,4294.72,13.17,6330.14
2022,6,Nuwara Eliya,Oolong,3839.37,2341.72,7.1,4111.79
2022,6,Dimbula,CTC,19642.38,14175.2,8.99,21407.94
2022,6,Dimbula,Orthodox,16485.71,11143.52,6.36,17534.4
2022,6,Dimbula,Green Tea,12846.28,9636.69,11.77,14358.48
2022,6,Dimbula,White Tea,6164.1,3990.56,6.66,6574.71
2022,6,Dimbula,Oolong,4182.29,3286.56,13.55,4748.81
2022,6,Kandy,CTC,18803.95,11354.41,7.5,20214.5
2022,6,Kandy,Orthodox,16592.69,12528.29,11.89,18565.16
2022,6,Kandy,Green Tea,12182.96,7383.13,4.39,12717.3
2022,6,Kandy,White Tea,5854.4,4605.31,8.76,6367.06
2022,6,Kandy,Oolong,4020.12,2957.6,3.61,4165.38
2022,7,Central Province,CTC,25550.11,20170.08,6.63,27244.94
2022,7,Central Province,Orthodox,21157.91,13868.86,9.6,23189.11
2022,7,Central Province,Green Tea,16613.05,13257.58,12.42,18676.06
2022,7,Central Province,White Tea,6946.07,4277.31,4.16,7235.16
2022,7,Central Province,Oolong,4495.76,3006.21,6.82,4802.48
2022,7,Uva Province,CTC,22716.87,17849.24,4.54,23747.29
2022,7,Uva Province,Orthodox,20092.81,12660.37,4.56,21008.43
2022,7,Uva Province,Green Tea,15078.37,10559.44,9.45,16503.98
2022,7,Uva Province,White Tea,6913.3,5063.18,3.11,7128.2
2022,7,Uva Province,Oolong,4844.19,3466.4,10.45,5350.31
2022,7,Sabaragamuwa,CTC,20991.82,14284.54,13.24,23771.57
2022,7,Sabaragamuwa,Orthodox,18478.76,13641.23,9.78,20286.31
2022,7,Sabaragamuwa,Green Tea,13733.78,8747.41,6.17,14581.74
2022,7,Sabaragamuwa,White Tea,6334.84,4853.69,2.35,6483.43
2022,7,Sabaragamuwa,Oolong,4485.16,3167.83,6.29,4767.23
2022,7,Southern Province,CTC,20747.89,13693.37,2.45,21255.82
2022,7,Southern Province,Orthodox,16480.78,10430.38,13.96,18781.8
2022,7,Southern Province,Green Tea,13611.61,10623.62,4.97,14288.65
2022,7,Southern Province,White Tea,6638.45,4857.57,5.46,7000.98
2022,7,Southern Province,Oolong,4560.03,3555.35,10.43,5035.63
2022,7,Nuwara Eliya,CTC,23582.92,14200.74,5.12,24790.33
2022,7,Nuwara Eliya,Orthodox,22363.73,13885.44,9.52,24492.56
2022,7,Nuwara Eliya,Green Tea,15767.31,9834.73,15.24,18169.47
2022,7,Nuwara Eliya,White Tea,7770.52,5810.59,5.96,8233.77
2022,7,Nuwara Eliya,Oolong,5160.58,3645.74,7.36,5540.57
2022,7,Dimbula,CTC,22797.42,17956.69,9.75,25019.43
2022,7,Dimbula,Orthodox,19204.29,11715.96,5.42,20244.94
2022,7,Dimbula,Green Tea,16339.33,11300.05,7.1,17498.63
2022,7,Dimbula,White Tea,7701.22,5010.2,3.99,8008.77
2022,7,Dimbula,Oolong,4529.21,3463.53,11.09,5031.32
2022,7,Kandy,CTC,23883.93,16006.15,11.98,26744.61
2022,7,Kandy,Orthodox,21573.29,14359.96,6.44,22963.51
2022,7,Kandy,Green Tea,14412.68,11071.55,-0.5,14341.12
2022,7,Kandy,White Tea,6998.91,5330.94,4.1,7285.58
2022,7,Kandy,Oolong,4700.53,3251.94,11.46,5239.29
2022,8,Central Province,CTC,25702.86,16031.62,7.44,27615.05
2022,8,Central Province,Orthodox,21611.59,15264.58,9.35,23631.76
2022,8,Central Province,Green Tea,16348.68,11142.43,6.46,17404.55
2022,8,Central Province,White Tea,7727.01,6137.02,5.05,8117.46
2022,8,Central Province,Oolong,5471.19,3357.61,9.5,5990.8
2022,8,Uva Province,CTC,22774.59,16455.99,7.38,24455.39
2022,8,Uva Province,Orthodox,20520.24,12627.35,9.46,22461.91
2022,8,Uva Province,Green Tea,16107.79,10963.63,1.85,16405.81
2022,8,Uva Province,White Tea,7322.64,5289.63,9.28,8002.39
2022,8,Uva Province,Oolong,4457.07,2768.62,5.87,4718.78
2022,8,Sabaragamuwa,CTC,21455.16,15773.07,2.64,22021.4
2022,8,Sabaragamuwa,Orthodox,18731.8,12719.86,8.61,20345.2
2022,8,Sabaragamuwa,Green Tea,14455.82,11065.35,6.95,15460.66
2022,8,Sabaragamuwa,White Tea,6768.36,4288.71,6.41,7202.35
2022,8,Sabaragamuwa,Oolong,4568.11,2952.26,11.05,5073.09
2022,8,Southern Province,CTC,23286.22,18433.92,8.06,25161.97
2022,8,Southern Province,Orthodox,18518.26,14571.3,7.23,19857.54
2022,8,Southern Province,Green Tea,14071.77,10215.6,10.08,15489.95
2022,8,Southern Province,White Tea,6892.59,4867.95,6.32,7327.87
2022,8,Southern Province,Oolong,4124.63,3078.21,13.45,4679.56
2022,8,Nuwara Eliya,CTC,26050.06,19969.61,8.82,28348.22
2022,8,Nuwara Eliya,Orthodox,23827.43,16351.82,8.42,25833.96
2022,8,Nuwara Eliya,Green Tea,17818.5,11586.19,7.36,19129.91
2022,8,Nuwara Eliya,White Tea,7911.02,5560.01,11.66,8833.2
2022,8,Nuwara Eliya,Oolong,5466.94,3635.74,2.71,5614.88
2022,8,Dimbula,CTC,25567.98,19065.38,9.26,27935.28
2022,8,Dimbula,Orthodox,23264.0,17705.9,4.46,24302.4
2022,8,Dimbula,Green Tea,16589.92,12552.92,9.74,18205.71
2022,8,Dimbula,White Tea,7735.09,5661.32,6.99,8275.84
2022,8,Dimbula,Oolong,4950.43,3899.49,9.08,5400.14
2022,8,Kandy,CTC,25229.21,16261.11,4.54,26375.73
2022,8,Kandy,Orthodox,21452.28,14661.32,2.39,21965.11
2022,8,Kandy,Green Tea,15780.26,10787.84,6.98,16882.43
2022,8,Kandy,White Tea,7548.58,4656.16,8.75,8209.41
2022,8,Kandy,Oolong,4728.93,2853.05,7.33,5075.36
2022,9,Central Province,CTC,27487.93,17388.97,12.97,31052.07
2022,9,Central Province,Orthodox,21785.86,16855.33,6.48,23197.19
2022,9,Central Province,Green Tea,16858.63,10285.86,10.22,18581.41
2022,9,Central Province,White Tea,7868.23,5339.21,6.44,8374.95
2022,9,Central Province,Oolong,5242.66,3157.45,6.77,5597.36
2022,9,Uva Province,CTC,23972.99,14576.81,11.01,26613.32
2022,9,Uva Province,Orthodox,19265.0,15311.06,12.48,21670.2
2022,9,Uva Province,Green Tea,14729.94,10927.97,9.02,16059.01
2022,9,Uva Province,White Tea,7619.96,5143.05,7.2,8168.38
2022,9,Uva Province,Oolong,4806.12,3293.27,8.21,5200.7
2022,9,Sabaragamuwa,CTC,24014.61,15486.15,9.41,26274.42
2022,9,Sabaragamuwa,Orthodox,20615.62,16205.52,6.35,21925.49
2022,9,Sabaragamuwa,Green Tea,15194.72,10142.34,5.31,16001.57
2022,9,Sabaragamuwa,White Tea,7290.8,4449.28,5.67,7704.55
2022,9,Sabaragamuwa,Oolong,4017.98,2679.51,6.88,4294.24
2022,9,Southern Province,CTC,22947.84,14509.31,0.89,23151.9
2022,9,Southern Province,Orthodox,20124.15,15134.01,8.94,21923.16
2022,9,Southern Province,Green Tea,14306.35,9351.13,7.49,15378.04
2022,9,Southern Province,White Tea,6275.78,4618.59,2.74,6448.02
2022,9,Southern Province,Oolong,4788.19,3058.15,5.42,5047.78
2022,9,Nuwara Eliya,CTC,25618.25,19910.94,10.33,28264.12
2022,9,Nuwara Eliya,Orthodox,22946.42,14823.36,9.83,25202.07
2022,9,Nuwara Eliya,Green Tea,16518.48,12132.44,6.5,17591.48
2022,9,Nuwara Eliya,White Tea,8439.77,6455.33,10.92,9361.31
2022,9,Nuwara Eliya,Oolong,5182.19,3874.15,7.01,5545.34
2022,9,Dimbula,CTC,28507.53,18647.59,4.57,29811.74
2022,9,Dimbula,Orthodox,23655.68,18291.06,13.49,26846.57
2022,9,Dimbula,Green Tea,17073.84,12359.37,2.52,17504.45
2022,9,Dimbula,White Tea,7378.81,4914.71,2.36,7552.95
2022,9,Dimbula,Oolong,5633.09,3606.9,8.63,6119.17
2022,9,Kandy,CTC,25833.02,19753.34,9.28,28229.38
2022,9,Kandy,Orthodox,23355.29,14088.84,8.89,25430.7
2022,9,Kandy,Green Tea,15845.22,11932.6,5.97,16791.02
2022,9,Kandy,White Tea,7903.93,4904.93,6.81,8442.31
2022,9,Kandy,Oolong,5349.67,3556.81,9.35,5850.06
2022,10,Central Province,CTC,23152.73,16684.55,13.07,26177.71
2022,10,Central Province,Orthodox,19523.52,13389.47,13.35,22129.01
2022,10,Central Province,Green Tea,15061.04,9718.2,5.7,15919.89
2022,10,Central Province,White Tea,6297.23,4565.91,10.27,6944.11
2022,10,Central Province,Oolong,4251.75,2602.02,10.13,4682.44
2022,10,Uva Province,CTC,21344.9,16433.21,5.04,22419.91
2022,10,Uva Province,Orthodox,17633.39,13855.82,1.66,17925.29
2022,10,Uva Province,Green Tea,13394.24,8073.2,1.92,13651.76
2022,10,Uva Province,White Tea,6255.29,3788.02,7.03,6695.34
2022,10,Uva Province,Oolong,3983.89,2827.08,13.73,4531.04
2022,10,Sabaragamuwa,CTC,19394.43,14211.56,5.39,20439.64
2022,10,Sabaragamuwa,Orthodox,17104.33,12191.69,10.81,18953.95
2022,10,Sabaragamuwa,Green Tea,12459.13,7699.43,8.0,13456.05
2022,10,Sabaragamuwa,White Tea,5482.54,4295.31,11.18,6095.28
2022,10,Sabaragamuwa,Oolong,3774.85,2804.5,7.16,4045.18
2022,10,Southern Province,CTC,19046.51,14086.16,2.43,19508.64
2022,10,Southern Province,Orthodox,16095.32,11834.44,8.46,17456.55
2022,10,Southern Province,Green Tea,12465.07,8216.54,8.44,13517.65
2022,10,Southern Province,White Tea,5833.62,4239.54,4.59,6101.2
2022,10,Southern Province,Oolong,3721.34,2775.21,8.14,4024.18
2022,10,Nuwara Eliya,CTC,24616.73,17510.27,4.26,25666.2
2022,10,Nuwara Eliya,Orthodox,18904.12,11699.45,6.87,20202.07
2022,10,Nuwara Eliya,Green Tea,14545.4,9896.77,8.86,15834.32
2022,10,Nuwara Eliya,White Tea,7286.06,4543.9,10.16,8026.57
2022,10,Nuwara Eliya,Oolong,4350.52,2621.53,5.73,4599.65
2022,10,Dimbula,CTC,23919.23,18932.7,8.4,25929.14
2022,10,Dimbula,Orthodox,19791.82,12211.77,16.3,23017.48
2022,10,Dimbula,Green Tea,13107.38,9456.02,10.63,14500.61
2022,10,Dimbula,White Tea,6308.34,3904.82,6.21,6700.39
2022,10,Dimbula,Oolong,4377.57,2781.42,7.14,4689.94
2022,10,Kandy,CTC,21676.71,15311.87,8.82,23589.51
2022,10,Kandy,Orthodox,19632.56,13063.27,9.01,21402.25
2022,10,Kandy,Green Tea,13535.11,9941.56,3.1,13955.0
2022,10,Kandy,White Tea,6137.67,3846.12,11.41,6838.1
2022,10,Kandy,Oolong,4143.11,2965.22,8.98,4515.16
2022,11,Central Province,CTC,22143.2,16622.78,11.18,24619.72
2022,11,Central Province,Orthodox,17839.69,13309.3,11.25,19846.66
2022,11,Central Province,Green Tea,12836.03,7767.57,9.35,14036.0
2022,11,Central Province,White Tea,6151.72,4450.29,2.79,6323.09
2022,11,Central Province,Oolong,4121.74,2576.54,9.25,4502.97
2022,11,Uva Province,CTC,22485.44,15925.87,6.07,23851.08
2022,11,Uva Province,Orthodox,17114.01,12131.59,5.29,18018.96
2022,11,Uva Province,Green Tea,13386.07,10227.13,4.19,13946.78
2022,11,Uva Province,White Tea,5980.86,4413.05,6.23,6353.6
2022,11,Uva Province,Oolong,3820.69,2761.32,4.76,4002.63
2022,11,Sabaragamuwa,CTC,20390.74,13722.24,9.72,22373.17
2022,11,Sabaragamuwa,Orthodox,15639.05,9977.51,14.49,17905.46
2022,11,Sabaragamuwa,Green Tea,12586.64,8454.75,13.39,14271.87
2022,11,Sabaragamuwa,White Tea,5560.74,4188.94,7.53,5979.65
2022,11,Sabaragamuwa,Oolong,3583.97,2634.69,11.69,4002.93
2022,11,Southern Province,CTC,19111.68,13203.05,6.26,20308.62
2022,11,Southern Province,Orthodox,15678.59,10193.84,7.59,16868.44
2022,11,Southern Province,Green Tea,11722.28,9305.9,5.06,12315.84
2022,11,Southern Province,White Tea,5193.04,3468.23,7.5,5582.68
2022,11,Southern Province,Oolong,3344.84,2447.15,8.07,3614.63
2022,11,Nuwara Eliya,CTC,20766.58,12938.18,2.94,21376.69
2022,11,Nuwara Eliya,Orthodox,18531.99,12554.59,10.88,20548.24
2022,11,Nuwara Eliya,Green Tea,13816.5,10081.16,13.86,15731.43
2022,11,Nuwara Eliya,White Tea,6668.25,5274.01,9.53,7303.91
2022,11,Nuwara Eliya,Oolong,4390.41,3162.68,4.41,4584.21
2022,11,Dimbula,CTC,19484.55,13008.22,12.47,21914.5
2022,11,Dimbula,Orthodox,17942.02,11348.9,5.11,18858.2
2022,11,Dimbula,Green Tea,13330.34,8154.34,10.03,14667.28
2022,11,Dimbula,White Tea,7117.56,5511.72,11.57,7941.18
2022,11,Dimbula,Oolong,3886.35,2955.97,10.76,4304.49
2022,11,Kandy,CTC,19728.83,14070.01,8.23,21353.39
2022,11,Kandy,Orthodox,17304.42,11408.2,10.41,19106.11
2022,11,Kandy,Green Tea,13319.91,9144.84,7.77,14355.26
2022,11,Kandy,White Tea,5937.13,4677.94,8.52,6442.83
2022,11,Kandy,Oolong,4217.64,3229.39,12.47,4743.47
2022,12,Central Province,CTC,21405.2,15540.58,5.51,22583.81
2022,12,Central Province,Orthodox,18684.33,12245.97,9.71,20498.45
2022,12,Central Province,Green Tea,14335.54,8716.82,5.56,15132.51
2022,12,Central Province,White Tea,6576.62,4709.71,0.4,6603.14
2022,12,Central Province,Oolong,4330.95,3015.45,9.42,4738.84
2022,12,Uva Province,CTC,19693.87,13548.81,6.79,21031.23
2022,12,Uva Province,Orthodox,16228.93,9914.47,12.59,18271.81
2022,12,Uva Province,Green Tea,13805.0,9341.06,8.62,14995.46
2022,12,Uva Province,White Tea,6024.8,3673.16,3.65,6244.81
2022,12,Uva Province,Oolong,4163.13,2987.46,9.25,4548.41
2022,12,Sabaragamuwa,CTC,20410.98,14510.93,6.32,21701.37
2022,12,Sabaragamuwa,Orthodox,16777.14,12698.3,11.3,18673.62
2022,12,Sabaragamuwa,Green Tea,11595.96,9179.24,13.24,13131.29
2022,12,Sabaragamuwa,White Tea,6450.86,4154.99,10.67,7138.98
2022,12,Sabaragamuwa,Oolong,4074.76,2595.49,13.81,4637.32
2022,12,Southern Province,CTC,18368.93,13827.0,6.16,19500.02
2022,12,Southern Province,Orthodox,14303.85,10489.08,8.4,15504.92
2022,12,Southern Province,Green Tea,11787.47,7457.62,5.59,12445.81
2022,12,Southern Province,White Tea,5329.4,3609.82,6.36,5668.11
2022,12,Southern Province,Oolong,3623.97,2545.26,6.32,3852.94
2022,12,Nuwara Eliya,CTC,19850.41,15241.73,6.98,21236.75
2022,12,Nuwara Eliya,Orthodox,19166.07,11737.46,4.49,20025.67
2022,12,Nuwara Eliya,Green Tea,14735.26,10509.24,5.8,15589.36
2022,12,Nuwara Eliya,White Tea,6811.08,5394.09,11.07,7565.11
2022,12,Nuwara Eliya,Oolong,4979.32,3032.99,9.79,5466.76
2022,12,Dimbula,CTC,21386.13,13558.33,7.34,22956.74
2022,12,Dimbula,Orthodox,17077.91,11470.0,8.36,18505.42
2022,12,Dimbula,Green Tea,14919.7,9180.86,1.68,15170.81
2022,12,Dimbula,White Tea,6199.53,4326.83,13.31,7024.72
2022,12,Dimbula,Oolong,4297.63,2866.84,7.81,4633.17
2022,12,Kandy,CTC,21141.36,15765.77,9.52,23154.5
2022,12,Kandy,Orthodox,17045.35,11034.9,3.21,17592.03
2022,12,Kandy,Green Tea,14090.62,9995.69,11.12,15657.58
2022,12,Kandy,White Tea,6564.79,4034.37,7.86,7080.5
2022,12,Kandy,Oolong,4016.36,3038.32,4.06,4179.56
2023,1,Central Province,CTC,27639.36,17825.49,8.15,29892.96
2023,1,Central Province,Orthodox,21650.43,17226.03,2.89,22276.9
2023,1,Central Province,Green Tea,18373.39,12252.09,6.4,19549.14
2023,1,Central Province,White Tea,8043.91,5756.8,12.8,9073.33
2023,1,Central Province,Oolong,5635.3,4357.69,9.43,6166.5
2023,1,Uva Province,CTC,26407.37,16583.76,6.9,28229.81
2023,1,Uva Province,Orthodox,23693.07,16124.27,1.35,24012.82
2023,1,Uva Province,Green Tea,17162.69,10761.75,8.02,18538.91
2023,1,Uva Province,White Tea,7479.97,4686.96,12.89,8443.95
2023,1,Uva Province,Oolong,5598.05,3900.5,4.49,5849.61
2023,1,Sabaragamuwa,CTC,22546.25,16205.25,4.85,23638.85
2023,1,Sabaragamuwa,Orthodox,19851.42,13783.79,8.79,21596.48
2023,1,Sabaragamuwa,Green Tea,17823.11,11442.82,12.78,20101.5
2023,1,Sabaragamuwa,White Tea,7894.28,5626.87,6.13,8378.02
2023,1,Sabaragamuwa,Oolong,5182.13,3697.33,4.77,5429.2
2023,1,Southern Province,CTC,24210.41,17480.44,10.48,26748.67
2023,1,Southern Province,Orthodox,18817.0,12273.7,7.89,20302.14
2023,1,Southern Province,Green Tea,16614.81,11675.92,3.58,17209.17
2023,1,Southern Province,White Tea,6385.15,4769.21,7.9,6889.78
2023,1,Southern Province,Oolong,4703.13,3707.45,6.92,5028.57
2023,1,Nuwara Eliya,CTC,28792.06,17801.68,4.1,29973.22
2023,1,Nuwara Eliya,Orthodox,25661.7,17487.76,14.36,29347.15
2023,1,Nuwara Eliya,Green Tea,19723.21,12608.23,8.15,21331.63
2023,1,Nuwara Eliya,White Tea,9093.39,6541.68,8.55,9871.27
2023,1,Nuwara Eliya,Oolong,5705.03,4278.61,11.94,6385.98
2023,1,Dimbula,CTC,28331.55,18023.31,10.48,31300.67
2023,1,Dimbula,Orthodox,22914.69,14880.14,6.09,24309.08
2023,1,Dimbula,Green Tea,18761.27,13463.05,2.5,19229.47
2023,1,Dimbula,White Tea,9248.82,5700.19,4.33,9649.41
2023,1,Dimbula,Oolong,5206.83,3419.1,8.28,5638.08
2023,1,Kandy,CTC,28700.48,17299.86,6.81,30655.36
2023,1,Kandy,Orthodox,24507.2,18618.89,11.55,27337.22
2023,1,Kandy,Green Tea,19589.9,14351.67,3.56,20287.63
2023,1,Kandy,White Tea,8302.09,6636.61,8.6,9015.81
2023,1,Kandy,Oolong,5142.03,3989.96,11.02,5708.76
2023,2,Central Province,CTC,26013.14,16755.85,9.35,28446.07
2023,2,Central Province,Orthodox,24719.27,16013.47,8.0,26697.32
2023,2,Central Province,Green Tea,17824.5,11809.08,10.36,19670.66
2023,2,Central Province,White Tea,7379.41,5868.94,6.75,7877.85
2023,2,Central Province,Oolong,5423.24,3583.01,8.56,5887.61
2023,2,Uva Province,CTC,25927.22,19142.87,10.2,28572.81
2023,2,Uva Province,Orthodox,21198.73,13273.45,9.25,23159.78
2023,2,Uva Province,Green Tea,17261.45,12342.15,10.68,19105.66
2023,2,Uva Province,White Tea,7526.08,4985.56,3.62,7798.31
2023,2,Uva Province,Oolong,5487.38,4110.29,5.16,5770.33
2023,2,Sabaragamuwa,CTC,23145.07,15132.99,3.75,24012.04
2023,2,Sabaragamuwa,Orthodox,20780.95,16247.6,6.1,22048.0
2023,2,Sabaragamuwa,Green Tea,16466.12,12833.68,5.92,17441.2
2023,2,Sabaragamuwa,White Tea,7001.3,5539.84,9.11,7639.13
2023,2,Sabaragamuwa,Oolong,4389.99,2688.81,4.53,4588.82
2023,2,Southern Province,CTC,21311.49,13846.25,7.89,22994.03
2023,2,Southern Province,Orthodox,20001.71,15503.28,6.24,21249.64
2023,2,Southern Province,Green Tea,15144.32,11683.03,6.71,16159.99
2023,2,Southern Province,White Tea,6536.38,4824.27,9.27,7142.27
2023,2,Southern Province,Oolong,4517.75,3010.28,9.09,4928.52
2023,2,Nuwara Eliya,CTC,30772.2,21605.6,8.03,33242.13
2023,2,Nuwara Eliya,Orthodox,23118.56,17581.18,5.82,24463.08
2023,2,Nuwara Eliya,Green Tea,17886.96,13101.53,9.02,19500.71
2023,2,Nuwara Eliya,White Tea,8612.92,6796.89,9.77,9454.52
2023,2,Nuwara Eliya,Oolong,5765.63,3611.23,6.72,6153.15
2023,2,Dimbula,CTC,28290.47,20808.9,10.62,31294.05
2023,2,Dimbula,Orthodox,23502.49,14895.21,6.9,25123.64
2023,2,Dimbula,Green Tea,17552.62,12200.74,7.55,18877.71
2023,2,Dimbula,White Tea,7930.13,5024.97,11.15,8814.33
2023,2,Dimbula,Oolong,5429.19,3462.95,11.69,6063.74
2023,2,Kandy,CTC,25968.19,18719.5,13.42,29453.02
2023,2,Kandy,Orthodox,23374.07,17902.5,7.54,25137.61
2023,2,Kandy,Green Tea,16304.52,12518.14,8.94,17762.82
2023,2,Kandy,White Tea,8227.5,5533.78,11.17,9146.68
2023,2,Kandy,Oolong,5263.52,3276.63,9.82,5780.64
2023,3,Central Province,CTC,27106.73,16519.91,7.33,29094.15
2023,3,Central Province,Orthodox,22093.69,16046.1,8.56,23985.32
2023,3,Central Province,Green Tea,16062.69,12664.02,5.49,16944.41
2023,3,Central Province,White Tea,8156.65,5535.3,5.81,8630.63
2023,3,Central Province,Oolong,5289.51,3564.21,8.12,5718.93
2023,3,Uva Province,CTC,22920.27,16138.36,4.24,23892.12
2023,3,Uva Province,Orthodox,21971.82,15404.53,7.53,23625.32
2023,3,Uva Province,Green Tea,15082.51,12013.94,8.07,16300.16
2023,3,Uva Province,White Tea,7314.08,5358.51,7.68,7875.87
2023,3,Uva Province,Oolong,4538.5,3106.32,13.24,5139.29
2023,3,Sabaragamuwa,CTC,22583.62,17255.03,9.75,24785.12
2023,3,Sabaragamuwa,Orthodox,18826.22,13020.32,13.48,21364.33
2023,3,Sabaragamuwa,Green Tea,15800.53,11101.06,5.52,16672.0
2023,3,Sabaragamuwa,White Tea,7306.04,5838.6,2.98,7524.0
2023,3,Sabaragamuwa,Oolong,4846.59,3242.38,7.63,5216.57
2023,3,Southern Province,CTC,20462.66,12278.53,6.77,21848.82
2023,3,Southern Province,Orthodox,18042.95,11260.11,9.56,19768.55
2023,3,Southern Province,Green Tea,14415.77,11327.36,7.13,15444.31
2023,3,Southern Province,White Tea,6275.49,4408.4,7.46,6743.36
2023,3,Southern Province,Oolong,4131.19,2992.08,3.53,4277.07
2023,3,Nuwara Eliya,CTC,26396.65,16025.89,8.99,28769.01
2023,3,Nuwara Eliya,Orthodox,22991.25,17484.4,6.64,24517.55
2023,3,Nuwara Eliya,Green Tea,17063.86,12543.94,2.09,17421.04
2023,3,Nuwara Eliya,White Tea,8622.36,6666.87,8.08,9319.39
2023,3,Nuwara Eliya,Oolong,5514.09,3841.37,7.93,5951.53
2023,3,Dimbula,CTC,26744.29,21353.37,3.12,27579.57
2023,3,Dimbula,Orthodox,21358.87,12845.15,11.91,23902.83
2023,3,Dimbula,Green Tea,15950.53,12182.6,6.45,16979.12
2023,3,Dimbula,White Tea,8321.88,4994.12,6.51,8863.41
2023,3,Dimbula,Oolong,5002.26,3235.03,5.63,5283.91
2023,3,Kandy,CTC,23132.91,15810.86,9.41,25310.78
2023,3,Kandy,Orthodox,22565.75,17625.2,7.1,24167.0
2023,3,Kandy,Green Tea,14785.2,9186.94,7.74,15929.84
2023,3,Kandy,White Tea,7211.98,4789.33,4.82,7559.92
2023,3,Kandy,Oolong,5193.95,3243.62,6.35,5523.68
2023,4,Central Province,CTC,21078.52,12944.47,8.96,22966.92
2023,4,Central Province,Orthodox,18922.13,11647.92,11.91,21175.72
2023,4,Central Province,Green Tea,14194.55,10941.0,8.66,15423.95
2023,4,Central Province,White Tea,6621.09,4991.56,7.02,7086.1
2023,4,Central Province,Oolong,4271.3,2809.63,5.33,4498.84
2023,4,Uva Province,CTC,19503.43,13826.2,3.2,20127.38
2023,4,Uva Province,Orthodox,18249.52,11561.31,5.4,19234.22
2023,4,Uva Province,Green Tea,13646.68,10361.76,2.09,13932.51
2023,4,Uva Province,White Tea,6536.03,4125.25,11.9,7313.92
2023,4,Uva Province,Oolong,4012.19,2710.13,8.29,4344.93
2023,4,Sabaragamuwa,CTC,19355.58,12673.98,7.72,20849.08
2023,4,Sabaragamuwa,Orthodox,16554.08,10525.4,7.63,17816.96
2023,4,Sabaragamuwa,Green Tea,13265.67,8334.02,7.6,14273.53
2023,4,Sabaragamuwa,White Tea,5837.53,4648.14,8.81,6351.69
2023,4,Sabaragamuwa,Oolong,4232.14,2829.26,6.3,4498.92
2023,4,Southern Province,CTC,17649.56,11105.18,9.46,19319.68
2023,4,Southern Province,Orthodox,16161.86,12309.74,10.59,17872.66
2023,4,Southern Province,Green Tea,12065.61,7996.37,6.42,12839.63
2023,4,Southern Province,White Tea,5231.37,3294.2,11.96,5857.07
2023,4,Southern Province,Oolong,3982.56,2693.9,9.14,4346.54
2023,4,Nuwara Eliya,CTC,22842.55,14790.48,6.99,24438.89
2023,4,Nuwara Eliya,Orthodox,20653.69,14874.57,3.88,21456.04
2023,4,Nuwara Eliya,Green Tea,14315.34,10948.36,12.21,16063.93
2023,4,Nuwara Eliya,White Tea,6897.3,5243.25,3.7,7152.54
2023,4,Nuwara Eliya,Oolong,4556.97,3357.46,10.4,5031.04
2023,4,Dimbula,CTC,22091.59,15949.3,7.55,23758.64
2023,4,Dimbula,Orthodox,18549.6,11428.71,3.85,19263.69
2023,4,Dimbula,Green Tea,14296.31,8834.43,5.63,15101.48
2023,4,Dimbula,White Tea,6392.62,4228.95,7.86,6895.31
2023,4,Dimbula,Oolong,4572.47,3552.33,12.96,5165.1
2023,4,Kandy,CTC,23290.82,14884.97,15.24,26840.96
2023,4,Kandy,Orthodox,17368.98,13060.86,3.57,17988.92
2023,4,Kandy,Green Tea,14321.13,10706.27,7.59,15408.42
2023,4,Kandy,White Tea,6794.21,4143.93,8.73,7387.27
2023,4,Kandy,Oolong,4272.11,2757.2,2.99,4399.87
2023,5,Central Province,CTC,21420.73,14667.93,8.53,23247.19
2023,5,Central Province,Orthodox,18203.76,12541.85,7.69,19604.51
2023,5,Central Province,Green Tea,12210.39,9547.43,7.51,13127.84
2023,5,Central Province,White Tea,6809.75,5191.49,9.19,7435.84
2023,5,Central Province,Oolong,4051.67,3118.55,2.28,4143.89
2023,5,Uva Province,CTC,21243.75,16744.29,6.33,22589.34
2023,5,Uva Province,Orthodox,18227.42,13871.42,10.13,20074.16
2023,5,Uva Province,Green Tea,12813.99,7819.77,11.28,14259.55
2023,5,Uva Province,White Tea,6516.09,4496.56,5.17,6853.12
2023,5,Uva Province,Oolong,3860.71,2806.54,11.87,4319.16
2023,5,Sabaragamuwa,CTC,19548.54,13862.64,5.79,20680.34
2023,5,Sabaragamuwa,Orthodox,15615.12,11707.0,5.21,16428.36
2023,5,Sabaragamuwa,Green Tea,11419.64,9060.96,7.72,12301.75
2023,5,Sabaragamuwa,White Tea,5445.77,4245.47,0.23,5458.55
2023,5,Sabaragamuwa,Oolong,4150.83,2699.84,8.67,4510.82
2023,5,Southern Province,CTC,17007.98,10905.45,7.56,18293.84
2023,5,Southern Province,Orthodox,15978.55,11346.88,9.39,17478.53
2023,5,Southern Province,Green Tea,11935.36,8594.06,5.84,12632.16
2023,5,Southern Province,White Tea,5619.9,4468.28,10.28,6197.77
2023,5,Southern Province,Oolong,3253.7,2374.2,10.59,3598.35
2023,5,Nuwara Eliya,CTC,21770.38,16614.05,5.68,23007.44
2023,5,Nuwara Eliya,Orthodox,17284.25,12007.14,12.52,19447.65
2023,5,Nuwara Eliya,Green Tea,14105.54,10916.7,10.74,15620.53
2023,5,Nuwara Eliya,White Tea,6679.49,5139.93,7.57,7184.93
2023,5,Nuwara Eliya,Oolong,4369.46,2766.31,4.16,4551.36
2023,5,Dimbula,CTC,21862.9,15895.74,13.51,24817.52
2023,5,Dimbula,Orthodox,17764.61,10806.2,6.17,18859.95
2023,5,Dimbula,Green Tea,14431.71,11135.32,2.37,14773.72
2023,5,Dimbula,White Tea,6221.11,4918.56,13.67,7071.62
2023,5,Dimbula,Oolong,4376.62,3087.78,8.51,4749.05
2023,5,Kandy,CTC,20051.44,13245.08,9.09,21873.98
2023,5,Kandy,Orthodox,19762.38,14231.22,11.76,22086.01
2023,5,Kandy,Green Tea,13175.27,9531.5,4.69,13793.61
2023,5,Kandy,White Tea,6227.99,4473.83,8.37,6749.41
2023,5,Kandy,Oolong,4253.56,3082.45,4.85,4459.9
2023,6,Central Province,CTC,20128.86,14205.57,15.5,23249.83
2023,6,Central Province,Orthodox,17535.95,11214.44,1.75,17843.48
2023,6,Central Province,Green Tea,12903.21,7961.2,9.52,14131.68
2023,6,Central Province,White Tea,6702.98,4608.59,5.68,7083.46
2023,6,Central Province,Oolong,4167.0,2789.39,2.89,4287.58
2023,6,Uva Province,CTC,17364.45,12978.65,8.09,18768.43
2023,6,Uva Province,Orthodox,16434.8,10966.36,6.36,17480.32
2023,6,Uva Province,Green Tea,13620.72,9493.69,9.08,14857.75
2023,6,Uva Province,White Tea,6503.57,4209.9,9.13,7097.43
2023,6,Uva Province,Oolong,3349.1,2059.62,6.11,3553.74
2023,6,Sabaragamuwa,CTC,17688.82,12399.55,6.17,18780.27
2023,6,Sabaragamuwa,Orthodox,14825.05,9003.13,8.6,16099.41
2023,6,Sabaragamuwa,Green Tea,12626.11,8238.31,7.36,13555.68
2023,6,Sabaragamuwa,White Tea,5360.96,3698.07,7.74,5775.67
2023,6,Sabaragamuwa,Oolong,3977.97,2651.26,13.53,4516.26
2023,6,Southern Province,CTC,16737.66,11270.46,7.05,17916.87
2023,6,Southern Province,Orthodox,14886.81,11809.03,7.02,15931.88
2023,6,Southern Province,Green Tea,12161.71,7990.75,10.41,13427.31
2023,6,Southern Province,White Tea,5008.3,3487.8,14.45,5731.77
2023,6,Southern Province,Oolong,3324.88,2206.42,10.87,3686.3
2023,6,Nuwara Eliya,CTC,22337.03,16128.95,7.91,24103.62
2023,6,Nuwara Eliya,Orthodox,16722.03,11181.27,8.9,18210.11
2023,6,Nuwara Eliya,Green Tea,14045.34,9873.15,11.43,15651.32
2023,6,Nuwara Eliya,White Tea,6387.15,4602.85,9.18,6973.48
2023,6,Nuwara Eliya,Oolong,4330.79,3406.23,6.38,4607.08
2023,6,Dimbula,CTC,19730.65,14133.94,8.62,21431.25
2023,6,Dimbula,Orthodox,17229.16,13369.27,12.28,19344.86
2023,6,Dimbula,Green Tea,14020.63,10160.77,8.84,15259.75
2023,6,Dimbula,White Tea,6113.66,3914.93,5.7,6461.98
2023,6,Dimbula,Oolong,4197.49,3086.33,8.89,4570.72
2023,6,Kandy,CTC,19062.19,14321.23,6.27,20257.8
2023,6,Kandy,Orthodox,15673.7,11337.17,7.57,16859.46
2023,6,Kandy,Green Tea,12923.61,8965.25,7.26,13862.17
2023,6,Kandy,White Tea,5876.24,3764.95,7.08,6292.46
2023,6,Kandy,Oolong,3913.69,2790.79,12.41,4399.55
2023,7,Central Province,CTC,26829.69,20847.95,7.33,28795.52
2023,7,Central Province,Orthodox,21487.5,16817.1,5.42,22652.61
2023,7,Central Province,Green Tea,17298.87,10841.88,6.84,18481.75
2023,7,Central Province,White Tea,7616.79,5123.67,9.25,8321.51
2023,7,Central Province,Oolong,5007.23,3336.99,8.66,5441.09
2023,7,Uva Province,CTC,25137.21,19754.84,10.31,27729.04
2023,7,Uva Province,Orthodox,20937.42,15655.1,6.23,22241.89
2023,7,Uva Province,Green Tea,15422.44,10125.65,6.13,16367.12
2023,7,Uva Province,White Tea,7660.78,6092.8,10.66,8477.31
2023,7,Uva Province,Oolong,5073.96,3485.33,6.52,5404.81
2023,7,Sabaragamuwa,CTC,22434.09,17712.55,8.7,24384.85
2023,7,Sabaragamuwa,Orthodox,18610.65,13981.04,4.72,19488.5
2023,7,Sabaragamuwa,Green Tea,15877.74,10938.41,3.41,16418.95
2023,7,Sabaragamuwa,White Tea,6512.59,3983.7,10.25,7180.12
2023,7,Sabaragamuwa,Oolong,4477.22,2836.79,2.33,4581.54
2023,7,Southern Province,CTC,20162.66,12329.03,2.96,20758.52
2023,7,Southern Province,Orthodox,19063.03,12016.35,8.62,20706.8
2023,7,Southern Province,Green Tea,15082.98,10314.75,11.0,16742.12
2023,7,Southern Province,White Tea,6184.62,4334.97,12.97,6986.68
2023,7,Southern Province,Oolong,4220.12,2842.88,8.3,4570.2
2023,7,Nuwara Eliya,CTC,26364.03,18465.08,9.01,28740.45
2023,7,Nuwara Eliya,Orthodox,22760.15,16305.69,9.45,24911.06
2023,7,Nuwara Eliya,Green Tea,17512.3,12107.61,8.93,19077.02
2023,7,Nuwara Eliya,White Tea,6996.54,5550.64,6.46,7448.18
2023,7,Nuwara Eliya,Oolong,5151.49,3980.0,8.73,5601.25
2023,7,Dimbula,CTC,24699.18,17535.02,7.9,26649.54
2023,7,Dimbula,Orthodox,22910.97,14681.32,7.35,24594.61
2023,7,Dimbula,Green Tea,16879.89,10312.3,11.79,18869.6
2023,7,Dimbula,White Tea,7709.72,5074.35,9.44,8437.47
2023,7,Dimbula,Oolong,5430.88,3589.71,7.71,5849.39
2023,7,Kandy,CTC,24308.53,16033.22,7.26,26073.53
2023,7,Kandy,Orthodox,20813.85,13435.27,12.52,23420.73
2023,7,Kandy,Green Tea,15650.74,12332.55,5.1,16449.12
2023,7,Kandy,White Tea,6910.65,5378.06,7.82,7450.82
2023,7,Kandy,Oolong,5382.55,4288.51,6.97,5757.79
2023,8,Central Province,CTC,24639.54,15691.94,10.95,27336.82
2023,8,Central Province,Orthodox,21486.68,14901.96,9.08,23437.33
2023,8,Central Province,Green Tea,15732.36,9524.71,13.8,17903.93
2023,8,Central Province,White Tea,7923.28,5439.87,8.79,8619.79
2023,8,Central Province,Oolong,4737.3,3211.14,15.91,5491.16
2023,8,Uva Province,CTC,25953.35,20383.28,3.3,26810.6
2023,8,Uva Province,Orthodox,20924.33,14449.61,9.68,22950.48
2023,8,Uva Province,Green Tea,16187.09,10626.99,4.73,16952.64
2023,8,Uva Province,White Tea,7131.63,5703.59,3.29,7365.93
2023,8,Uva Province,Oolong,4947.89,3050.45,6.12,5250.75
2023,8,Sabaragamuwa,CTC,23069.38,16196.83,4.48,24103.01
2023,8,Sabaragamuwa,Orthodox,18963.47,11707.92,4.62,19839.93
2023,8,Sabaragamuwa,Green Tea,15029.6,10733.7,9.29,16425.88
2023,8,Sabaragamuwa,White Tea,7008.47,4224.98,9.68,7686.54
2023,8,Sabaragamuwa,Oolong,4582.64,3384.65,3.07,4723.44
2023,8,Southern Province,CTC,22370.77,15808.63,2.59,22949.81
2023,8,Southern Province,Orthodox,17611.33,14009.66,6.99,18843.03
2023,8,Southern Province,Green Tea,14304.89,10308.8,11.54,15955.03
2023,8,Southern Province,White Tea,6684.73,4939.98,3.44,6914.46
2023,8,Southern Province,Oolong,4463.61,3223.93,8.03,4821.85
2023,8,Nuwara Eliya,CTC,28942.7,18352.35,6.17,30728.48
2023,8,Nuwara Eliya,Orthodox,21307.9,14624.92,4.46,22258.58
2023,8,Nuwara Eliya,Green Tea,17600.7,13355.46,12.53,19806.12
2023,8,Nuwara Eliya,White Tea,7406.69,5643.86,10.68,8197.44
2023,8,Nuwara Eliya,Oolong,5232.13,3667.2,5.84,5537.5
2023,8,Dimbula,CTC,26633.37,18353.15,14.59,30518.83
2023,8,Dimbula,Orthodox,22534.61,17412.19,9.41,24656.09
2023,8,Dimbula,Green Tea,17350.53,13422.3,4.73,18170.37
2023,8,Dimbula,White Tea,8571.41,5780.64,9.87,9417.06
2023,8,Dimbula,Oolong,5259.05,3570.35,5.34,5539.71
2023,8,Kandy,CTC,24896.94,19751.91,9.64,27296.71
2023,8,Kandy,Orthodox,22392.63,17764.62,7.12,23988.05
2023,8,Kandy,Green Tea,14940.32,10536.2,6.21,15868.23
2023,8,Kandy,White Tea,7187.26,5371.0,10.79,7962.64
2023,8,Kandy,Oolong,4676.74,3101.27,4.34,4879.56
2023,9,Central Province,CTC,24142.57,15413.86,7.7,26000.62
2023,9,Central Province,Orthodox,21321.19,15251.24,1.63,21668.5
2023,9,Central Province,Green Tea,18469.43,13325.05,10.92,20486.16
2023,9,Central Province,White Tea,8162.92,5002.39,6.17,8666.58
2023,9,Central Province,Oolong,5776.84,3709.85,9.82,6343.94
2023,9,Uva Province,CTC,25337.33,16305.02,11.62,28280.33
2023,9,Uva Province,Orthodox,22995.93,16303.2,3.42,23782.04
2023,9,Uva Province,Green Tea,16267.61,10537.35,5.96,17236.92
2023,9,Uva Province,White Tea,7492.3,5550.34,3.9,7784.73
2023,9,Uva Province,Oolong,4953.61,3359.46,4.28,5165.58
2023,9,Sabaragamuwa,CTC,23410.4,14364.79,10.2,25797.29
2023,9,Sabaragamuwa,Orthodox,19377.84,13587.45,5.32,20409.03
2023,9,Sabaragamuwa,Green Tea,16100.33,12380.72,9.15,17573.56
2023,9,Sabaragamuwa,White Tea,7757.21,5139.67,4.86,8134.55
2023,9,Sabaragamuwa,Oolong,4871.71,2932.6,6.99,5212.26
2023,9,Southern Province,CTC,20864.33,15411.97,5.25,21960.03
2023,9,Southern Province,Orthodox,18664.8,14228.65,11.11,20738.25
2023,9,Southern Province,Green Tea,14493.31,10803.36,2.64,14875.32
2023,9,Southern Province,White Tea,7082.01,5112.76,4.54,7403.46
2023,9,Southern Province,Oolong,4662.16,3053.4,12.67,5252.88
2023,9,Nuwara Eliya,CTC,25291.03,18104.91,7.05,27073.53
2023,9,Nuwara Eliya,Orthodox,24174.4,17558.94,10.87,26801.18
2023,9,Nuwara Eliya,Green Tea,17731.0,11464.37,8.08,19164.01
2023,9,Nuwara Eliya,White Tea,7628.54,4854.44,7.75,8219.86
2023,9,Nuwara Eliya,Oolong,5065.87,3301.03,8.14,5478.36
2023,9,Dimbula,CTC,25888.52,20336.71,7.68,27875.73
2023,9,Dimbula,Orthodox,23756.15,14758.34,10.15,26166.84
2023,9,Dimbula,Green Tea,18384.8,13853.92,9.75,20176.46
2023,9,Dimbula,White Tea,8344.74,6399.29,5.53,8805.89
2023,9,Dimbula,Oolong,5988.21,4141.88,10.95,6643.71
2023,9,Kandy,CTC,25628.71,18652.38,8.1,27703.92
2023,9,Kandy,Orthodox,22232.58,14640.84,5.59,23474.29
2023,9,Kandy,Green Tea,16174.07,11941.78,8.41,17533.67
2023,9,Kandy,White Tea,7698.58,4779.76,9.32,8415.74
2023,9,Kandy,Oolong,4639.86,2882.94,14.13,5295.29
2023,10,Central Province,CTC,23793.36,18217.08,9.08,25954.65
2023,10,Central Province,Orthodox,18718.21,11651.7,8.59,20326.81
2023,10,Central Province,Green Tea,14506.88,9821.32,6.15,15398.98
2023,10,Central Province,White Tea,6884.13,5280.1,9.76,7555.74
2023,10,Central Province,Oolong,4414.19,3298.22,9.02,4812.14
2023,10,Uva Province,CTC,22550.55,15068.1,3.93,23436.21
2023,10,Uva Province,Orthodox,18690.79,11306.6,7.51,20093.78
2023,10,Uva Province,Green Tea,14826.94,11376.35,10.83,16432.45
2023,10,Uva Province,White Tea,6924.47,4332.43,11.96,7752.85
2023,10,Uva Province,Oolong,4301.3,2615.15,10.54,4754.68
2023,10,Sabaragamuwa,CTC,21611.82,15999.23,6.63,23044.87
2023,10,Sabaragamuwa,Orthodox,16845.09,11545.27,7.82,18161.83
2023,10,Sabaragamuwa,Green Tea,13844.4,10081.73,7.83,14928.64
2023,10,Sabaragamuwa,White Tea,6231.47,3821.2,2.15,6365.53
2023,10,Sabaragamuwa,Oolong,4086.61,2842.54,8.69,4441.75
2023,10,Southern Province,CTC,20689.98,15154.31,4.74,21671.07
2023,10,Southern Province,Orthodox,15643.48,10373.72,10.76,17327.0
2023,10,Southern Province,Green Tea,12807.0,7786.14,5.47,13507.16
2023,10,Southern Province,White Tea,6100.01,4746.82,8.79,6636.43
2023,10,Southern Province,Oolong,3527.87,2171.03,1.31,3574.03
2023,10,Nuwara Eliya,CTC,25111.01,16295.31,9.59,27518.63
2023,10,Nuwara Eliya,Orthodox,21524.97,16690.98,7.18,23070.97
2023,10,Nuwara Eliya,Green Tea,15789.69,10081.7,3.26,16305.07
2023,10,Nuwara Eliya,White Tea,7374.03,4496.34,10.04,8114.44
2023,10,Nuwara Eliya,Oolong,4733.18,3164.03,11.54,5279.24
2023,10,Dimbula,CTC,22216.23,16691.7,8.3,24060.1
2023,10,Dimbula,Orthodox,18493.26,11792.16,9.01,20158.59
2023,10,Dimbula,Green Tea,15972.02,9639.11,8.89,17391.89
2023,10,Dimbula,White Tea,7004.35,5350.62,6.22,7440.03
2023,10,Dimbula,Oolong,4378.45,3149.28,4.0,4553.61
2023,10,Kandy,CTC,23159.31,16585.57,12.2,25983.77
2023,10,Kandy,Orthodox,19776.54,12680.25,11.49,22048.57
2023,10,Kandy,Green Tea,13880.79,8688.98,6.97,14848.43
2023,10,Kandy,White Tea,6982.29,5533.79,9.25,7628.36
2023,10,Kandy,Oolong,4209.14,2614.42,9.4,4604.68
2023,11,Central Province,CTC,21930.75,15870.34,11.85,24529.86
2023,11,Central Province,Orthodox,18993.36,14565.85,10.94,21070.76
2023,11,Central Province,Green Tea,13704.83,9978.34,10.27,15112.27
2023,11,Central Province,White Tea,6539.18,3967.22,7.76,7046.43
2023,11,Central Province,Oolong,4058.6,3013.28,8.86,4418.08
2023,11,Uva Province,CTC,19955.62,13946.47,6.04,21160.61
2023,11,Uva Province,Orthodox,17794.05,12458.04,6.27,18909.07
2023,11,Uva Province,Green Tea,12502.94,7893.76,10.03,13756.55
2023,11,Uva Province,White Tea,6414.34,4816.95,13.03,7250.27
2023,11,Uva Province,Oolong,3996.48,2721.98,2.42,4093.27
2023,11,Sabaragamuwa,CTC,18492.64,13183.75,3.94,19221.71
2023,11,Sabaragamuwa,Orthodox,16769.67,10952.9,7.44,18016.95
2023,11,Sabaragamuwa,Green Tea,13061.35,8277.63,8.8,14210.33
2023,11,Sabaragamuwa,White Tea,5812.8,4587.13,9.47,6363.12
2023,11,Sabaragamuwa,Oolong,3654.2,2330.14,11.17,4062.5
2023,11,Southern Province,CTC,17818.81,11204.0,7.17,19096.52
2023,11,Southern Province,Orthodox,15454.28,11731.59,5.26,16267.42
2023,11,Southern Province,Green Tea,11242.26,6964.83,9.62,12324.32
2023,11,Southern Province,White Tea,5369.21,3925.77,11.22,5971.79
2023,11,Southern Province,Oolong,4030.85,2968.86,9.25,4403.52
2023,11,Nuwara Eliya,CTC,21088.57,12817.66,10.29,23258.92
2023,11,Nuwara Eliya,Orthodox,20198.66,14419.81,7.67,21747.57
2023,11,Nuwara Eliya,Green Tea,15098.57,11095.32,5.36,15908.55
2023,11,Nuwara Eliya,White Tea,6427.52,4883.06,10.38,7094.88
2023,11,Nuwara Eliya,Oolong,4581.32,3582.77,7.09,4906.14
2023,11,Dimbula,CTC,23690.56,16252.4,3.9,24614.64
2023,11,Dimbula,Orthodox,17007.82,12797.13,6.21,18063.5
2023,11,Dimbula,Green Tea,14403.44,10766.37,7.66,15506.14
2023,11,Dimbula,White Tea,6570.91,4294.75,7.83,7085.27
2023,11,Dimbula,Oolong,4453.99,3314.71,10.16,4906.62
2023,11,Kandy,CTC,22073.39,13368.18,5.1,23199.47
2023,11,Kandy,Orthodox,19281.07,12132.02,3.72,19998.64
2023,11,Kandy,Green Tea,13378.16,9772.16,9.97,14711.46
2023,11,Kandy,White Tea,6861.9,4264.6,3.18,7079.85
2023,11,Kandy,Oolong,4397.55,3517.47,6.29,4674.07
2023,12,Central Province,CTC,21304.52,15607.09,5.47,22469.83
2023,12,Central Province,Orthodox,20113.89,12614.41,8.04,21731.54
2023,12,Central Province,Green Tea,13976.8,8666.05,5.45,14738.82
2023,12,Central Province,White Tea,6886.17,4652.73,6.25,7316.32
2023,12,Central Province,Oolong,4356.26,3468.79,6.01,4618.13
2023,12,Uva Province,CTC,19725.15,12492.09,13.46,22380.48
2023,12,Uva Province,Orthodox,17513.06,10706.18,7.48,18823.67
2023,12,Uva Province,Green Tea,13765.72,10816.45,5.05,14460.39
2023,12,Uva Province,White Tea,6673.59,4599.29,7.97,7205.15
2023,12,Uva Province,Oolong,4405.8,2796.77,10.76,4879.72
2023,12,Sabaragamuwa,CTC,21209.66,13025.69,3.86,22029.12
2023,12,Sabaragamuwa,Orthodox,17337.69,13857.06,1.49,17595.2
2023,12,Sabaragamuwa,Green Tea,13774.21,9454.81,7.67,14831.35
2023,12,Sabaragamuwa,White Tea,6082.25,4727.85,11.93,6807.9
2023,12,Sabaragamuwa,Oolong,4314.56,3132.39,3.57,4468.55
2023,12,Southern Province,CTC,17728.35,10968.74,7.24,19011.7
2023,12,Southern Province,Orthodox,15355.11,11473.45,5.99,16274.97
2023,12,Southern Province,Green Tea,12230.38,7735.74,1.94,12467.67
2023,12,Southern Province,White Tea,5550.99,4176.97,11.11,6167.68
2023,12,Southern Province,Oolong,3760.95,2599.11,7.07,4026.89
2023,12,Nuwara Eliya,CTC,22887.18,15667.13,8.03,24724.17
2023,12,Nuwara Eliya,Orthodox,19243.37,14364.1,13.18,21779.4
2023,12,Nuwara Eliya,Green Tea,15562.73,11169.16,6.28,16540.38
2023,12,Nuwara Eliya,White Tea,6717.58,4874.31,5.8,7107.27
2023,12,Nuwara Eliya,Oolong,4561.81,2972.75,11.6,5091.08
2023,12,Dimbula,CTC,22937.57,15818.14,10.51,25349.06
2023,12,Dimbula,Orthodox,17743.6,12870.51,7.82,19131.58
2023,12,Dimbula,Green Tea,13151.48,9379.24,-0.5,13086.12
2023,12,Dimbula,White Tea,7341.07,5265.36,6.83,7842.3
2023,12,Dimbula,Oolong,4187.16,2900.81,7.9,4517.79
2023,12,Kandy,CTC,21925.13,14625.84,7.48,23565.52
2023,12,Kandy,Orthodox,18419.18,13378.01,9.87,20237.19
2023,12,Kandy,Green Tea,13297.9,8978.27,8.37,14411.42
2023,12,Kandy,White Tea,6565.92,4526.38,5.59,6933.16
2023,12,Kandy,Oolong,4174.59,2642.16,10.06,4594.67
2024,1,Central Province,CTC,29353.85,21783.04,7.53,31563.25
2024,1,Central Province,Orthodox,24758.34,15272.0,0.13,24791.36
2024,1,Central Province,Green Tea,19019.12,11827.92,3.11,19609.85
2024,1,Central Province,White Tea,7966.09,5922.89,10.19,8778.22
2024,1,Central Province,Oolong,5863.5,4238.73,11.32,6527.1
2024,1,Uva Province,CTC,25338.94,20210.41,5.63,26766.54
2024,1,Uva Province,Orthodox,24564.28,18102.52,5.9,26013.95
2024,1,Uva Province,Green Tea,16907.51,11095.67,5.77,17882.8
2024,1,Uva Province,White Tea,7492.85,4525.16,6.55,7983.73
2024,1,Uva Province,Oolong,5041.59,3032.1,4.26,5256.26
2024,1,Sabaragamuwa,CTC,26715.43,16812.6,9.58,29274.95
2024,1,Sabaragamuwa,Orthodox,22146.86,16017.9,6.47,23580.72
2024,1,Sabaragamuwa,Green Tea,16681.25,11039.38,6.59,17780.98
2024,1,Sabaragamuwa,White Tea,8142.43,6206.05,6.12,8641.01
2024,1,Sabaragamuwa,Oolong,5247.72,3575.23,7.61,5647.28
2024,1,Southern Province,CTC,23974.44,18688.23,12.67,27011.74
2024,1,Southern Province,Orthodox,19850.03,15106.35,9.78,21790.88
2024,1,Southern Province,Green Tea,15293.02,12088.4,10.31,16869.39
2024,1,Southern Province,White Tea,8088.56,5896.8,11.55,9023.01
2024,1,Southern Province,Oolong,4826.18,3795.57,7.18,5172.68
2024,1,Nuwara Eliya,CTC,31251.09,18833.66,9.55,34236.81
2024,1,Nuwara Eliya,Orthodox,22719.16,15898.72,14.34,25976.42
2024,1,Nuwara Eliya,Green Tea,19542.96,13692.66,6.53,20820.01
2024,1,Nuwara Eliya,White Tea,8886.51,5597.4,12.77,10020.92
2024,1,Nuwara Eliya,Oolong,5639.31,4367.53,9.42,6170.55
2024,1,Dimbula,CTC,27336.09,21662.97,9.07,29816.34
2024,1,Dimbula,Orthodox,23595.82,17115.62,8.1,25507.56
2024,1,Dimbula,Green Tea,19508.49,14895.99,6.13,20703.74
2024,1,Dimbula,White Tea,8671.52,5991.94,9.24,9473.14
2024,1,Dimbula,Oolong,5620.4,3987.02,9.15,6134.47
2024,1,Kandy,CTC,26563.73,18158.88,8.29,28766.78
2024,1,Kandy,Orthodox,24293.93,15202.67,6.89,25967.62
2024,1,Kandy,Green Tea,17567.41,12729.83,8.88,19128.26
2024,1,Kandy,White Tea,8824.07,5706.86,6.23,9373.82
2024,1,Kandy,Oolong,5201.19,3863.09,10.01,5721.64
2024,2,Central Province,CTC,27457.95,17172.81,11.07,30497.43
2024,2,Central Province,Orthodox,21675.61,16041.46,7.24,23245.3
2024,2,Central Province,Green Tea,17261.51,12104.25,8.8,18779.9
2024,2,Central Province,White Tea,8393.67,5935.48,8.06,9070.04
2024,2,Central Province,Oolong,5713.13,3991.17,7.02,6114.0
2024,2,Uva Province,CTC,24338.7,18725.15,-1.53,23966.3
2024,2,Uva Province,Orthodox,21515.36,14343.43,11.5,23989.7
2024,2,Uva Province,Green Tea,19042.39,12333.13,7.08,20391.19
2024,2,Uva Province,White Tea,7698.8,5133.63,12.36,8650.68
2024,2,Uva Province,Oolong,5081.37,4013.55,6.8,5426.92
2024,2,Sabaragamuwa,CTC,23314.79,16136.97,6.44,24815.85
2024,2,Sabaragamuwa,Orthodox,21238.6,15086.68,2.15,21695.63
2024,2,Sabaragamuwa,Green Tea,15260.53,12103.18,1.87,15545.63
2024,2,Sabaragamuwa,White Tea,6807.48,4415.97,5.88,7207.51
2024,2,Sabaragamuwa,Oolong,5264.76,3375.75,7.23,5645.26
2024,2,Southern Province,CTC,24682.54,16481.68,6.74,26346.56
2024,2,Southern Province,Orthodox,18222.75,13637.89,8.9,19844.6
2024,2,Southern Province,Green Tea,15205.08,10195.1,7.26,16308.48
2024,2,Southern Province,White Tea,6586.78,5145.48,11.47,7342.46
2024,2,Southern Province,Oolong,4571.21,3193.47,7.45,4911.69
2024,2,Nuwara Eliya,CTC,29427.12,20862.8,7.4,31605.74
2024,2,Nuwara Eliya,Orthodox,25307.32,18519.4,4.85,26534.25
2024,2,Nuwara Eliya,Green Tea,18148.53,11301.62,8.44,19679.54
2024,2,Nuwara Eliya,White Tea,8788.71,6169.19,9.86,9655.21
2024,2,Nuwara Eliya,Oolong,5461.18,3587.64,6.61,5821.95
2024,2,Dimbula,CTC,29513.37,20893.47,6.04,31295.67
2024,2,Dimbula,Orthodox,23265.96,18301.9,5.35,24511.69
2024,2,Dimbula,Green Tea,19017.93,13184.66,9.59,20842.31
2024,2,Dimbula,White Tea,7956.94,6168.12,7.14,8525.0
2024,2,Dimbula,Oolong,5373.89,3774.9,9.44,5881.08
2024,2,Kandy,CTC,29667.02,23414.32,7.29,31830.37
2024,2,Kandy,Orthodox,23911.48,14587.55,15.03,27505.61
2024,2,Kandy,Green Tea,16680.66,12797.66,9.25,18223.06
2024,2,Kandy,White Tea,7779.01,5054.76,5.52,8208.54
2024,2,Kandy,Oolong,4949.78,3453.91,5.87,5240.25
2024,3,Central Province,CTC,26865.23,16419.63,7.89,28985.16
2024,3,Central Province,Orthodox,22015.31,16892.08,8.45,23876.2
2024,3,Central Province,Green Tea,19958.35,14216.71,12.08,22369.38
2024,3,Central Province,White Tea,7802.49,5179.01,6.52,8311.2
2024,3,Central Province,Oolong,4965.63,3094.91,9.3,5427.27
2024,3,Uva Province,CTC,26019.0,17158.04,9.84,28579.69
2024,3,Uva Province,Orthodox,22556.29,17064.94,12.12,25290.51
2024,3,Uva Province,Green Tea,16573.33,10460.59,9.17,18093.57
2024,3,Uva Province,White Tea,7824.02,5021.94,6.58,8338.65
2024,3,Uva Province,Oolong,5106.95,3475.3,6.73,5450.74
2024,3,Sabaragamuwa,CTC,24222.51,14971.54,9.91,26622.45
2024,3,Sabaragamuwa,Orthodox,19326.43,11793.85,2.94,19894.3
2024,3,Sabaragamuwa,Green Tea,14739.19,10025.51,7.97,15913.97
2024,3,Sabaragamuwa,White Tea,7619.33,5795.53,6.02,8077.68
2024,3,Sabaragamuwa,Oolong,4696.16,3168.36,4.95,4928.47
2024,3,Southern Province,CTC,23050.37,17090.6,6.67,24586.71
2024,3,Southern Province,Orthodox,18749.26,11646.31,4.54,19600.39
2024,3,Southern Province,Green Tea,14043.91,11195.62,8.91,15295.27
2024,3,Southern Province,White Tea,6610.02,4730.87,11.98,7401.62
2024,3,Southern Province,Oolong,4549.39,2888.4,10.57,5030.25
2024,3,Nuwara Eliya,CTC,29426.39,21447.2,6.87,31448.89
2024,3,Nuwara Eliya,Orthodox,24808.01,19320.35,9.1,27064.98
2024,3,Nuwara Eliya,Green Tea,19672.99,14782.0,8.92,21426.98
2024,3,Nuwara Eliya,White Tea,7905.54,6004.13,9.09,8624.42
2024,3,Nuwara Eliya,Oolong,5463.02,3784.57,8.72,5939.16
2024,3,Dimbula,CTC,26461.97,15972.87,4.98,27779.31
2024,3,Dimbula,Orthodox,24336.88,17617.87,1.43,24683.98
2024,3,Dimbula,Green Tea,18498.52,11896.26,9.41,20239.98
2024,3,Dimbula,White Tea,8144.31,6485.19,11.69,9096.38
2024,3,Dimbula,Oolong,5349.81,3892.76,6.22,5682.44
2024,3,Kandy,CTC,26844.74,16459.18,7.38,28826.71
2024,3,Kandy,Orthodox,24611.64,17979.93,11.6,27466.1
2024,3,Kandy,Green Tea,16324.33,12549.1,4.0,16976.68
2024,3,Kandy,White Tea,8014.95,5710.9,6.63,8546.43
2024,3,Kandy,Oolong,5421.8,3478.1,10.91,6013.25
2024,4,Central Province,CTC,23868.86,16384.14,8.59,25920.25
2024,4,Central Province,Orthodox,19218.84,12080.14,9.51,21046.41
2024,4,Central Province,Green Tea,15120.06,10038.88,7.62,16271.59
2024,4,Central Province,White Tea,6577.69,4899.79,7.29,7057.39
2024,4,Central Province,Oolong,4768.11,3282.99,5.93,5051.04
2024,4,Uva Province,CTC,23181.47,15681.63,7.76,24979.62
2024,4,Uva Province,Orthodox,16408.38,11050.52,5.14,17252.47
2024,4,Uva Province,Green Tea,14962.77,10060.28,8.35,16211.79
2024,4,Uva Province,White Tea,7120.57,4656.05,8.87,7752.21
2024,4,Uva Province,Oolong,4368.83,3253.5,7.56,4699.04
2024,4,Sabaragamuwa,CTC,22297.19,13508.97,10.91,24730.35
2024,4,Sabaragamuwa,Orthodox,17508.63,12416.24,15.18,20165.8
2024,4,Sabaragamuwa,Green Tea,12817.82,8186.33,7.33,13756.87
2024,4,Sabaragamuwa,White Tea,6085.44,4219.26,9.7,6675.75
2024,4,Sabaragamuwa,Oolong,4144.17,2908.14,13.35,4697.31
2024,4,Southern Province,CTC,20046.96,12702.7,5.46,21140.68
2024,4,Southern Province,Orthodox,16237.09,10671.92,3.92,16873.55
2024,4,Southern Province,Green Tea,12983.43,9480.43,4.18,13525.79
2024,4,Southern Province,White Tea,5690.56,3497.51,11.68,6355.41
2024,4,Southern Province,Oolong,4161.67,2503.13,10.2,4586.19
2024,4,Nuwara Eliya,CTC,23141.2,16519.25,8.07,25007.67
2024,4,Nuwara Eliya,Orthodox,18102.75,14283.13,14.13,20660.04
2024,4,Nuwara Eliya,Green Tea,15104.64,10469.71,8.57,16398.75
2024,4,Nuwara Eliya,White Tea,7074.29,4888.99,3.2,7300.8
2024,4,Nuwara Eliya,Oolong,4325.77,2737.58,11.14,4807.76
2024,4,Dimbula,CTC,24611.33,18035.24,8.04,26590.95
2024,4,Dimbula,Orthodox,20153.53,15768.96,7.43,21651.72
2024,4,Dimbula,Green Tea,15578.74,12362.87,9.62,17076.68
2024,4,Dimbula,White Tea,7017.29,4954.28,10.7,7768.45
2024,4,Dimbula,Oolong,5129.68,3649.51,5.94,5434.37
2024,4,Kandy,CTC,21244.84,15147.37,10.89,23557.98
2024,4,Kandy,Orthodox,18722.24,14042.28,5.56,19763.48
2024,4,Kandy,Green Tea,14429.42,9608.64,2.6,14803.94
2024,4,Kandy,White Tea,7038.47,5186.24,7.44,7562.13
2024,4,Kandy,Oolong,4393.85,3403.79,8.86,4783.04
2024,5,Central Province,CTC,20364.23,14304.2,4.64,21308.2
2024,5,Central Province,Orthodox,19296.95,13106.7,6.83,20615.19
2024,5,Central Province,Green Tea,13857.83,9383.28,3.98,14408.93
2024,5,Central Province,White Tea,6551.45,4592.72,8.68,7120.13
2024,5,Central Province,Oolong,4332.18,2649.77,8.87,4716.34
2024,5,Uva Province,CTC,20148.74,12721.52,3.12,20777.91
2024,5,Uva Province,Orthodox,18042.8,13429.07,3.33,18644.32
2024,5,Uva Province,Green Tea,14422.83,10275.24,8.26,15613.61
2024,5,Uva Province,White Tea,5872.71,3671.78,8.41,6366.47
2024,5,Uva Province,Oolong,3762.73,2273.47,8.66,4088.75
2024,5,Sabaragamuwa,CTC,20447.98,16230.85,14.97,23509.86
2024,5,Sabaragamuwa,Orthodox,15977.68,11349.55,7.92,17243.14
2024,5,Sabaragamuwa,Green Tea,11529.88,9008.65,5.88,12208.15
2024,5,Sabaragamuwa,White Tea,5986.79,4077.86,4.37,6248.56
2024,5,Sabaragamuwa,Oolong,3880.51,2534.15,6.96,4150.68
2024,5,Southern Province,CTC,18719.26,12235.09,8.39,20289.72
2024,5,Southern Province,Orthodox,15065.42,11853.57,8.2,16301.42
2024,5,Southern Province,Green Tea,12402.94,9485.51,11.57,13838.24
2024,5,Southern Province,White Tea,5597.87,4158.05,8.23,6058.82
2024,5,Southern Province,Oolong,3692.13,2301.72,10.42,4076.74
2024,5,Nuwara Eliya,CTC,21545.11,15480.13,8.24,23321.12
2024,5,Nuwara Eliya,Orthodox,21615.63,13012.81,7.0,23128.23
2024,5,Nuwara Eliya,Green Tea,14769.26,11669.21,3.79,15328.62
2024,5,Nuwara Eliya,White Tea,6408.92,4761.44,2.3,6556.61
2024,5,Nuwara Eliya,Oolong,4193.19,2860.44,10.45,4631.41
2024,5,Dimbula,CTC,21757.29,13166.81,5.19,22886.19
2024,5,Dimbula,Orthodox,19447.13,12450.73,5.95,20604.05
2024,5,Dimbula,Green Tea,14339.69,8632.4,5.51,15130.02
2024,5,Dimbula,White Tea,6684.69,5153.25,8.29,7239.08
2024,5,Dimbula,Oolong,4348.83,3290.19,8.41,4714.73
2024,5,Kandy,CTC,21666.7,15203.43,9.36,23694.87
2024,5,Kandy,Orthodox,18588.33,13856.34,6.65,19824.07
2024,5,Kandy,Green Tea,13334.05,10113.99,6.02,14137.15
2024,5,Kandy,White Tea,6239.43,4793.9,11.17,6936.62
2024,5,Kandy,Oolong,4442.84,3488.69,8.37,4814.73
2024,6,Central Province,CTC,21779.73,16937.1,4.47,22753.28
2024,6,Central Province,Orthodox,19828.16,12644.42,5.44,20907.47
2024,6,Central Province,Green Tea,13586.89,8386.15,2.74,13958.58
2024,6,Central Province,White Tea,6326.35,3978.56,16.75,7386.3
2024,6,Central Province,Oolong,3784.4,2665.6,5.98,4010.6
2024,6,Uva Province,CTC,19805.32,14897.58,8.05,21399.26
2024,6,Uva Province,Orthodox,16166.93,9871.32,12.21,18141.32
2024,6,Uva Province,Green Tea,12437.51,7919.74,4.62,13011.6
2024,6,Uva Province,White Tea,5626.16,3776.5,8.77,6119.48
2024,6,Uva Province,Oolong,4088.73,2769.27,13.4,4636.79
2024,6,Sabaragamuwa,CTC,20314.03,12212.24,2.01,20723.3
2024,6,Sabaragamuwa,Orthodox,16197.33,12698.83,6.66,17276.24
2024,6,Sabaragamuwa,Green Tea,11769.82,8401.11,3.82,12219.07
2024,6,Sabaragamuwa,White Tea,5550.56,4073.18,8.64,6030.21
2024,6,Sabaragamuwa,Oolong,3618.76,2206.83,0.64,3641.75
2024,6,Southern Province,CTC,18297.33,12639.64,6.23,19436.54
2024,6,Southern Province,Orthodox,14458.47,11145.75,3.43,14954.8
2024,6,Southern Province,Green Tea,11081.83,6909.53,10.78,12276.12
2024,6,Southern Province,White Tea,5411.19,3876.13,7.53,5818.84
2024,6,Southern Province,Oolong,3984.48,2682.38,10.48,4402.12
2024,6,Nuwara Eliya,CTC,22106.94,13780.35,12.16,24796.16
2024,6,Nuwara Eliya,Orthodox,18792.68,14795.74,4.76,19688.05
2024,6,Nuwara Eliya,Green Tea,14837.48,11169.94,6.82,15849.03
2024,6,Nuwara Eliya,White Tea,6693.34,4283.3,6.48,7127.0
2024,6,Nuwara Eliya,Oolong,4405.0,3282.14,1.01,4449.57
2024,6,Dimbula,CTC,21122.7,14722.83,5.21,22223.96
2024,6,Dimbula,Orthodox,19357.59,12279.21,8.51,21004.55
2024,6,Dimbula,Green Tea,14302.6,10171.64,10.87,15857.83
2024,6,Dimbula,White Tea,6173.31,3874.86,13.0,6975.91
2024,6,Dimbula,Oolong,4338.34,3157.77,14.2,4954.58
2024,6,Kandy,CTC,21219.36,15224.34,7.19,22745.44
2024,6,Kandy,Orthodox,17357.38,13040.1,5.47,18307.3
2024,6,Kandy,Green Tea,13323.48,10378.32,12.37,14971.46
2024,6,Kandy,White Tea,5972.86,4657.16,3.32,6171.38
2024,6,Kandy,Oolong,4168.62,3217.32,9.98,4584.78
2024,7,Central Province,CTC,24622.66,15952.38,6.38,26194.64
2024,7,Central Province,Orthodox,20312.13,13489.56,6.49,21630.31
2024,7,Central Province,Green Tea,16469.97,11767.08,5.78,17422.58
2024,7,Central Province,White Tea,6995.27,5241.49,5.75,7397.69
2024,7,Central Province,Oolong,5244.88,3495.19,9.25,5730.16
2024,7,Uva Province,CTC,23769.27,14881.07,9.39,26000.57
2024,7,Uva Province,Orthodox,22032.44,14304.99,6.36,23432.88
2024,7,Uva Province,Green Tea,16264.35,10582.24,10.9,18037.86
2024,7,Uva Province,White Tea,7849.39,5738.59,15.76,9086.75
2024,7,Uva Province,Oolong,5042.18,3337.29,6.87,5388.55
2024,7,Sabaragamuwa,CTC,21572.8,15288.57,4.21,22481.38
2024,7,Sabaragamuwa,Orthodox,20462.25,15564.45,4.76,21436.53
2024,7,Sabaragamuwa,Green Tea,16360.15,11981.71,9.25,17873.05
2024,7,Sabaragamuwa,White Tea,7376.92,4860.95,6.43,7851.05
2024,7,Sabaragamuwa,Oolong,5023.4,3394.77,9.37,5494.1
2024,7,Southern Province,CTC,21567.83,16469.04,2.4,22084.59
2024,7,Southern Province,Orthodox,18766.89,13742.87,10.28,20695.47
2024,7,Southern Province,Green Tea,14840.66,11349.38,5.06,15591.39
2024,7,Southern Province,White Tea,6512.48,4023.86,11.25,7244.9
2024,7,Southern Province,Oolong,4068.27,2677.89,6.96,4351.42
2024,7,Nuwara Eliya,CTC,26795.59,19271.73,11.7,29930.99
2024,7,Nuwara Eliya,Orthodox,22790.38,14083.09,6.03,24164.8
2024,7,Nuwara Eliya,Green Tea,16324.45,12842.3,7.34,17522.4
2024,7,Nuwara Eliya,White Tea,7748.53,5521.86,6.65,8263.51
2024,7,Nuwara Eliya,Oolong,5727.65,3983.13,8.63,6222.0
2024,7,Dimbula,CTC,24265.72,17266.9,5.91,25699.36
2024,7,Dimbula,Orthodox,21826.78,13102.3,7.24,23405.98
2024,7,Dimbula,Green Tea,18204.17,13006.21,7.45,19560.34
2024,7,Dimbula,White Tea,7611.34,4816.56,6.51,8106.55
2024,7,Dimbula,Oolong,5518.52,4310.8,5.99,5849.26
2024,7,Kandy,CTC,24914.42,15510.92,10.31,27483.7
2024,7,Kandy,Orthodox,21914.02,13870.39,10.74,24268.64
2024,7,Kandy,Green Tea,15078.06,11268.72,6.32,16030.39
2024,7,Kandy,White Tea,7705.56,4707.71,7.93,8316.27
2024,7,Kandy,Oolong,5001.24,3504.0,1.4,5071.07
2024,8,Central Province,CTC,28123.34,21794.17,5.26,29603.33
2024,8,Central Province,Orthodox,22809.04,17452.97,11.49,25429.06
2024,8,Central Province,Green Tea,16580.21,10999.03,3.19,17108.41
2024,8,Central Province,White Tea,7262.05,5753.88,7.18,7783.13
2024,8,Central Province,Oolong,5154.99,3636.14,7.12,5522.14
2024,8,Uva Province,CTC,25040.17,17193.84,3.51,25918.49
2024,8,Uva Province,Orthodox,22179.03,15198.48,10.41,24488.48
2024,8,Uva Province,Green Tea,15411.76,11632.78,4.62,16124.28
2024,8,Uva Province,White Tea,7541.91,4722.57,12.33,8471.49
2024,8,Uva Province,Oolong,5165.25,3597.31,10.22,5693.09
2024,8,Sabaragamuwa,CTC,24484.41,19419.91,8.06,26457.18
2024,8,Sabaragamuwa,Orthodox,20977.19,13413.83,6.33,22304.75
2024,8,Sabaragamuwa,Green Tea,16081.05,10951.2,4.78,16849.8
2024,8,Sabaragamuwa,White Tea,7487.62,5846.5,8.07,8091.84
2024,8,Sabaragamuwa,Oolong,4694.22,3397.79,4.91,4924.69
2024,8,Southern Province,CTC,21114.52,15198.28,1.47,21424.08
2024,8,Southern Province,Orthodox,20276.46,13281.85,3.57,21000.46
2024,8,Southern Province,Green Tea,14878.85,9141.29,10.2,16396.36
2024,8,Southern Province,White Tea,6806.98,4497.19,5.56,7185.63
2024,8,Southern Province,Oolong,4255.24,3045.11,6.81,4544.94
2024,8,Nuwara Eliya,CTC,27947.31,17231.84,9.78,30679.84
2024,8,Nuwara Eliya,Orthodox,21931.76,16913.45,11.45,24443.12
2024,8,Nuwara Eliya,Green Tea,16950.58,10818.22,7.15,18162.35
2024,8,Nuwara Eliya,White Tea,8062.24,6074.47,10.63,8919.13
2024,8,Nuwara Eliya,Oolong,5411.14,3750.45,4.86,5674.22
2024,8,Dimbula,CTC,26369.41,16609.56,4.46,27546.19
2024,8,Dimbula,Orthodox,19529.04,15235.62,10.33,21547.16
2024,8,Dimbula,Green Tea,17486.56,12211.7,9.97,19229.56
2024,8,Dimbula,White Tea,7549.94,4831.31,6.74,8058.44
2024,8,Dimbula,Oolong,5457.74,3561.19,6.96,5837.85
2024,8,Kandy,CTC,26624.77,18547.17,9.08,29041.93
2024,8,Kandy,Orthodox,22545.99,14431.98,7.82,24309.07
2024,8,Kandy,Green Tea,16360.06,10381.3,5.14,17200.61
2024,8,Kandy,White Tea,8119.3,5870.82,7.33,8714.79
2024,8,Kandy,Oolong,5393.23,3288.22,7.59,5802.38
2024,9,Central Province,CTC,28038.3,20274.79,3.78,29097.92
2024,9,Central Province,Orthodox,23338.17,17032.91,6.55,24867.56
2024,9,Central Province,Green Tea,18813.33,12494.17,12.2,21108.26
2024,9,Central Province,White Tea,8215.14,5140.63,5.42,8660.17
2024,9,Central Province,Oolong,5509.26,3655.13,9.98,6059.03
2024,9,Uva Province,CTC,26200.93,17345.19,12.76,29544.69
2024,9,Uva Province,Orthodox,22611.48,16610.43,8.75,24589.59
2024,9,Uva Province,Green Tea,17114.26,12881.2,6.24,18181.94
2024,9,Uva Province,White Tea,7718.26,5993.22,6.5,8219.9
2024,9,Uva Province,Oolong,4556.73,2740.51,4.13,4744.85
2024,9,Sabaragamuwa,CTC,24238.16,17164.33,11.3,26976.33
2024,9,Sabaragamuwa,Orthodox,22361.55,17692.37,11.11,24845.57
2024,9,Sabaragamuwa,Green Tea,14219.5,11243.94,10.24,15674.93
2024,9,Sabaragamuwa,White Tea,6939.28,4339.08,10.9,7695.79
2024,9,Sabaragamuwa,Oolong,4865.34,3561.88,11.06,5403.68
2024,9,Southern Province,CTC,21802.07,15704.84,7.59,23456.76
2024,9,Southern Province,Orthodox,19810.54,14052.07,6.04,21008.08
2024,9,Southern Province,Green Tea,16452.73,12595.97,6.78,17568.23
2024,9,Southern Province,White Tea,7095.38,5583.81,3.85,7368.84
2024,9,Southern Province,Oolong,4760.79,3145.17,8.87,5182.93
2024,9,Nuwara Eliya,CTC,27453.6,17336.24,0.4,27564.7
2024,9,Nuwara Eliya,Orthodox,23661.19,14591.28,5.65,24997.22
2024,9,Nuwara Eliya,Green Tea,18962.48,13907.22,10.19,20893.92
2024,9,Nuwara Eliya,White Tea,8583.43,6216.99,10.02,9443.15
2024,9,Nuwara Eliya,Oolong,5941.54,3981.59,9.88,6528.54
2024,9,Dimbula,CTC,29013.06,17409.24,1.24,29371.71
2024,9,Dimbula,Orthodox,23034.04,14974.35,6.02,24419.62
2024,9,Dimbula,Green Tea,17728.44,11316.14,10.59,19605.39
2024,9,Dimbula,White Tea,8916.94,5780.59,8.04,9633.79
2024,9,Dimbula,Oolong,5567.92,4173.33,6.07,5905.67
2024,9,Kandy,CTC,28823.75,22826.06,8.63,31311.67
2024,9,Kandy,Orthodox,23518.5,16431.63,11.9,26317.86
2024,9,Kandy,Green Tea,16651.3,12211.09,6.94,17806.72
2024,9,Kandy,White Tea,8376.06,6008.6,3.12,8637.09
2024,9,Kandy,Oolong,5739.99,3748.17,7.41,6165.16
2024,10,Central Province,CTC,25395.68,18608.05,1.06,25664.02
2024,10,Central Province,Orthodox,19407.38,14152.04,11.98,21733.2
2024,10,Central Province,Green Tea,16319.26,9857.94,5.78,17262.8
2024,10,Central Province,White Tea,7000.08,5429.61,3.65,7255.39
2024,10,Central Province,Oolong,4862.02,3387.66,8.15,5258.11
2024,10,Uva Province,CTC,21075.1,16028.27,7.92,22744.5
2024,10,Uva Province,Orthodox,19278.32,15078.82,7.24,20674.75
2024,10,Uva Province,Green Tea,14477.2,10646.8,10.07,15935.09
2024,10,Uva Province,White Tea,6522.19,4697.23,9.01,7109.98
2024,10,Uva Province,Oolong,4446.9,2805.85,6.4,4731.53
2024,10,Sabaragamuwa,CTC,20563.85,14116.82,4.63,21516.32
2024,10,Sabaragamuwa,Orthodox,17308.89,12129.01,8.58,18794.02
2024,10,Sabaragamuwa,Green Tea,13897.06,10109.84,4.18,14477.52
2024,10,Sabaragamuwa,White Tea,6839.53,4562.8,9.17,7466.95
2024,10,Sabaragamuwa,Oolong,4132.99,2880.02,12.52,4650.33
2024,10,Southern Province,CTC,21076.82,13952.21,12.62,23736.93
2024,10,Southern Province,Orthodox,17102.05,10695.97,9.51,18727.66
2024,10,Southern Province,Green Tea,13660.35,10479.05,2.77,14038.97
2024,10,Southern Province,White Tea,5538.21,3397.13,10.06,6095.39
2024,10,Southern Province,Oolong,3936.81,2929.25,10.91,4366.35
2024,10,Nuwara Eliya,CTC,24370.73,15554.75,10.31,26882.36
2024,10,Nuwara Eliya,Orthodox,21830.37,16610.18,8.11,23601.49
2024,10,Nuwara Eliya,Green Tea,16122.78,11517.78,6.76,17212.17
2024,10,Nuwara Eliya,White Tea,7756.43,5289.92,8.28,8398.62
2024,10,Nuwara Eliya,Oolong,4724.82,3097.73,7.9,5098.19
2024,10,Dimbula,CTC,24342.18,15981.46,7.54,26177.17
2024,10,Dimbula,Orthodox,22317.98,14114.71,6.63,23798.47
2024,10,Dimbula,Green Tea,16851.01,13032.08,7.71,18149.78
2024,10,Dimbula,White Tea,7695.91,4811.92,11.33,8568.23
2024,10,Dimbula,Oolong,4598.43,3617.67,10.59,5085.61
2024,10,Kandy,CTC,24033.38,15472.97,10.48,26551.76
2024,10,Kandy,Orthodox,21531.34,16234.52,4.98,22602.8
2024,10,Kandy,Green Tea,14672.7,11218.04,9.63,16085.48
2024,10,Kandy,White Tea,5907.11,3915.75,12.08,6620.55
2024,10,Kandy,Oolong,4954.79,3380.09,9.69,5434.89
2024,11,Central Province,CTC,23781.32,17651.07,10.82,26353.48
2024,11,Central Province,Orthodox,17264.6,11193.56,7.11,18492.72
2024,11,Central Province,Green Tea,15142.53,10231.34,7.87,16333.77
2024,11,Central Province,White Tea,6522.76,4534.7,8.73,7091.97
2024,11,Central Province,Oolong,4436.83,2869.41,3.56,4594.98
2024,11,Uva Province,CTC,22526.62,16990.59,6.66,24026.41
2024,11,Uva Province,Orthodox,16357.92,11456.88,12.0,18321.14
2024,11,Uva Province,Green Tea,14501.55,10111.65,14.21,16562.23
2024,11,Uva Province,White Tea,5903.36,4501.58,8.06,6379.18
2024,11,Uva Province,Oolong,3985.02,3001.64,8.37,4318.49
2024,11,Sabaragamuwa,CTC,19009.19,13376.39,6.97,20335.0
2024,11,Sabaragamuwa,Orthodox,16475.55,11225.24,5.79,17428.84
2024,11,Sabaragamuwa,Green Tea,13787.11,9530.52,6.51,14684.23
2024,11,Sabaragamuwa,White Tea,5827.19,4089.65,5.73,6160.95
2024,11,Sabaragamuwa,Oolong,4057.87,2893.87,4.86,4255.02
2024,11,Southern Province,CTC,19118.58,14959.35,8.42,20728.36
2024,11,Southern Province,Orthodox,15701.8,12231.97,5.76,16606.93
2024,11,Southern Province,Green Tea,12152.82,8366.96,7.92,13115.81
2024,11,Southern Province,White Tea,5671.38,3786.84,6.19,6022.35
2024,11,Southern Province,Oolong,4213.22,3260.02,6.34,4480.5
2024,11,Nuwara Eliya,CTC,22384.31,17099.05,13.7,25450.11
2024,11,Nuwara Eliya,Orthodox,18007.51,10974.0,8.8,19592.48
2024,11,Nuwara Eliya,Green Tea,15783.46,9984.31,9.19,17234.62
2024,11,Nuwara Eliya,White Tea,7111.79,5567.6,8.96,7748.97
2024,11,Nuwara Eliya,Oolong,4761.86,3162.5,7.21,5105.41
2024,11,Dimbula,CTC,21909.9,13338.22,8.22,23710.71
2024,11,Dimbula,Orthodox,18809.5,12249.84,13.17,21286.04
2024,11,Dimbula,Green Tea,15119.87,9073.14,4.9,15860.56
2024,11,Dimbula,White Tea,6633.87,4623.62,4.36,6922.81
2024,11,Dimbula,Oolong,4214.45,3341.15,4.68,4411.71
2024,11,Kandy,CTC,21575.05,14801.24,8.13,23328.91
2024,11,Kandy,Orthodox,18122.46,11216.19,10.15,19961.55
2024,11,Kandy,Green Tea,14535.31,10379.12,12.24,16313.86
2024,11,Kandy,White Tea,6113.65,4284.53,9.57,6698.57
2024,11,Kandy,Oolong,3962.04,3128.76,9.1,4322.59
2024,12,Central Province,CTC,23224.39,14296.91,10.26,25608.3
2024,12,Central Province,Orthodox,19251.24,12169.53,5.07,20227.43
2024,12,Central Province,Green Tea,13062.7,9508.04,7.37,14025.69
2024,12,Central Province,White Tea,6734.07,4410.42,4.87,7062.23
2024,12,Central Province,Oolong,4752.86,2881.39,5.97,5036.66
2024,12,Uva Province,CTC,21567.05,14248.41,9.55,23626.69
2024,12,Uva Province,Orthodox,17768.23,14176.74,7.44,19090.61
2024,12,Uva Province,Green Tea,14073.02,9689.94,7.04,15064.25
2024,12,Uva Province,White Tea,5957.3,4411.82,16.5,6940.29
2024,12,Uva Province,Oolong,4457.3,2842.99,5.49,4702.08
2024,12,Sabaragamuwa,CTC,18962.77,14645.42,9.09,20686.93
2024,12,Sabaragamuwa,Orthodox,17366.94,11643.87,10.09,19119.95
2024,12,Sabaragamuwa,Green Tea,13824.28,9769.94,4.18,14401.65
2024,12,Sabaragamuwa,White Tea,6078.32,4490.5,9.77,6672.38
2024,12,Sabaragamuwa,Oolong,4654.9,3042.23,0.83,4693.43
2024,12,Southern Province,CTC,17702.39,13123.29,0.48,17787.41
2024,12,Southern Province,Orthodox,16237.61,9879.61,9.33,17752.54
2024,12,Southern Province,Green Tea,14464.75,9166.14,7.23,15509.89
2024,12,Southern Province,White Tea,5890.04,4068.66,10.09,6484.11
2024,12,Southern Province,Oolong,4080.52,2840.15,8.41,4423.7
2024,12,Nuwara Eliya,CTC,23654.04,16932.18,0.99,23887.15
2024,12,Nuwara Eliya,Orthodox,21347.91,13233.56,12.33,23979.22
2024,12,Nuwara Eliya,Green Tea,14739.76,9075.85,8.78,16033.89
2024,12,Nuwara Eliya,White Tea,6271.18,4501.22,10.05,6901.59
2024,12,Nuwara Eliya,Oolong,4726.74,3001.28,5.47,4985.35
2024,12,Dimbula,CTC,23161.16,17081.06,8.81,25200.68
2024,12,Dimbula,Orthodox,19015.78,15120.85,7.16,20377.47
2024,12,Dimbula,Green Tea,14580.87,10643.63,2.98,15014.88
2024,12,Dimbula,White Tea,6324.68,3872.74,8.87,6885.88
2024,12,Dimbula,Oolong,4369.35,2678.94,10.46,4826.46
2024,12,Kandy,CTC,22962.56,15635.29,13.31,26019.36
2024,12,Kandy,Orthodox,17723.99,13008.03,6.23,18827.51
2024,12,Kandy,Green Tea,13388.37,9229.11,13.6,15208.85
2024,12,Kandy,White Tea,6904.89,4813.06,6.36,7344.34
2024,12,Kandy,Oolong,4027.92,2563.22,9.25,4400.36
2025,1,Central Province,CTC,29448.7,18824.99,6.59,31389.19
2025,1,Central Province,Orthodox,23609.45,16128.91,12.72,26611.84
2025,1,Central Province,Green Tea,16809.17,10423.77,6.45,17892.65
2025,1,Central Province,White Tea,9200.87,6745.68,4.22,9589.58
2025,1,Central Province,Oolong,5721.59,3654.32,2.62,5871.39
2025,1,Uva Province,CTC,27420.99,17700.44,8.65,29793.66
2025,1,Uva Province,Orthodox,22726.58,16541.6,6.84,24281.17
2025,1,Uva Province,Green Tea,16744.49,12417.54,11.68,18700.82
2025,1,Uva Province,White Tea,7621.33,5564.83,9.14,8318.1
2025,1,Uva Province,Oolong,5554.69,3818.46,4.95,5829.82
2025,1,Sabaragamuwa,CTC,27065.72,20956.08,3.5,28012.63
2025,1,Sabaragamuwa,Orthodox,20709.77,13490.74,6.55,22066.88
2025,1,Sabaragamuwa,Green Tea,15092.1,11813.54,6.95,16140.65
2025,1,Sabaragamuwa,White Tea,7309.45,4946.35,3.66,7576.86
2025,1,Sabaragamuwa,Oolong,5355.19,3870.91,11.02,5945.34
2025,1,Southern Province,CTC,25995.05,15796.48,6.4,27658.65
2025,1,Southern Province,Orthodox,21060.6,14313.84,11.28,23435.27
2025,1,Southern Province,Green Tea,17756.09,10698.99,7.89,19157.73
2025,1,Southern Province,White Tea,7362.85,4922.75,11.18,8186.05
2025,1,Southern Province,Oolong,4900.71,3426.89,4.71,5131.34
2025,1,Nuwara Eliya,CTC,33102.71,22648.19,5.3,34855.79
2025,1,Nuwara Eliya,Orthodox,26098.47,19873.87,9.41,28554.0
2025,1,Nuwara Eliya,Green Tea,19624.09,13096.52,5.32,20667.98
2025,1,Nuwara Eliya,White Tea,9663.78,5949.68,8.63,10497.61
2025,1,Nuwara Eliya,Oolong,6307.27,4469.18,4.7,6603.89
2025,1,Dimbula,CTC,29918.87,23614.23,4.81,31358.7
2025,1,Dimbula,Orthodox,23015.15,16601.7,5.42,24262.06
2025,1,Dimbula,Green Tea,19534.68,14926.75,5.31,20571.63
2025,1,Dimbula,White Tea,8472.74,6417.21,5.61,8948.21
2025,1,Dimbula,Oolong,5888.54,4128.82,6.39,6264.92
2025,1,Kandy,CTC,30898.85,20732.18,9.33,33780.24
2025,1,Kandy,Orthodox,25881.12,18363.25,13.38,29342.72
2025,1,Kandy,Green Tea,17309.49,10678.74,10.31,19094.83
2025,1,Kandy,White Tea,8429.01,5900.64,6.79,9001.23
2025,1,Kandy,Oolong,5843.16,4427.99,10.5,6456.74
2025,2,Central Province,CTC,26301.22,17851.6,2.85,27050.4
2025,2,Central Province,Orthodox,23817.06,15084.92,8.08,25740.57
2025,2,Central Province,Green Tea,18725.4,13871.54,6.42,19927.0
2025,2,Central Province,White Tea,8297.6,6077.11,9.81,9111.4
2025,2,Central Province,Oolong,6180.6,4264.12,6.22,6564.85
2025,2,Uva Province,CTC,26484.62,18690.64,3.87,27510.49
2025,2,Uva Province,Orthodox,23150.24,16963.53,10.39,25554.52
2025,2,Uva Province,Green Tea,17475.41,12233.86,6.22,18562.96
2025,2,Uva Province,White Tea,7888.45,5588.65,6.87,8430.0
2025,2,Uva Province,Oolong,5405.88,3252.56,6.08,5734.78
2025,2,Sabaragamuwa,CTC,25413.88,18879.4,4.4,26530.88
2025,2,Sabaragamuwa,Orthodox,21545.28,15821.9,9.46,23583.23
2025,2,Sabaragamuwa,Green Tea,16357.3,12023.04,4.89,17157.32
2025,2,Sabaragamuwa,White Tea,8111.62,5713.6,6.29,8622.05
2025,2,Sabaragamuwa,Oolong,5134.29,3999.36,10.26,5661.13
2025,2,Southern Province,CTC,22474.73,16092.93,9.56,24622.5
2025,2,Southern Province,Orthodox,19820.74,14549.43,9.92,21787.05
2025,2,Southern Province,Green Tea,15735.84,10500.37,4.49,16442.24
2025,2,Southern Province,White Tea,6860.89,4361.93,4.92,7198.35
2025,2,Southern Province,Oolong,4680.44,3037.87,10.51,5172.42
2025,2,Nuwara Eliya,CTC,26434.34,19796.25,6.35,28114.19
2025,2,Nuwara Eliya,Orthodox,24765.35,19123.97,9.34,27078.34
2025,2,Nuwara Eliya,Green Tea,17875.69,13194.48,8.68,19427.08
2025,2,Nuwara Eliya,White Tea,9721.36,7562.61,8.58,10555.75
2025,2,Nuwara Eliya,Oolong,6108.77,4582.4,7.6,6572.85
2025,2,Dimbula,CTC,31923.83,21233.06,7.17,34214.25
2025,2,Dimbula,Orthodox,23994.95,17388.25,7.13,25704.72
2025,2,Dimbula,Green Tea,16637.94,11441.24,6.24,17675.92
2025,2,Dimbula,White Tea,8207.79,6055.94,6.46,8738.26
2025,2,Dimbula,Oolong,5272.29,3500.37,8.21,5705.04
2025,2,Kandy,CTC,26299.06,16555.01,8.46,28523.97
2025,2,Kandy,Orthodox,24133.14,17937.32,10.45,26655.51
2025,2,Kandy,Green Tea,17480.51,12733.78,14.16,19955.65
2025,2,Kandy,White Tea,8226.85,6216.0,6.75,8782.21
2025,2,Kandy,Oolong,4843.52,3174.86,8.02,5231.83
2025,3,Central Province,CTC,29205.5,22610.71,11.06,32435.67
2025,3,Central Province,Orthodox,24600.25,17522.05,5.92,26057.62
2025,3,Central Province,Green Tea,17826.77,12541.59,11.08,19801.42
2025,3,Central Province,White Tea,8827.7,6999.82,9.44,9661.17
2025,3,Central Province,Oolong,5478.28,3960.69,10.17,6035.27
2025,3,Uva Province,CTC,24779.39,18674.19,7.88,26732.54
2025,3,Uva Province,Orthodox,21142.19,13980.23,11.29,23529.5
2025,3,Uva Province,Green Tea,16584.63,11917.67,9.6,18177.36
2025,3,Uva Province,White Tea,7859.36,5367.05,9.36,8594.86
2025,3,Uva Province,Oolong,4913.28,3220.42,11.91,5498.3
2025,3,Sabaragamuwa,CTC,22948.18,13994.54,12.01,25704.25
2025,3,Sabaragamuwa,Orthodox,20960.39,15770.73,6.57,22337.65
2025,3,Sabaragamuwa,Green Tea,16960.63,10289.77,8.4,18385.64
2025,3,Sabaragamuwa,White Tea,6899.11,4756.62,6.03,7315.02
2025,3,Sabaragamuwa,Oolong,4983.3,3542.19,7.88,5375.94
2025,3,Southern Province,CTC,23688.11,14874.81,8.74,25757.55
2025,3,Southern Province,Orthodox,19580.99,15405.06,5.39,20635.7
2025,3,Southern Province,Green Tea,16339.23,10264.72,15.62,18892.21
2025,3,Southern Province,White Tea,7048.81,5518.68,5.85,7460.87
2025,3,Southern Province,Oolong,4790.14,2949.48,4.7,5015.13
2025,3,Nuwara Eliya,CTC,27064.3,20222.19,9.05,29513.55
2025,3,Nuwara Eliya,Orthodox,23966.27,17252.99,2.38,24537.65
2025,3,Nuwara Eliya,Green Tea,19146.74,12646.96,5.82,20261.04
2025,3,Nuwara Eliya,White Tea,8196.55,6045.97,9.36,8963.73
2025,3,Nuwara Eliya,Oolong,5678.66,3687.95,4.91,5957.3
2025,3,Dimbula,CTC,26691.26,20721.59,10.65,29533.8
2025,3,Dimbula,Orthodox,23554.32,17024.33,8.44,25543.07
2025,3,Dimbula,Green Tea,17931.77,13317.29,5.68,18950.84
2025,3,Dimbula,White Tea,8851.03,5810.77,12.49,9956.9
2025,3,Dimbula,Oolong,5344.64,3975.37,7.24,5731.66
2025,3,Kandy,CTC,29279.35,19025.39,8.1,31652.27
2025,3,Kandy,Orthodox,21427.67,12966.92,4.28,22344.39
2025,3,Kandy,Green Tea,18353.9,14306.12,6.29,19507.71
2025,3,Kandy,White Tea,6895.62,4179.88,11.48,7687.15
2025,3,Kandy,Oolong,5351.07,3576.58,10.05,5888.85
2025,4,Central Province,CTC,24821.08,15981.4,14.63,28451.8
2025,4,Central Province,Orthodox,21656.41,16143.26,5.35,22814.78
2025,4,Central Province,Green Tea,14759.49,9633.44,6.15,15667.61
2025,4,Central Province,White Tea,7235.78,4713.32,9.35,7912.0
2025,4,Central Province,Oolong,4310.15,3030.85,6.87,4606.36
2025,4,Uva Province,CTC,22270.77,14941.12,10.61,24634.72
2025,4,Uva Province,Orthodox,17559.92,13091.2,2.68,18030.92
2025,4,Uva Province,Green Tea,15189.27,11981.59,7.54,16334.24
2025,4,Uva Province,White Tea,6869.55,4252.33,2.23,7022.95
2025,4,Uva Province,Oolong,4338.08,2781.76,4.04,4513.28
2025,4,Sabaragamuwa,CTC,23292.9,17198.84,5.18,24500.2
2025,4,Sabaragamuwa,Orthodox,18664.53,13320.2,7.08,19986.67
2025,4,Sabaragamuwa,Green Tea,13121.43,9092.34,7.7,14131.14
2025,4,Sabaragamuwa,White Tea,6415.49,4917.04,11.5,7153.36
2025,4,Sabaragamuwa,Oolong,3971.89,2393.97,7.95,4287.7
2025,4,Southern Province,CTC,20855.94,15809.88,4.77,21850.94
2025,4,Southern Province,Orthodox,16783.06,11483.37,2.32,17173.25
2025,4,Southern Province,Green Tea,11939.97,7489.63,6.57,12724.46
2025,4,Southern Province,White Tea,5497.52,4368.49,11.07,6105.96
2025,4,Southern Province,Oolong,3847.66,2583.96,4.71,4028.83
2025,4,Nuwara Eliya,CTC,24547.62,17397.37,10.92,27228.64
2025,4,Nuwara Eliya,Orthodox,19566.8,14272.9,12.75,22060.86
2025,4,Nuwara Eliya,Green Tea,17601.34,13686.16,2.42,18026.51
2025,4,Nuwara Eliya,White Tea,7157.24,4747.54,4.09,7449.7
2025,4,Nuwara Eliya,Oolong,4622.56,3239.09,7.07,4949.35
2025,4,Dimbula,CTC,23426.28,16354.42,12.11,26263.27
2025,4,Dimbula,Orthodox,20651.25,14416.45,10.37,22792.8
2025,4,Dimbula,Green Tea,15833.8,11327.57,7.02,16944.79
2025,4,Dimbula,White Tea,6864.35,5221.21,5.37,7233.23
2025,4,Dimbula,Oolong,4817.44,3270.83,6.91,5150.29
2025,4,Kandy,CTC,24001.01,16382.66,7.94,25905.72
2025,4,Kandy,Orthodox,18776.8,11274.89,8.16,20308.53
2025,4,Kandy,Green Tea,15413.7,9622.05,4.64,16129.46
2025,4,Kandy,White Tea,6769.06,4938.48,5.18,7119.85
2025,4,Kandy,Oolong,4367.58,2690.07,9.69,4790.68
2025,5,Central Province,CTC,21590.62,16503.01,9.49,23640.29
2025,5,Central Province,Orthodox,19402.44,12949.97,12.22,21773.25
2025,5,Central Province,Green Tea,14059.38,9869.0,6.93,15033.2
2025,5,Central Province,White Tea,6076.94,4223.91,11.28,6762.38
2025,5,Central Province,Oolong,4762.22,3715.73,3.96,4951.01
2025,5,Uva Province,CTC,20741.27,13029.12,4.71,21717.7
2025,5,Uva Province,Orthodox,19251.41,15138.97,10.32,21238.1
2025,5,Uva Province,Green Tea,13851.84,8469.38,6.08,14693.9
2025,5,Uva Province,White Tea,6368.51,4673.65,10.91,7063.08
2025,5,Uva Province,Oolong,4171.21,2534.92,8.79,4537.98
2025,5,Sabaragamuwa,CTC,19674.57,12312.26,10.23,21686.39
2025,5,Sabaragamuwa,Orthodox,19068.91,11559.46,5.7,20155.43
2025,5,Sabaragamuwa,Green Tea,13617.19,10846.51,7.45,14631.59
2025,5,Sabaragamuwa,White Tea,5698.8,4451.73,9.26,6226.7
2025,5,Sabaragamuwa,Oolong,3765.23,2953.24,8.17,4072.85
2025,5,Southern Province,CTC,19691.39,14607.78,10.7,21798.78
2025,5,Southern Province,Orthodox,15607.82,11513.25,6.15,16567.95
2025,5,Southern Province,Green Tea,12104.9,9156.15,3.63,12544.51
2025,5,Southern Province,White Tea,5608.79,4253.92,12.4,6304.3
2025,5,Southern Province,Oolong,3870.32,2499.01,10.96,4294.63
2025,5,Nuwara Eliya,CTC,22291.17,13895.44,4.6,23316.1
2025,5,Nuwara Eliya,Orthodox,19005.7,13134.19,5.96,20138.54
2025,5,Nuwara Eliya,Green Tea,15923.65,9859.14,11.38,17736.25
2025,5,Nuwara Eliya,White Tea,7057.36,4747.81,10.33,7786.67
2025,5,Nuwara Eliya,Oolong,4485.96,3313.79,10.57,4960.17
2025,5,Dimbula,CTC,25063.98,16147.41,5.64,26477.86
2025,5,Dimbula,Orthodox,20365.83,14146.97,10.15,22432.76
2025,5,Dimbula,Green Tea,14157.52,11026.14,14.61,16226.3
2025,5,Dimbula,White Tea,7232.93,5498.98,7.98,7809.9
2025,5,Dimbula,Oolong,4218.0,2873.37,6.58,4495.6
2025,5,Kandy,CTC,21254.87,14982.29,9.86,23349.99
2025,5,Kandy,Orthodox,18047.42,13146.5,11.37,20099.25
2025,5,Kandy,Green Tea,13867.85,10523.99,7.13,14857.22
2025,5,Kandy,White Tea,6454.0,4976.18,6.53,6875.25
2025,5,Kandy,Oolong,4394.08,3497.45,7.86,4739.66
2025,6,Central Province,CTC,21040.44,13048.24,13.42,23864.66
2025,6,Central Province,Orthodox,18147.95,14374.14,7.5,19509.91
2025,6,Central Province,Green Tea,14658.55,9960.88,9.87,16105.59
2025,6,Central Province,White Tea,6074.25,4228.47,5.84,6428.81
2025,6,Central Province,Oolong,4750.57,3094.63,10.47,5247.8
2025,6,Uva Province,CTC,18308.0,12629.31,7.29,19643.42
2025,6,Uva Province,Orthodox,15860.7,10832.37,13.7,18034.14
2025,6,Uva Province,Green Tea,13875.82,10637.96,11.37,15454.1
2025,6,Uva Province,White Tea,6320.24,4531.86,3.72,6555.63
2025,6,Uva Province,Oolong,4035.62,2674.64,1.1,4079.84
2025,6,Sabaragamuwa,CTC,18998.67,11800.12,6.62,20256.29
2025,6,Sabaragamuwa,Orthodox,17371.69,13725.74,11.82,19425.59
2025,6,Sabaragamuwa,Green Tea,13900.57,11053.95,3.84,14434.88
2025,6,Sabaragamuwa,White Tea,6069.54,3742.52,8.22,6568.25
2025,6,Sabaragamuwa,Oolong,3821.27,2739.67,3.99,3973.7
2025,6,Southern Province,CTC,17808.4,13538.56,7.62,19165.48
2025,6,Southern Province,Orthodox,14553.15,10172.15,9.32,15908.92
2025,6,Southern Province,Green Tea,12382.03,8666.48,10.26,13653.03
2025,6,Southern Province,White Tea,5217.71,3423.3,13.18,5905.54
2025,6,Southern Province,Oolong,3490.82,2214.38,10.43,3854.84
2025,6,Nuwara Eliya,CTC,20510.13,14885.87,8.78,22311.21
2025,6,Nuwara Eliya,Orthodox,19510.01,12811.43,5.56,20594.37
2025,6,Nuwara Eliya,Green Tea,15218.48,10983.39,5.88,16113.68
2025,6,Nuwara Eliya,White Tea,6746.22,4967.19,8.92,7347.93
2025,6,Nuwara Eliya,Oolong,4481.66,3552.9,6.08,4754.05
2025,6,Dimbula,CTC,19956.83,12454.14,8.99,21751.83
2025,6,Dimbula,Orthodox,19545.42,13189.01,12.07,21904.94
2025,6,Dimbula,Green Tea,14608.16,9702.55,7.31,15676.42
2025,6,Dimbula,White Tea,6655.47,5089.84,3.05,6858.67
2025,6,Dimbula,Oolong,4266.25,3167.27,9.53,4672.78
2025,6,Kandy,CTC,19581.81,14816.73,2.99,20168.28
2025,6,Kandy,Orthodox,17350.58,11716.19,0.15,17375.84
2025,6,Kandy,Green Tea,13362.68,9849.73,7.55,14371.6
2025,6,Kandy,White Tea,5897.18,4500.77,7.16,6319.21
2025,6,Kandy,Oolong,4201.57,2771.73,12.24,4716.01
2025,7,Central Province,CTC,24727.58,16003.73,10.71,27374.71
2025,7,Central Province,Orthodox,22083.82,17384.94,6.21,23456.05
2025,7,Central Province,Green Tea,15322.27,11869.83,9.01,16702.49
2025,7,Central Province,White Tea,7318.12,4694.25,4.88,7675.15
2025,7,Central Province,Oolong,4912.79,3613.17,4.99,5157.8
2025,7,Uva Province,CTC,26015.38,15952.07,2.95,26783.97
2025,7,Uva Province,Orthodox,21042.85,16568.92,4.19,21924.88
2025,7,Uva Province,Green Tea,17644.46,11486.85,4.61,18457.04
2025,7,Uva Province,White Tea,7249.36,4601.91,6.55,7724.27
2025,7,Uva Province,Oolong,4524.65,3173.18,10.98,5021.46
2025,7,Sabaragamuwa,CTC,21721.25,14314.78,9.85,23860.34
2025,7,Sabaragamuwa,Orthodox,20945.28,13373.9,9.16,22863.11
2025,7,Sabaragamuwa,Green Tea,16079.17,10803.74,1.92,16387.41
2025,7,Sabaragamuwa,White Tea,7257.82,5116.97,5.01,7621.59
2025,7,Sabaragamuwa,Oolong,4727.19,3589.78,3.78,4905.83
2025,7,Southern Province,CTC,21617.56,15339.91,8.57,23471.02
2025,7,Southern Province,Orthodox,20112.56,14598.17,9.99,22121.93
2025,7,Southern Province,Green Tea,15023.95,11049.64,5.66,15873.87
2025,7,Southern Province,White Tea,6751.57,4500.53,6.93,7219.17
2025,7,Southern Province,Oolong,4266.6,3064.16,9.98,4692.32
2025,7,Nuwara Eliya,CTC,29379.09,19107.07,7.23,31501.98
2025,7,Nuwara Eliya,Orthodox,23767.74,18032.76,8.63,25817.94
2025,7,Nuwara Eliya,Green Tea,17021.73,12294.78,12.27,19110.95
2025,7,Nuwara Eliya,White Tea,7933.44,4931.37,11.88,8875.72
2025,7,Nuwara Eliya,Oolong,5619.21,3956.66,5.89,5950.12
2025,7,Dimbula,CTC,27188.9,18610.51,13.1,30751.0
2025,7,Dimbula,Orthodox,22630.92,15097.35,7.78,24390.52
2025,7,Dimbula,Green Tea,18401.22,14158.99,2.78,18912.57
2025,7,Dimbula,White Tea,7990.98,4913.67,7.88,8620.35
2025,7,Dimbula,Oolong,5555.06,4103.2,8.03,6001.31
2025,7,Kandy,CTC,26787.28,19381.64,9.38,29299.96
2025,7,Kandy,Orthodox,21882.49,16755.55,8.2,23677.81
2025,7,Kandy,Green Tea,16341.76,12121.26,10.46,18051.25
2025,7,Kandy,White Tea,7603.56,5075.76,6.52,8099.65
2025,7,Kandy,Oolong,5279.65,3671.21,-0.02,5278.39
2025,8,Central Province,CTC,25201.07,16626.01,12.7,28401.49
2025,8,Central Province,Orthodox,23679.7,18270.15,9.75,25987.37
2025,8,Central Province,Green Tea,16782.19,12406.14,7.96,18117.23
2025,8,Central Province,White Tea,8082.23,4954.41,3.79,8388.66
2025,8,Central Province,Oolong,5426.6,4236.11,8.36,5880.52
2025,8,Uva Province,CTC,25817.45,19334.01,11.34,28744.19
2025,8,Uva Province,Orthodox,23407.76,16066.17,9.44,25617.45
2025,8,Uva Province,Green Tea,16709.49,13170.31,12.41,18783.94
2025,8,Uva Province,White Tea,6623.37,5013.99,4.73,6936.69
2025,8,Uva Province,Oolong,5248.25,3337.67,11.87,5871.04
2025,8,Sabaragamuwa,CTC,25210.4,18922.86,7.9,27201.01
2025,8,Sabaragamuwa,Orthodox,23142.61,17727.39,6.59,24667.87
2025,8,Sabaragamuwa,Green Tea,14880.46,9872.46,8.66,16169.51
2025,8,Sabaragamuwa,White Tea,7471.08,4559.88,2.62,7666.88
2025,8,Sabaragamuwa,Oolong,5010.41,3139.13,6.77,5349.78
2025,8,Southern Province,CTC,22911.91,16116.79,3.37,23683.96
2025,8,Southern Province,Orthodox,19436.9,14732.64,12.63,21892.74
2025,8,Southern Province,Green Tea,14432.25,9110.6,8.81,15703.38
2025,8,Southern Province,White Tea,6258.93,4686.11,4.27,6526.39
2025,8,Southern Province,Oolong,4217.67,2674.64,11.98,4723.14
2025,8,Nuwara Eliya,CTC,29266.1,20038.14,3.64,30332.12
2025,8,Nuwara Eliya,Orthodox,22814.36,16713.37,8.18,24679.52
2025,8,Nuwara Eliya,Green Tea,18231.28,12730.95,9.96,20046.32
2025,8,Nuwara Eliya,White Tea,8258.59,5956.12,8.56,8965.81
2025,8,Nuwara Eliya,Oolong,6001.43,4445.98,10.06,6605.24
2025,8,Dimbula,CTC,26161.77,20188.38,14.59,29978.76
2025,8,Dimbula,Orthodox,23688.41,18626.36,9.8,26010.54
2025,8,Dimbula,Green Tea,19102.7,13197.99,15.1,21986.49
2025,8,Dimbula,White Tea,8386.66,5669.31,3.13,8649.38
2025,8,Dimbula,Oolong,5675.93,3803.18,7.88,6123.34
2025,8,Kandy,CTC,25317.83,15433.54,7.57,27235.21
2025,8,Kandy,Orthodox,23185.99,17439.13,12.37,26053.24
2025,8,Kandy,Green Tea,17608.04,11458.05,4.59,18417.07
2025,8,Kandy,White Tea,7875.25,4909.24,5.71,8325.14
2025,8,Kandy,Oolong,5281.6,3789.76,6.98,5650.4
2025,9,Central Province,CTC,27773.37,20222.96,7.88,29960.68
2025,9,Central Province,Orthodox,22183.29,14227.64,6.23,23564.44
2025,9,Central Province,Green Tea,17517.46,11139.91,13.4,19864.0
2025,9,Central Province,White Tea,8765.57,6764.69,13.43,9942.87
2025,9,Central Province,Oolong,5740.1,4217.27,6.97,6139.98
2025,9,Uva Province,CTC,27385.84,18849.93,5.94,29013.83
2025,9,Uva Province,Orthodox,21429.17,16958.25,12.61,24131.06
2025,9,Uva Province,Green Tea,17699.8,13811.1,7.74,19070.61
2025,9,Uva Province,White Tea,8412.18,6722.35,6.11,8926.1
2025,9,Uva Province,Oolong,5274.52,3713.46,3.23,5445.1
2025,9,Sabaragamuwa,CTC,24584.33,16931.72,5.23,25869.55
2025,9,Sabaragamuwa,Orthodox,21792.51,16147.86,7.72,23474.54
2025,9,Sabaragamuwa,Green Tea,16776.21,12258.9,6.0,17783.27
2025,9,Sabaragamuwa,White Tea,7705.72,6059.98,7.75,8302.59
2025,9,Sabaragamuwa,Oolong,5339.2,3301.21,10.33,5890.78
2025,9,Southern Province,CTC,22190.51,14118.57,8.24,24019.91
2025,9,Southern Province,Orthodox,20150.04,13978.69,8.8,21924.08
2025,9,Southern Province,Green Tea,14676.92,9734.04,8.63,15943.89
2025,9,Southern Province,White Tea,6591.47,4324.84,5.91,6981.32
2025,9,Southern Province,Oolong,5003.68,3290.36,8.54,5430.86
2025,9,Nuwara Eliya,CTC,30527.4,22667.21,4.76,31980.93
2025,9,Nuwara Eliya,Orthodox,23876.1,15529.98,11.49,26619.6
2025,9,Nuwara Eliya,Green Tea,20491.06,14148.36,7.56,22040.07
2025,9,Nuwara Eliya,White Tea,8408.31,5762.06,7.23,9016.54
2025,9,Nuwara Eliya,Oolong,5827.55,4014.15,8.1,6299.42
2025,9,Dimbula,CTC,29892.15,21732.53,11.21,33242.98
2025,9,Dimbula,Orthodox,26329.17,18648.08,8.85,28660.42
2025,9,Dimbula,Green Tea,18006.64,14000.39,6.79,19229.96
2025,9,Dimbula,White Tea,9125.34,6544.42,7.76,9833.17
2025,9,Dimbula,Oolong,6079.43,4449.12,9.78,6673.76
2025,9,Kandy,CTC,28232.15,21473.63,0.52,28379.4
2025,9,Kandy,Orthodox,21973.13,13604.4,3.32,22702.31
2025,9,Kandy,Green Tea,17107.07,11652.03,13.35,19391.16
2025,9,Kandy,White Tea,8135.02,5846.97,8.58,8833.39
2025,9,Kandy,Oolong,5724.62,3630.02,9.53,6270.12
2025,10,Central Province,CTC,24384.19,18931.18,10.22,26875.92
2025,10,Central Province,Orthodox,23428.23,18363.23,4.92,24580.02
2025,10,Central Province,Green Tea,15529.62,10170.08,10.76,17200.49
2025,10,Central Province,White Tea,6645.2,4368.38,3.52,6879.29
2025,10,Central Province,Oolong,4965.55,3048.71,6.73,5299.81
2025,10,Uva Province,CTC,21743.4,14544.18,9.55,23820.91
2025,10,Uva Province,Orthodox,19319.09,14560.49,7.47,20763.09
2025,10,Uva Province,Green Tea,14645.3,10144.94,9.1,15977.62
2025,10,Uva Province,White Tea,7216.65,5430.96,7.74,7775.57
2025,10,Uva Province,Oolong,5037.98,3876.58,8.47,5464.91
2025,10,Sabaragamuwa,CTC,21629.01,16901.96,7.97,23351.77
2025,10,Sabaragamuwa,Orthodox,18660.03,13172.65,13.0,21086.16
2025,10,Sabaragamuwa,Green Tea,14264.54,10428.47,1.54,14484.23
2025,10,Sabaragamuwa,White Tea,7025.02,5425.04,6.11,7454.41
2025,10,Sabaragamuwa,Oolong,4290.21,2924.22,4.43,4480.39
2025,10,Southern Province,CTC,19309.31,14058.14,10.47,21330.26
2025,10,Southern Province,Orthodox,17178.31,13436.93,10.98,19064.29
2025,10,Southern Province,Green Tea,14077.38,8503.87,8.03,15207.28
2025,10,Southern Province,White Tea,5661.86,4373.6,10.14,6236.12
2025,10,Southern Province,Oolong,4285.43,3149.12,4.6,4482.71
2025,10,Nuwara Eliya,CTC,23191.3,17667.03,5.91,24561.1
2025,10,Nuwara Eliya,Orthodox,21236.51,15317.95,12.2,23826.87
2025,10,Nuwara Eliya,Green Tea,17362.01,11892.99,9.12,18944.88
2025,10,Nuwara Eliya,White Tea,7211.8,5100.46,5.28,7592.53
2025,10,Nuwara Eliya,Oolong,4523.96,2796.84,2.72,4646.85
2025,10,Dimbula,CTC,23399.84,14961.64,10.09,25759.83
2025,10,Dimbula,Orthodox,19354.53,13872.78,6.63,20637.89
2025,10,Dimbula,Green Tea,15267.99,10801.1,1.68,15524.39
2025,10,Dimbula,White Tea,7182.19,5573.99,6.79,7669.72
2025,10,Dimbula,Oolong,4421.52,2684.4,3.56,4578.77
2025,10,Kandy,CTC,27062.78,19262.42,7.67,29137.44
2025,10,Kandy,Orthodox,19152.31,12457.52,9.67,21004.61
2025,10,Kandy,Green Tea,15304.73,9838.42,4.62,16011.9
2025,10,Kandy,White Tea,7005.22,4404.45,6.69,7474.06
2025,10,Kandy,Oolong,4779.96,3005.48,13.48,5424.2
2025,11,Central Province,CTC,23209.43,15489.61,4.47,24246.9
2025,11,Central Province,Orthodox,17688.38,10920.59,10.4,19527.12
2025,11,Central Province,Green Tea,14329.68,9824.48,6.3,15233.14
2025,11,Central Province,White Tea,6404.65,3858.25,10.51,7077.75
2025,11,Central Province,Oolong,5109.87,4049.95,9.31,5585.67
2025,11,Uva Province,CTC,20773.89,14846.69,15.38,23969.53
2025,11,Uva Province,Orthodox,17356.73,11325.73,5.74,18352.21
2025,11,Uva Province,Green Tea,15250.92,10685.47,8.09,16485.03
2025,11,Uva Province,White Tea,6538.58,4977.13,7.12,7004.25
2025,11,Uva Province,Oolong,4537.05,3109.32,4.25,4729.93
2025,11,Sabaragamuwa,CTC,22474.02,17454.89,8.77,24445.05
2025,11,Sabaragamuwa,Orthodox,15691.08,11779.82,7.86,16924.95
2025,11,Sabaragamuwa,Green Tea,12969.75,10027.51,4.03,13492.82
2025,11,Sabaragamuwa,White Tea,5942.85,3820.95,12.67,6695.75
2025,11,Sabaragamuwa,Oolong,3822.51,2428.12,5.3,4025.24
2025,11,Southern Province,CTC,18520.94,12794.88,10.54,20472.34
2025,11,Southern Province,Orthodox,16605.14,11261.91,7.87,17911.49
2025,11,Southern Province,Green Tea,13644.63,9329.54,12.64,15368.72
2025,11,Southern Province,White Tea,5622.5,3954.36,7.71,6055.98
2025,11,Southern Province,Oolong,3640.19,2259.71,8.05,3933.16
2025,11,Nuwara Eliya,CTC,22420.81,14579.94,9.35,24517.04
2025,11,Nuwara Eliya,Orthodox,19904.1,13246.45,9.62,21819.74
2025,11,Nuwara Eliya,Green Tea,15508.44,9365.89,3.58,16063.1
2025,11,Nuwara Eliya,White Tea,7271.53,5669.81,14.13,8298.76
2025,11,Nuwara Eliya,Oolong,4882.7,3703.0,6.6,5205.03
2025,11,Dimbula,CTC,22915.79,14529.31,5.06,24075.42
2025,11,Dimbula,Orthodox,18893.08,13437.65,5.33,19899.76
2025,11,Dimbula,Green Tea,15543.77,9719.12,7.65,16732.6
2025,11,Dimbula,White Tea,6728.44,4229.61,11.49,7501.55
2025,11,Dimbula,Oolong,4545.06,3325.94,10.42,5018.61
2025,11,Kandy,CTC,21100.23,14752.52,15.68,24409.06
2025,11,Kandy,Orthodox,18579.13,13630.32,8.69,20194.02
2025,11,Kandy,Green Tea,14818.04,10186.76,5.85,15684.67
2025,11,Kandy,White Tea,6348.37,4452.45,7.18,6803.93
2025,11,Kandy,Oolong,4447.91,3348.04,4.78,4660.34
2025,12,Central Province,CTC,23119.12,18458.38,2.91,23792.38
2025,12,Central Province,Orthodox,20654.1,14106.12,9.44,22604.22
2025,12,Central Province,Green Tea,14940.1,10165.1,7.05,15992.88
2025,12,Central Province,White Tea,6833.03,4994.42,10.89,7577.44
2025,12,Central Province,Oolong,4812.98,3231.67,12.94,5435.73
2025,12,Uva Province,CTC,20079.52,12384.54,10.69,22226.89
2025,12,Uva Province,Orthodox,19744.49,13145.91,4.01,20535.29
2025,12,Uva Province,Green Tea,13320.13,8905.96,5.99,14118.62
2025,12,Uva Province,White Tea,7163.66,5031.09,6.06,7597.62
2025,12,Uva Province,Oolong,5012.15,3929.72,8.29,5427.73
2025,12,Sabaragamuwa,CTC,21049.73,16223.58,6.22,22358.97
2025,12,Sabaragamuwa,Orthodox,18250.3,11019.69,6.97,19522.99
2025,12,Sabaragamuwa,Green Tea,13773.09,10074.18,8.37,14925.95
2025,12,Sabaragamuwa,White Tea,6102.75,4784.7,7.77,6576.79
2025,12,Sabaragamuwa,Oolong,4089.19,3017.68,7.91,4412.61
2025,12,Southern Province,CTC,18730.05,12040.69,7.85,20199.49
2025,12,Southern Province,Orthodox,16916.39,12254.33,5.92,17917.74
2025,12,Southern Province,Green Tea,13727.51,10600.41,8.07,14835.77
2025,12,Southern Province,White Tea,5722.33,4080.66,13.13,6473.53
2025,12,Southern Province,Oolong,3696.67,2896.04,11.93,4137.62
2025,12,Nuwara Eliya,CTC,24918.01,14972.53,5.49,26287.14
2025,12,Nuwara Eliya,Orthodox,20486.23,13822.33,5.98,21712.29
2025,12,Nuwara Eliya,Green Tea,16212.07,11163.35,3.86,16838.64
2025,12,Nuwara Eliya,White Tea,7323.72,5581.3,7.83,7896.88
2025,12,Nuwara Eliya,Oolong,5160.04,3816.49,10.82,5718.23
2025,12,Dimbula,CTC,22992.66,15048.54,7.11,24626.61
2025,12,Dimbula,Orthodox,19898.42,12496.39,7.99,21488.2
2025,12,Dimbula,Green Tea,16037.84,9863.57,2.67,16465.56
2025,12,Dimbula,White Tea,7065.31,5528.73,9.58,7742.3
2025,12,Dimbula,Oolong,4916.27,3546.32,10.33,5424.15
2025,12,Kandy,CTC,24474.53,17762.25,12.02,27416.67
2025,12,Kandy,Orthodox,19671.38,14683.86,8.1,21264.09
2025,12,Kandy,Green Tea,15151.39,9744.28,8.98,16511.47
2025,12,Kandy,White Tea,6831.14,4801.03,5.44,7202.63
2025,12,Kandy,Oolong,4513.31,3223.27,11.76,5043.96
