temperature_c,rainfall_mm,humidity_percent,soil_ph,fertilizer_kg_ha,sunshine_hours,region,yield_kg_ha
23.98685661204493,1662.4108625128092,66.36506395035066,4.642959320883456,247.35797890243515,4.982257904269167,Uda_Pussellawa,400.0
21.446942795315262,1927.740664642241,74.68796511060916,4.884534583131106,209.7079791699523,5.541750805419521,Kandy,511.06502600364365
24.59075415240277,1603.7900395000192,75.18016872044447,4.7289699082128775,236.21000340370705,5.103928408432286,Nuwara_Eliya,400.0
28.092119425632102,1846.0192351804799,79.72630345843406,4.9260020906294315,307.17853820141596,6.16562707041918,Ruhuna,671.8058725383042
21.063386501106656,1053.1926665231072,61.331416367191736,5.092924844644406,352.22853240244115,7.79576779719287,Sabaragamuwa,572.6887956150659
21.063452172203277,2106.6468536864695,80.92567273847331,5.618577243165692,295.63898646908586,4.843436764288193,Low_Country,784.7303837076772
28.316851262029566,2000.602737681112,50.0,5.0394204806471485,258.1378566777416,7.501230746652621,Kandy,400.0
25.069738916611634,1591.4556844659046,68.70115447636189,4.407187146615204,369.8409416243542,4.827491891479669,Kandy,469.0871266092863
20.12210245626019,2329.6228342162026,70.11726157548455,5.77003392324758,224.97308215587822,4.728559181254674,Kandy,491.79927541975087
24.17024017434386,2468.7850688132794,81.33326826071239,4.781454933192481,332.47354706935255,7.22789192751482,Uva,1138.5569172657854
20.14632922875015,1196.220067815513,75.22630852676869,5.170639786447686,226.9549761318977,7.382904567011425,Uda_Pussellawa,400.0
20.137080985718974,1618.6376107168928,60.944369461437134,5.423268253470356,284.48183664087145,7.277114905143981,Ruhuna,656.1284900287793
22.96784908626414,1615.4288251063508,65.15006874182984,5.299805209201391,240.91499481676388,4.026303887672788,Uva,400.0
14.346879021368808,1530.0484494455677,76.98680009547407,5.747089773760738,245.53182538777514,5.301073532891924,Nuwara_Eliya,400.0
15.100328669947869,2414.737420965874,74.20932658135443,5.43950157169638,219.8090786030232,7.234482888004982,Sabaragamuwa,623.3495579850128
19.75084988303611,1903.0869306135983,69.20875890364253,4.769345210151446,357.58832249445555,6.062312760845842,Sabaragamuwa,788.1073880643364
17.948675518662306,1867.7425793446946,70.19166210488021,6.289281086995831,191.3659169513172,4.389460730703804,Ruhuna,400.0
23.256989330381096,1000.0,81.96167997159289,5.297166731669117,190.78141979610334,6.687476908688162,Sabaragamuwa,400.0
18.367903697915157,2317.709015104613,69.82307427130786,5.1263298866892475,419.67948526760875,4.927789111512794,Sabaragamuwa,1056.4712256894304
16.350785194658833,1380.3708025732637,74.11908755970927,5.6819627115277855,328.2278051723465,8.691787272588318,Kandy,618.31085404838
27.862595075686215,2029.966315133164,95.0,5.324725472965036,100.0,8.317262193627387,Dimbula,400.0
21.096894798053857,2138.688468979096,60.76317363116077,5.399614096469664,204.77930086316772,6.906146139533351,Nuwara_Eliya,485.03701139583694
22.270112818751695,2680.3292979193257,56.481572684253415,6.446091999300344,105.04085299503566,8.04151005715466,Uda_Pussellawa,400.0
16.301007255146175,1345.589800440444,82.83589664798606,5.062439285872477,173.94474452677957,6.097187025185072,Low_Country,400.0
19.82246910189927,1000.0,68.21356938705897,5.041119552991303,100.0,7.148156241562524,Nuwara_Eliya,400.0
22.443690358839465,2091.9247723768476,71.8176247225738,5.258289256006232,239.04083378448462,8.216580442953113,Uva,968.9123871300785
17.39602569031079,2900.255590755427,67.18843621868886,5.735757967790519,158.64465446709508,6.3682480226914695,Sabaragamuwa,400.0
23.502792073382686,2619.4731764697185,72.40199859232487,4.4467329849048,254.79242054371508,5.6172192427285745,Dimbula,632.266730159801
19.59744524032478,2104.829707637313,90.98538112096341,4.217222054261748,119.99029928939802,3.4430670627343263,Low_Country,400.0
20.833225000826893,1754.1819071839764,83.0212845861812,4.9064423646899264,256.6329482537632,5.875299711417759,Uva,599.3381051247726
19.593173551082412,2403.561298318655,83.62223511886977,4.383038520470357,216.80669775037381,7.235134776843467,Ruhuna,775.1087166427906
29.409112738035752,1513.2269001477657,60.837729442073545,4.987584326237181,370.1562372150877,7.418450141351444,Kandy,545.102286763569
21.946011101048263,2238.1788846781096,63.488462634471304,5.451249848064645,362.90854893965,6.756547598577614,Sabaragamuwa,1142.9353207370264
17.769156284176397,2252.7350795833136,50.0,4.754625568223869,312.82764824082267,5.18805135755664,Kandy,448.9005432655176
25.290179648412757,2530.10495374944,66.90619178917245,4.486586711609329,223.870897547103,3.034767646578614,Nuwara_Eliya,400.0
17.11662540011591,3379.8300194555386,84.56703186385658,5.234668580857674,408.83043162082345,5.257177352992898,Kandy,1078.502597358331
22.835454380019023,2196.2079835893837,80.16946515748371,5.631271742307585,125.75717777281434,5.543482693419072,Kandy,400.0
14.161319504480897,1745.5181871462505,72.78486737047876,4.352513280741694,137.715309634907,5.530606549214979,Ruhuna,400.0
16.687255804406277,1987.2128439040027,74.77699716281947,5.610116199152992,243.29735200887484,6.927834535466887,Uda_Pussellawa,494.77512153069415
22.787444943476494,1115.462047555441,68.11114457424594,5.608653101869163,430.32304871368956,8.97851461652226,Uda_Pussellawa,700.5947508673754
24.953866319981643,1652.643434455471,77.04758882401784,5.677042551078314,233.812887450393,6.18529380276164,Uva,436.42923778881567
22.68547312475988,1795.358780943448,82.65878279480614,5.809240107435843,235.34038054325745,5.674902316265308,Sabaragamuwa,601.5436243537179
21.53740687044704,1737.9558010327037,58.84113212589527,6.301006962329808,134.64717151105526,5.611167280493861,Uva,400.0
20.795585217642845,2076.177436016861,77.99647687837349,5.021953975690472,325.67436682163026,6.186577150361571,Uda_Pussellawa,812.0671197905932
16.08591203853029,1588.7900338088998,84.32434870954667,5.254785790038929,326.2541003463483,4.757559359477401,Nuwara_Eliya,400.0
19.120623166421165,2560.5153336622357,70.8489971103663,4.9917807833759875,313.1260161119928,6.180297838119083,Uda_Pussellawa,756.782711730301
20.15744491616085,2000.1035324590985,82.00700612120583,5.200988422377906,199.66234617221102,6.6762185044977,Uva,674.4917683202242
26.22848890487566,1995.3498394306928,95.0,5.966436677818156,193.46345853015953,6.314529095361732,Dimbula,477.7856684191411
23.374473158273844,1836.052641743541,73.95657207013107,4.527492758034666,146.55021996760237,6.686312901007172,Sabaragamuwa,400.0
14.947839378549064,2077.5953419294897,78.93307050005323,4.769475163917212,256.7098001408747,6.650621414022803,Kandy,522.085655201726
23.296335877579182,2412.5491323338174,67.61942916338609,5.888590468252281,163.56741365771987,3.3421549766303347,Ruhuna,400.0
20.459670878334734,1566.4348921445498,76.81251162602051,5.710018253451045,155.8066795800569,6.955305237593105,Dimbula,400.0
19.292311998776164,1670.9417554623717,79.60271624982303,5.0184341765914615,216.10474264714594,4.993477731506319,Dimbula,445.93363310480197
24.44670515536347,1848.1369856116676,76.94842340270138,5.62720100056036,210.8675059852627,4.356241255494063,Kandy,400.0
26.123998089983804,1327.0645382633925,64.80304680291144,5.370607921246017,206.9617176942436,4.343322258217506,Uda_Pussellawa,400.0
25.725120476464795,1590.371070139251,77.0636177132545,5.950137304500494,287.3155677472209,6.650312415708794,Low_Country,544.6063749923741
18.643129907109447,1761.8895632276706,89.62195938717636,5.237254796913387,256.32382417202234,5.66613760916272,Sabaragamuwa,640.8395321057441
20.76315049659514,2437.1945903563637,79.48635764514528,5.712816056936291,226.9475175591106,3.477046824021884,Nuwara_Eliya,400.0
23.325053725614257,2131.2806645009623,84.61987189071841,6.52100595524631,264.6410342649186,6.717056722788425,Dimbula,612.7852639138894
25.902180508489437,2096.794955683772,72.62988029987372,5.499049577523733,170.67783671162942,3.840587803801759,Nuwara_Eliya,400.0
20.08330304861884,2425.448981083986,82.49900239423711,5.224664082897422,258.42228991277426,6.209732037777316,Ruhuna,1042.9659121269683
21.25736409334473,1931.3141058003016,77.79267838216526,5.56122349261049,262.0481994275707,6.357748388509581,Ruhuna,789.0000463011484
17.574660103975887,2195.232424964445,65.49089270312768,5.017359570898058,129.75625125140155,7.3283656225425675,Ruhuna,400.0
17.215173503677317,1948.389123533752,78.18521004798875,6.393983852762366,329.65550034962894,8.672527179700278,Uva,604.6386185361522
25.250103289576792,2132.681174699814,65.08303336559689,5.290035518847991,179.48530358184036,3.9529855111491874,Dimbula,400.0
27.42496011428329,1708.620671194209,68.67119725115208,5.063533339887243,257.22478393651477,5.921289215905426,Ruhuna,478.84705465813806
21.711959513678664,1000.0,76.89328307292374,4.782155497489982,343.1529392428216,5.585497057433674,Uva,416.97049378017647
26.014131591568095,1932.8604189068478,77.97244273380124,5.748610095803219,324.05414061710957,6.650624528941443,Ruhuna,751.5732853658778
23.446544100190536,2711.37406804997,63.10767534922871,5.63359370641387,252.74667108550685,6.323503156400428,Uda_Pussellawa,618.6182097998552
19.419520981579502,2463.1077011207963,85.53985771182876,4.951322814292953,221.0000797694345,5.47118063589507,Dimbula,667.3110524429826
23.445582422033656,2482.6987422955854,80.72006278300474,5.488225672561212,325.8009526860454,5.338646717083717,Uva,967.0307679996405
28.152146265863877,2618.0653609031087,67.95271564389117,4.445722015893572,303.9755982246896,4.325323717223929,Ruhuna,400.0
21.856695843560193,2044.3287954807188,59.624152035508246,5.292485287536579,200.5307983964696,7.481792373609764,Sabaragamuwa,643.2247167343274
28.258574623256024,2098.6578537027976,73.55095420918569,5.426378176038347,186.40850823986477,6.688806272399294,Uva,413.458852691683
11.521019583641023,1691.174052282825,70.5405628613884,6.053664904779612,100.0,7.376652296692706,Ruhuna,400.0
25.287610017500896,1841.963571986475,76.13140457053022,4.814590598635656,262.322547334687,5.534405795286729,Uda_Pussellawa,444.6808858911152
22.348188272952687,2307.885574885571,71.36883338844433,4.560823685598838,243.38418039852812,5.014746796958354,Nuwara_Eliya,455.1126305247866
20.80397059813653,2601.9422185844082,54.9254313925499,4.752286019537479,340.8953099714034,4.3825274000561585,Low_Country,601.5719755025029
22.36704310614201,1930.2768621595003,71.11653061698841,4.53171574984254,278.7244074784293,6.538376375610989,Ruhuna,734.3121719846804
14.049724341596429,1774.9053675742941,71.94380888931687,5.868328678879491,356.73833553381525,4.4403101632076485,Nuwara_Eliya,400.0
21.121312448649952,2000.2639794282986,81.3366102477406,5.974319647512019,194.21086176670633,8.772994603449826,Dimbula,686.6643602098999
23.428450286046985,2300.6033744645574,68.0180032538895,5.3601082889744145,341.05202647740947,4.038536128359839,Uda_Pussellawa,565.8974765844762
27.911576178966065,1278.072591933229,91.78674673372566,5.810647472842574,207.6866896716276,6.410490178818753,Sabaragamuwa,400.0
19.92691912690541,1000.0,55.883594493482434,5.266979190290118,312.20768494338176,8.350282060820678,Dimbula,411.732699159996
18.76602558842725,1724.731575254208,88.11167497802624,5.152444176149618,133.2993285975445,6.898634638895714,Sabaragamuwa,400.0
19.992971825661854,1389.6437870429208,72.75681029121895,5.033481190473119,268.81082394929507,6.263510568737669,Nuwara_Eliya,430.17477927128624
25.661608470808297,1745.9299011763446,83.59584872343557,5.044804504311218,100.0,4.547274529557157,Uda_Pussellawa,400.0
23.315004438638738,1926.1098405912642,75.79801484058733,4.426099221845485,228.62900112465962,3.927346217148444,Kandy,400.0
19.880959184931847,1773.3757954884934,86.39555536025469,5.332127381803669,285.22831951023306,7.155075163376379,Uda_Pussellawa,807.5519003434969
24.053069732453423,2726.233767235373,71.12638035447189,5.179833044892979,208.32251590151233,8.259220861162419,Uda_Pussellawa,696.0293684202744
22.388310197392162,2163.37238230116,64.01379574822188,5.5726803620389385,165.96498969952262,5.341725014282742,Sabaragamuwa,400.0
25.874579962131556,2150.237179805414,89.20504287271064,5.246761748219305,317.6894775436747,4.291407738575473,Kandy,747.5899769913116
19.19178762449059,2311.103572021701,73.86519354117858,5.1186481492154545,241.72297681224612,3.0,Uva,400.0
20.68935141360893,1430.5834411096155,77.2155847362421,4.764403484996185,210.83434823754627,4.528852734506193,Uva,400.0
20.431567387471368,2519.555893710134,87.34751914044796,5.2360766184108805,253.35167369234213,5.82951473625144,Uva,957.0016393344544
16.145940207471526,1962.11785673227,64.68044757905565,5.569118615408081,460.9335313556471,8.398684861255102,Nuwara_Eliya,871.1930988517652
23.184481108258304,2335.2403086206064,80.95490897639257,4.62833050445807,342.2802279825235,7.009700538349453,Uda_Pussellawa,1034.199022956179
23.044221088719556,1464.0713834799221,69.10105243537109,5.243736876840369,343.0058934550272,6.457628107060129,Ruhuna,771.8306359745028
22.020453826569845,1223.1206169919678,73.67830644355628,5.316521475764742,284.8437055193891,5.399820508048304,Kandy,498.660588591208
21.061651466499413,2408.944829012514,75.7227896538429,4.840967608190868,263.31882180617174,5.125251424116065,Ruhuna,767.0464638411551
16.338517031798343,2188.204763048758,59.997781385530644,4.906071847546,100.0,8.108471396261946,Nuwara_Eliya,400.0
20.317418708938565,1548.974222821245,67.21162957179565,5.315305424383108,195.68157228294945,6.301107811137584,Kandy,400.0
20.62914193389292,1565.1684593626528,88.5107289241314,4.633289490853689,211.55404694380204,3.0,Ruhuna,400.0
18.790890923113523,2562.717392207385,83.86191188584796,5.3749618576246965,100.00863487619736,4.989690528154136,Low_Country,400.0
21.354857153335963,1405.294053566336,74.37360422672765,4.7523228131704,157.4067367827653,4.712675952342559,Sabaragamuwa,400.0
23.616203427258153,2821.336476627982,77.43123458512893,5.731426846516609,100.0,5.180603986233803,Nuwara_Eliya,400.0
29.54474360484212,1549.6896326760657,72.05757494363543,6.36891387269415,246.9340931442102,6.844365990427628,Nuwara_Eliya,400.0
22.698311251327357,2319.1959628041914,88.56583385827982,4.76962159914909,315.5012776679053,5.838832677308626,Low_Country,1315.7512578321998
23.030201562891058,1835.6907621255077,72.99647422205837,5.467103931187338,338.5419614899463,5.884701889494507,Nuwara_Eliya,637.5468055045277
21.70221633693533,2301.5937155411716,77.31842092134848,4.836629047558991,283.1827569663393,7.970209741987855,Kandy,1235.7354386479096
14.324915138803835,1727.9429989429036,86.46030144142065,5.720477086898895,172.92829270411448,4.955308365319968,Ruhuna,400.0
21.893944498203133,1918.603546963853,67.22628515154094,4.567370795457393,100.0,8.796299288831024,Ruhuna,400.0
22.240920839764104,2020.4595876978606,90.58789184496894,5.440293379213856,109.45050404787986,4.993038612943371,Dimbula,400.0
31.852968449941145,1498.9062721092637,59.69538590256623,4.763505516555324,148.48139381964012,6.133797294918857,Nuwara_Eliya,400.0
21.23055614087551,2370.412172710063,91.29642131112799,5.096507705450816,178.89122415714604,5.57819460689585,Uva,666.1248166030348
23.20618936933445,1743.3932167642074,71.27324416048026,4.684487362426347,237.22012016067308,6.1851287002514415,Uda_Pussellawa,400.0
21.861152921179027,1885.7000423299908,72.57301252174719,5.611175235447877,168.86686254984255,6.666887992609693,Sabaragamuwa,503.05227558471165
17.32528784952187,1502.8253126957438,56.09989828817057,4.781509822780206,277.1180714934609,6.650752860133315,Sabaragamuwa,400.0
26.571291258060082,1000.0,70.45205282622307,5.475982129665914,231.41811977604218,4.87032400406913,Dimbula,400.0
25.007732130747097,1904.4861186999156,64.60193468973115,5.027950985868833,250.84365693928206,4.315627983828644,Dimbula,400.0
25.164127788172188,3206.307710806458,68.92353654626527,5.142763814100569,341.2200442136964,9.754757686358566,Kandy,1765.0976878124386
18.362450180821043,2392.302143949012,73.62689034211121,5.273877953700064,155.5814612639704,5.27402349059917,Dimbula,454.7534982922912
27.611177243744397,1990.3698101328027,84.57791614472906,4.819087664170576,283.49636626338946,7.0488186580079795,Ruhuna,793.7018876587287
16.392595748830878,1868.554585395866,77.07603351400626,5.3051835567704435,248.88214172191414,3.5885380342152047,Kandy,400.0
24.34742837520108,2011.2329464060233,78.07676653401114,5.965167282177205,223.3210975224244,5.580580920142985,Kandy,461.7929880057651
30.761822503239912,2273.559557587605,64.04480611154437,4.810952607083643,320.8205056692768,5.809200924026335,Sabaragamuwa,483.41357560448483
18.037854699477247,1409.5935923455777,66.1924591039727,5.785905071636923,320.3211323645606,6.709222604891749,Sabaragamuwa,457.6539438726265
19.734809081588914,2557.160847334436,92.98725018351311,5.949048816743892,174.28073632092577,3.0,Uva,400.0
22.398605460350566,2357.690657720622,67.64798965236753,4.791922505485978,235.42715329136607,6.249210919617496,Nuwara_Eliya,535.4589769138886
19.986097383535203,2359.0928628539673,91.56208252057296,4.472472697454724,272.49693460672523,4.275387816948161,Low_Country,707.9352577875753
15.79734627573547,2219.2378694048634,72.56938801119134,5.350980450085882,228.15946015819324,6.486518566792386,Low_Country,615.6204663401361
22.274251899224108,2009.808328846995,75.02287936143505,4.926296238616564,296.8017065830239,4.445506204742756,Dimbula,536.2541752967271
17.75078514509558,2336.43061798341,85.7036516022993,6.1343016095815015,272.49536143282205,4.716775956111628,Nuwara_Eliya,407.62471528795714
23.894369722540727,2295.907066870689,87.71892421938657,5.217403770249916,396.60489922848103,5.5895585844100975,Nuwara_Eliya,1145.8832663517283
18.322303063064787,1822.979644529488,73.89187439720912,4.798900295982411,127.57766912561699,4.421505795595207,Nuwara_Eliya,400.0
28.19973762007016,1713.1991135515495,71.11756946478461,4.6264202444941445,240.2051208202082,5.286698329896968,Kandy,400.0
18.86698683065505,2050.9281476309934,74.44079551477788,5.744952479545415,177.31979907902473,4.209936347185027,Nuwara_Eliya,400.0
20.7117539351773,2774.510075747594,78.37957528232118,4.914408012957907,298.32859643512353,3.2502443224519086,Dimbula,473.6390087208304
25.25406886947868,1380.4464621730494,83.91303686869756,5.221914399730214,120.62624879635644,7.526935578644039,Kandy,400.0
17.07654273426418,1266.2373671237801,75.04229858994151,5.67790137255624,277.70501681799095,4.055926960764108,Dimbula,400.0
22.90983973841652,2082.3804206182585,81.18886298023153,4.957870824034585,199.59612549213273,5.731978668588025,Kandy,634.7454764349386
27.228571017129713,2025.443850928009,91.3835973227094,5.17703558562992,191.26705071031887,7.129336622240677,Low_Country,748.4106956069527
15.57006706175509,2086.6708321852043,78.81309612264785,5.19171579508874,134.28014371674502,5.077583846225935,Uda_Pussellawa,400.0
22.73853543412922,2121.97659895425,78.11652856004778,5.541662255758046,212.7939243039195,4.762251150381693,Uda_Pussellawa,400.0
23.039531176993695,1888.3988726825974,59.810891749099326,5.495372167755163,336.76004242327406,6.3393571330011325,Low_Country,874.4099631103006
25.12729148710924,2744.931719301041,50.0,5.089943134372586,247.98490531764165,7.676900734090728,Uda_Pussellawa,572.4749376460941
17.052197156487672,1199.5480107617423,78.88375729230168,5.231824530748259,300.214433429958,4.246027102370297,Uda_Pussellawa,400.0
16.718173547662893,1585.7514876098771,74.05175768719128,5.014110494238256,383.171345757302,5.774778251973841,Low_Country,774.0211161020786
24.08776626246759,1948.3726199254763,69.85217325085259,4.461193796540278,271.10044678580607,3.401258107549009,Kandy,400.0
23.187938692932743,1178.4055944229162,77.43530204186345,5.328800428699065,205.29603423501274,5.410198494476715,Nuwara_Eliya,400.0
23.001971401383507,1912.0727977839645,74.39596270803092,6.146095880416534,287.3801772146232,6.051307026807113,Low_Country,623.013848235328
23.385792837987903,2830.735082864009,86.27780250633899,4.7581404296544685,206.45630829485665,4.7180630373674015,Uva,567.6011256389764
19.279901113686037,2010.443244147981,75.86110868258977,4.813485145198649,209.64618533622644,5.314512249262153,Sabaragamuwa,444.0259770541231
22.929014788644015,2115.3504528593417,67.53076714929833,4.7646361141781295,128.4085760304812,3.887659847538825,Ruhuna,400.0
23.172289893194726,1369.9176174137099,84.90166238959289,5.562295889361561,324.1005992867514,6.115617917072241,Uva,662.1330987068797
19.14259432789453,1691.8192959802614,72.82868925053798,5.42424272709822,219.11979394804484,7.583541373324724,Uda_Pussellawa,459.7178008291741
29.463098044579027,1812.4018098380316,80.26536683672308,5.1207311537917715,264.56785966526894,4.354284195344304,Nuwara_Eliya,400.0
23.89533168364715,1841.142451621883,70.225892938072,4.740990469180518,167.12304571146885,5.065992350171426,Dimbula,400.0
17.234786011189406,2640.8218975018845,68.50173114502563,5.246188395819963,284.87581037723777,6.753819369681272,Nuwara_Eliya,699.9863617804589
24.62621443453532,2278.8455303625624,75.84168230185696,4.417688936332098,189.0447009491933,7.818136078984104,Dimbula,523.0674827534165
18.101273319090716,1444.2710215314842,75.12828643543685,5.271713283428747,238.66330226385406,3.760215281686603,Uva,400.0
25.148338414969807,2123.2523892160025,79.79827035366833,5.635762193043967,320.2260824991301,5.746822893876076,Nuwara_Eliya,602.3120433526212
26.634382316029615,2249.1108742483925,72.31354246690258,4.574400431683161,313.26074497860236,6.424696233479287,Nuwara_Eliya,597.829623646026
18.717270726593156,2570.074519260633,56.63640216229602,4.433740861585168,248.23759419864476,5.846915414056728,Ruhuna,444.4899689743067
25.85350451697729,2790.2703432841868,70.67226116411611,5.98971894584743,108.54951738346253,3.0,Low_Country,400.0
23.65112370774599,1492.4529040860657,82.93818467143815,4.8941201802477075,489.42484560485127,6.751635013963158,Uva,1167.622695675102
25.28824063997796,1594.571244394831,72.02623920756893,5.767973922971911,389.6687176218509,8.279004526635966,Nuwara_Eliya,753.9424040206
29.58717193061579,1371.211070542692,72.53616597485453,5.1230011674010845,307.8139859910639,6.174992626754255,Dimbula,400.0
21.018447535988518,1882.9900704465094,84.86376505905938,5.119022591529337,189.74369747272235,4.453340920058605,Sabaragamuwa,486.2096919408776
18.985055342570043,2233.1791872231674,67.88026772741077,5.419206349748323,240.91262706384282,5.230309130453575,Nuwara_Eliya,452.05263621922876
18.44194228149791,2493.667258294551,59.57196781757101,4.75800057162678,206.52636561787864,8.654869601483389,Dimbula,589.4540668935183
18.736758860138245,1962.0244881787387,73.39368880474505,5.266248571747823,351.1084751277111,7.364943811290837,Uda_Pussellawa,979.4326970366923
21.691593162343583,1840.076238372578,70.15826048751263,5.009255292587953,271.0002312681467,6.960039927576494,Nuwara_Eliya,594.7057352674316
23.364607899266577,2075.87899612437,65.33753680246745,4.539753278297485,187.26689133121337,6.534618875301564,Dimbula,403.4028206249608
23.106763197320078,1582.4285491849885,73.24621544101309,5.3687410373632,212.33959207001743,5.008294331713541,Sabaragamuwa,415.2656874538957
25.308732996144094,3044.7693608473865,79.91505647246784,5.068346096561042,339.6950514055924,5.6991432290163475,Uva,945.4637733040441
22.052007567511627,1196.1694864409706,74.90711438432184,5.121487585777646,378.0078277456382,5.883115896482226,Uda_Pussellawa,583.6170891039371
27.814136308629266,2092.3702894478624,78.06981072686237,4.594919528292921,372.26652507889963,6.824361474096666,Nuwara_Eliya,679.4675079305295
20.941372667048174,3011.8031096148197,93.13407698515422,5.995700183881402,310.5625652043182,8.263378341400355,Ruhuna,1506.42241884954
32.880676666358475,2003.399922279999,71.57121138442436,5.638357093193058,229.79001049578906,7.677507205189692,Dimbula,400.0
24.502669391060024,1904.9804824992527,77.7834863464467,5.682077942085989,100.0,3.870923466305939,Sabaragamuwa,400.0
18.57136977433487,1821.2772885947863,69.90786637400865,5.0472776487791595,273.77280190465774,6.335992453351573,Ruhuna,669.2890346551484
17.71643000775555,1909.8041591187962,66.53640280113027,4.33540855524829,249.85369929247196,7.105145017751846,Nuwara_Eliya,400.0
23.92988966097274,2686.424237338265,69.1509234658223,6.176458691244756,261.1985677057083,6.928290495216953,Dimbula,656.8788433790007
21.106148858696596,1000.0,70.21241428478311,5.169451245997066,254.3117877626565,5.056149354918871,Nuwara_Eliya,400.0
24.85600197636837,2766.716850648163,78.59475797547125,4.8256001019899735,143.89902704406745,10.0,Uda_Pussellawa,571.2327531881514
23.89295049829418,1288.0214237749274,95.0,5.408400787241557,294.59268454809484,4.084373156503322,Sabaragamuwa,469.75861983087503
21.708684349372508,1866.6738353827927,67.83956563724159,5.783560394001649,300.577305122548,4.375217330000925,Sabaragamuwa,466.40590685705587
18.61282512772638,1785.3777898506692,70.83374694384537,5.188474721957267,304.58710256477275,6.3503926218923645,Uda_Pussellawa,563.80380591408
15.940611101256541,2294.2766348853597,74.36876986888751,5.839287583969687,325.72616028587095,9.17520458244578,Nuwara_Eliya,796.2519270550299
20.213940191731915,1200.9378240581264,78.95798848709747,5.7414999692584345,298.3241315937299,4.7457077239437435,Nuwara_Eliya,400.0
25.42559517729389,2231.0863330409716,77.63550811954785,4.661809406298971,217.19764707688714,5.601257451529512,Kandy,532.0321917158706
22.856374976520815,3012.154811643426,87.84095793948117,4.863104947170262,244.33305216671278,7.615940509523539,Nuwara_Eliya,991.1604421715888
17.017044885152046,1318.4129977035948,50.73607929464792,5.678768581639884,257.28998938027013,5.973206767668399,Sabaragamuwa,400.0
22.692723703404727,2094.853083805198,51.13070129804328,4.0,258.6159559285295,5.498094218204557,Nuwara_Eliya,400.0
23.541269518915346,1669.0089111016955,70.0412182798985,5.125272153417506,329.85741247773836,6.84844935283008,Ruhuna,839.2727490716526
18.46457025519547,2212.943603096518,85.97300187543709,4.484584399187664,301.49350024179927,6.40877698534439,Ruhuna,857.6275428566781
22.61490042378211,2009.573888707876,59.34351968394404,4.961723099283238,416.18747516559625,7.545658178455187,Uda_Pussellawa,1017.1717095524898
22.232834873784,1679.256545477845,50.0,5.050589955485398,426.5175183907738,7.937203333598045,Ruhuna,1004.6080856140746
17.428118808677507,2243.936142435537,80.71179406219208,5.020877811046246,256.371966609114,6.460504590008043,Nuwara_Eliya,603.3417102317857
23.43114944139313,2902.1740548933717,77.43657223702715,4.923869373943696,100.0,6.437599088067463,Uva,400.0
24.243138105472937,1904.5481041363507,64.0979159320057,4.651428175185593,348.94659729018133,6.321166473429201,Low_Country,699.6001578898749
26.332204972701106,2359.878971074091,65.1446039927907,6.345955633409343,206.76989288103564,6.733695834973932,Nuwara_Eliya,400.0
26.21520820813961,1353.3635210644181,65.30256280365326,6.133731002080675,185.88128625351945,6.082755956807196,Low_Country,400.0
16.489322528171634,1521.7818115909956,76.1053531747394,4.618967089871859,218.12437800085064,5.9990872765165655,Sabaragamuwa,400.0
18.24869984033951,2236.2031389401886,68.73684723816993,5.991058375651784,214.26855625483148,7.794940681240863,Kandy,534.0236087049096
24.06014106883464,2742.0580142679823,79.9406391897552,5.000267254763574,298.9815848084314,8.274174270532566,Dimbula,1477.7734467338082
24.055143803648836,2177.80667439283,50.0,5.264593736665855,125.24513766990196,3.7386705830498688,Sabaragamuwa,400.0
24.06019074522419,1843.4709847384229,66.431481348722,5.168363020051542,163.78234033667187,6.015031727610854,Low_Country,433.6638586901892
35.0,1999.6457027116771,63.7394603908895,4.870125679373017,277.4526843357933,4.966958349832148,Uda_Pussellawa,400.0
24.28356204277267,1374.796133015141,72.43659321627507,5.691926171803074,299.8355224330646,5.533542800270892,Ruhuna,428.59479591089604
26.542262560722396,2302.2576631776833,69.61952241509861,5.262943265288329,301.323331594881,6.603774314602982,Uva,767.4434780947184
25.81600705397281,2441.1665311617044,82.97843779895767,4.961724288390379,187.03709768533608,7.004157557313703,Sabaragamuwa,711.9142402313428
24.60556500522319,1773.9548335834597,56.406632283399425,4.547705278099764,171.7387480587008,5.831810334582983,Dimbula,400.0
20.738923021438616,1764.9789261202493,75.45491476330751,4.75320249314044,209.46921329696647,3.129989497915796,Uva,400.0
25.03587688197307,2132.9391148260243,80.58336423211705,4.379309942198952,269.189820182778,4.5524316291357305,Uda_Pussellawa,400.0
18.908699141849713,1781.6401319797023,93.56647436561954,5.206111774207585,368.83818954180396,7.344749505300249,Ruhuna,1498.6478618583153
21.052725573039965,1966.9336926870888,70.18234028906525,4.601667203857803,100.0,3.0,Kandy,400.0
20.058545808683586,3049.8608945832575,78.24458604352517,5.067219743740729,232.34169944333067,7.781140727523,Low_Country,1249.7878279576898
22.32749655754529,1876.4871496270016,56.96137207437635,5.885050926805185,143.3857247179837,6.781844985966812,Sabaragamuwa,400.0
31.258634266694035,1820.8299239893888,51.08043795686976,5.799649786460793,117.82058581172083,7.974264122295033,Sabaragamuwa,400.0
14.530939229633008,1676.2290971824204,83.447743757817,5.1838615529486916,327.35653162758535,5.70214621967856,Sabaragamuwa,658.319985535981
24.745040761498053,2372.0959857499683,74.94439706351929,5.156457636928425,293.56996595994707,3.0,Low_Country,521.0874431202996
15.549136515241393,1909.3879133909486,86.78512689798423,6.139937274710504,285.95468127578096,6.645543962259747,Uda_Pussellawa,407.4054795603918
20.112272536842266,1675.313480839287,61.26597111030251,5.460378060179356,323.6820671784795,7.911979686057512,Uva,661.5035913871508
26.355802387869463,2660.652016136506,80.19902139528753,5.0360967700617385,211.62248825870913,7.387082708270132,Uva,781.5497735703428
22.257120076381852,2709.801502256819,93.68817840543853,4.486990941439775,215.38899869331775,5.005962774767947,Uda_Pussellawa,533.7234570338235
17.689020888282776,1699.7882171306474,79.19705608357266,5.396936609082371,424.85844933780595,6.13014161319397,Sabaragamuwa,936.3410394218251
19.138785162960126,1066.730024319692,77.7658150559105,5.614661886291431,230.27431565923405,5.200745596830114,Nuwara_Eliya,400.0
24.7183909957387,2503.756844918461,75.0855608082435,4.884174237743178,308.8105690443273,4.771100303715942,Uda_Pussellawa,641.8589605903315
19.078533473131454,1657.6850871199981,59.291185428740874,5.345601377569016,250.5105232770652,7.433082856769777,Ruhuna,561.3784134742348
22.8658343583279,2395.3127995813843,88.55572935710347,5.018213352542485,102.13931759372679,4.203701533102256,Ruhuna,400.0
22.182287359615255,1014.9480911440822,68.89142360194934,5.107983800400499,100.0,4.6592753541275815,Kandy,400.0
19.39359860957673,2446.2986691496544,80.04483256383017,4.0,203.68126240480763,4.3439615497914215,Uda_Pussellawa,400.0
30.5757763573013,1394.4140353596094,59.36965693428746,5.089109298141932,334.4881001335991,3.76462871505143,Dimbula,400.0
24.535676089272044,2365.3820595332622,63.2054033549222,5.684684651204027,313.0633325308803,6.219621437763905,Low_Country,861.0970375950728
13.899429653369571,2007.136533918217,89.35087399222235,4.884298722216721,323.1261731379227,7.742254572722964,Low_Country,938.3913255316253
22.74581725907771,1523.0302903016775,71.52697711042157,5.226263184107658,171.03630568509476,5.722684865632101,Ruhuna,400.0
19.352854140926446,1796.4818435366096,89.53275476042545,4.8220246466540395,379.2697992097851,3.7413782991537503,Ruhuna,676.160111978988
25.409733339184896,2343.1592284783505,74.21769340941482,5.3802208381463865,172.80853598508924,7.259916809613041,Ruhuna,629.4757350375249
18.8299170462692,2052.9472265576173,56.58102227042143,5.091738401231914,267.0259518935975,8.528552631052458,Nuwara_Eliya,618.1532100987852
21.541054234132403,2292.206490236242,83.9206759973172,4.730379229658997,249.17181680738108,5.030636513780108,Dimbula,728.4379231691975
24.01994911592183,2988.2202922577426,69.10107682244393,5.866275733832564,236.0900943748331,5.2821685999234225,Sabaragamuwa,589.0185969239126
25.463020776680487,1217.8791941444742,81.98688813517043,5.664466006766108,357.08737106364856,6.773490945125092,Sabaragamuwa,649.4706051799292
17.198814371776894,2808.606287484312,75.25210867540082,4.897546618035912,193.59115838672315,8.432810621677577,Uda_Pussellawa,655.4671164090738
20.661995056636208,2052.1779687616063,59.568817720571296,5.4488941547088885,142.03157954304575,5.2202487814121605,Nuwara_Eliya,400.0
20.100218755356174,1550.6079758384358,76.64294765370569,5.46870600141019,251.59963889651354,4.001325328502693,Ruhuna,400.0
19.386683069705153,1334.8431871305052,95.0,5.521150617505588,218.01386125707788,6.94712790940861,Sabaragamuwa,587.0481670551458
29.061816961124386,1905.4398046114832,79.9298645851446,4.3528720520024615,500.0,7.198602109713449,Dimbula,839.205250806663
23.61992684384382,2460.8250559622297,74.42482246994537,5.703303270516314,304.120598115198,6.00919717565284,Sabaragamuwa,899.0026088534898
16.95646418265982,1936.225439811233,85.75343401956897,4.915150518537135,217.25275398251006,5.162800110513824,Low_Country,554.5196696813879
25.671447788219105,2755.577465123674,77.1066846520311,5.021086033279366,165.51107446503306,7.49156809648807,Dimbula,578.5314142915358
30.488624788050533,1274.4121549742206,77.09534230262794,6.518940876130101,100.0,6.792054006821946,Nuwara_Eliya,400.0
26.12986104220459,1993.9555260769728,64.08374827840898,5.3509366903605065,167.98247314100536,4.84734672464476,Sabaragamuwa,400.0
15.922520136183946,1373.8032777934404,77.33848025789598,5.006838762276413,259.19534174073056,6.073642096958507,Ruhuna,439.83611414575194
20.063063708534994,2181.815941312484,85.35443416416945,4.097352813622047,364.18629212758157,3.9724387019630303,Nuwara_Eliya,449.18852413770543
27.06764459674649,2443.44369504865,66.63937847899976,5.894882066973178,339.7351313910335,7.0288356846568805,Low_Country,884.793950694681
19.169322137524876,1789.6191031594733,89.24495821246947,4.527395164595699,268.3275865317104,5.6066496459257165,Uva,521.7175259658462
23.775277712584913,1000.0,74.08293975854875,4.698280548250248,224.14658674380124,5.346433751422895,Ruhuna,400.0
25.098536213717345,2099.474073398247,66.12230488461459,5.034323850456076,271.5049885129723,5.950688272271349,Nuwara_Eliya,552.0463832754593
18.29227811368767,2218.369275866755,84.97632076920245,5.908205895850147,208.50896020123392,6.060461548995372,Uda_Pussellawa,446.4561577427724
21.7618985757528,2202.1473774808487,72.13205764261731,5.58661999333288,387.4691196611101,7.34239509234834,Sabaragamuwa,1591.0655152390075
10.0,2617.891095911077,82.59514887486108,5.12108124507987,234.8647854979936,6.886635796987832,Ruhuna,454.35366188245604
17.90244943466284,1464.4731601754756,72.08241367741462,5.35414603181941,243.09297134026184,5.765386081810796,Kandy,400.0
20.98972739442736,2340.1080527252248,74.40173856470096,4.899807153564447,100.0,7.145502224578493,Ruhuna,400.0
17.008867272140602,2596.2537562389875,79.93560204334291,5.269826844782676,234.3652122781789,6.601105880537419,Uva,685.8089305358185
28.52964521572654,1110.7062079967416,77.90897057590006,5.236668372389069,316.9187310371953,5.360100545570944,Nuwara_Eliya,400.0
16.27943448815747,2159.8259129594885,55.044682195482615,5.684384947840677,164.5821938369164,5.812922762645271,Low_Country,400.0
20.239822053212066,1747.9100844961642,63.78756259905608,5.683589061219475,189.94237324057497,5.777665666735319,Kandy,400.0
22.522962309144365,1959.238663449177,84.29409984790816,5.446988691102822,313.41688141869315,6.757892014761302,Uva,1155.1040401034668
27.765093156264463,2173.8382417691682,73.67863411098453,5.018826221226949,131.86742211855574,5.4494660779175375,Uda_Pussellawa,400.0
16.256551395282244,1756.3857179432239,69.76268697228578,5.570911147195064,334.6240806033535,5.41438622036755,Low_Country,593.6094864597823
26.65265500861984,1662.1459604191941,61.41425984742526,5.1540157668984765,207.42848878615183,8.953135964150938,Low_Country,581.7136585863582
22.04093224407835,2017.0762087440123,64.20263678724152,4.659042815643434,218.91454236070376,7.409603222620657,Ruhuna,709.5138080433994
18.073965395808195,1456.3770305685987,54.78201360038052,4.998356104044531,160.08972758995247,4.859099003362291,Sabaragamuwa,400.0
23.84841389705308,1457.0874355574074,73.98719281298467,5.242263491892162,280.24370083423065,6.856411490913297,Kandy,679.5502635299997
22.79623878229388,2339.6866414782517,69.01562419418953,5.6551078918323725,446.78975880235043,6.177525098482766,Sabaragamuwa,1273.2129398878803
19.59913249136482,1425.602982420672,65.33412109014685,5.1082359139214235,312.5197791568506,6.58732676289014,Low_Country,643.8888881541892
22.279208339960075,2333.156250454606,74.31876574832047,4.595400644380197,180.85717904475712,6.206011986847657,Nuwara_Eliya,443.969630760226
20.45874561255296,2231.2956464269755,78.63970630852738,5.22837084164841,340.8496468393181,7.784463968227854,Nuwara_Eliya,1243.853853497834
22.45406938100499,1137.0966356047015,95.0,5.256728020028277,224.66563632526004,6.518430516977169,Uda_Pussellawa,467.2014680200441
24.648522698084186,1661.2176738321725,59.88116580436787,5.292918814451377,359.9587985142048,5.906866952678569,Uva,606.3560480329065
28.34406726458141,2597.054701523686,86.59381043300522,5.659935757977215,314.534112173149,7.563285865474526,Kandy,1021.1388453947499
17.048738004692602,1509.4172344301592,84.73101561015072,5.70946162004495,100.0,6.349927561631808,Uda_Pussellawa,400.0
30.532133498625065,1767.797868845306,67.209072606233,4.902894563809167,169.6736293635978,6.182217868993587,Uva,400.0
14.191648801909992,2231.030446625948,77.03235954586032,4.891928270975528,325.5508178268312,6.471033903729172,Dimbula,747.1109752677777
21.392859619857667,2391.6952546412977,70.42366750662384,4.679900644522264,262.1325817716014,5.85958646495045,Dimbula,752.4147313865058
24.353268825938308,1874.2305569777523,76.85688580418739,5.549407835140238,168.09952418337195,6.013840489493203,Uva,400.0
23.12396747094013,1701.2449026541792,90.0913101340455,5.924410054168858,199.31283876049497,5.119958116857191,Nuwara_Eliya,400.0
19.509201920717626,2711.1849308492538,81.05606232631312,5.042459036045538,100.0,4.873249170564182,Nuwara_Eliya,400.0
21.1675109985709,2869.4498318987894,80.08608373233442,5.0792847176375036,242.93013699788833,4.502144420276341,Dimbula,650.5900395530695
20.02799626136467,2489.4290253908976,70.69690680045358,5.933391278449488,426.85517808126116,3.912025069804386,Low_Country,751.8253031969634
19.642540972223152,2042.659071282512,60.15943335075665,5.452778926607504,314.3946712585861,4.680423957923165,Nuwara_Eliya,414.73083096749957
25.3984083880841,1595.867139179537,72.91531789459592,5.418117852400528,425.23336009507386,5.738599448299611,Sabaragamuwa,789.5989369958102
23.42806194386019,1584.7777967217173,87.06608154863915,4.604541747013137,320.5917671831984,6.1546763736684555,Low_Country,869.7375850100957
19.228361618957383,2261.2570526328786,59.72832143410352,5.53936403463971,332.19834746821533,5.593055155278539,Nuwara_Eliya,534.7377059891508
25.598399501733002,2209.199110444342,64.44910631823305,4.735431829745121,407.92629501960187,3.0,Uva,400.0
23.229198083506436,2700.799296473215,76.26267736234068,4.632989907032521,280.1810607473781,8.361879536643514,Ruhuna,1364.1627499379877
25.25144847535584,2325.2250462680695,65.15345215152738,5.026614211616644,235.0218142794496,7.629720184335572,Uva,698.3557460951779
24.518515367694448,1248.459849120091,67.07476552884788,4.907103638275655,332.612601329761,6.668639776825693,Nuwara_Eliya,421.78846472230947
18.68401995631171,2525.9738088614595,70.76401418271823,5.08920015280748,366.3072189697508,8.861236008829902,Uva,1509.5959324179082
19.759275839212123,1500.9696863427935,61.343825958098506,4.479509182737541,211.60282858302327,4.533953823774434,Kandy,400.0
24.989174420493047,1808.0143640238243,65.25878153783631,5.679408153233837,192.27447341279765,8.831437680939008,Dimbula,524.8333452857439
24.44148106173386,2125.1001031258475,82.03427916787308,5.763843147258215,261.1084825944704,4.552178884874178,Ruhuna,580.6931493298347
21.916393624143407,2997.833744891982,61.92630217769036,4.226328762929593,316.51990935453296,6.358106887937035,Low_Country,877.7492061655305
22.469309533235126,3500.0,59.021278655051624,5.689228902833276,313.8472838929249,4.0892440122986935,Low_Country,580.9636647145887
27.110659583153698,2303.3615295680916,68.69975020466106,4.794735685089187,136.06659198499207,6.02204114331655,Kandy,400.0
19.63371444465668,1908.401690639806,82.31955502509845,5.628487768491393,402.92848536506574,6.579249746997583,Kandy,1126.2998506565602
24.18838952468015,2267.252824240275,73.0307819200311,5.165776753666792,198.70680564825196,5.767964503298168,Nuwara_Eliya,483.6780347389866
21.191229390264425,2443.827712936918,70.35418921884381,5.214387782040499,228.79480024891365,7.070816166135206,Nuwara_Eliya,691.0980467617558
21.129275187091118,1839.6661872214042,75.44358797515608,5.107451175289391,177.78765120097444,6.148521674230886,Low_Country,572.3914318490797
26.39510740794876,2897.6056779561613,57.54292567140348,5.806064602116743,465.866306874967,5.216377907433737,Kandy,693.0459921515517
25.30166539595212,2115.035379595701,79.94705653775033,4.580205993737486,269.36565362303736,5.149780023296492,Kandy,564.8611100614781
25.254038544002555,2248.8715445456974,78.83435031403644,5.503920169367505,181.9219935454748,7.216370658923545,Low_Country,633.4360582818472
27.221915228617316,2332.9621260272306,70.90691525904279,5.750665082444775,319.1138839969957,5.019386955289549,Uda_Pussellawa,431.695100620556
22.084015366531037,2210.793305307228,85.05924511796417,5.5581700402702054,311.53086234480264,7.373104455727406,Uda_Pussellawa,1173.4313854625811
24.727811885179854,2419.470250234806,63.725039010469615,6.362349457161709,234.98183811360929,7.834067689247896,Sabaragamuwa,534.619271385578
20.758932973626177,1691.3734067265384,86.2790899325357,4.935526618637651,317.2485370226707,3.496929206480805,Dimbula,454.4112890189849
23.296665409953768,1720.8491230269847,76.54493665595251,5.678652411296766,183.97664313353084,7.699389580951552,Kandy,557.0260302040708
21.47942778252926,1449.9228835141525,71.63447410121826,5.14695468232929,210.56653800405982,9.090634047667049,Uva,644.4427336114027
22.387983859970873,2219.750615310113,74.80126364631688,5.816703038176335,100.0,6.3780056418028925,Ruhuna,400.0
24.380628101747654,2389.468251756057,73.92735234189058,5.196155502139315,144.08391326243498,6.898626277942234,Uda_Pussellawa,455.9568952640959
18.72711726706611,2228.886433075943,87.20282896417717,5.006062109068766,394.61046445365486,7.555507986553738,Low_Country,2080.767173914596
30.369549102741843,2837.2462166737687,64.23320872528987,5.853036101935815,381.3142902177851,5.586776527231467,Nuwara_Eliya,413.97067790354356
17.975930474001192,1997.2019905854768,67.37480760853401,4.954219030490536,255.263091891917,6.273420335306804,Kandy,613.6018172313835
17.143245548849073,2334.3708277962564,85.3630289207248,4.493637120549722,383.034515775187,4.0287007055653365,Uva,591.533237545038
26.63244349400027,1454.1495619303428,69.04465064816141,4.941576558413086,237.19404107133562,6.2079525427956765,Ruhuna,400.0
25.166650775851743,1806.4501487627995,84.00533077331592,5.5095164732942665,230.52717579456737,6.747167993466812,Uva,608.2263184893649
24.49647926820862,2347.768878782889,91.99435983008709,5.8960193757935455,254.5208518772445,6.7742445343897035,Sabaragamuwa,938.2486084417507
24.51338203705712,2424.551055371572,70.98204973058367,5.255564687648256,240.00627237411476,7.59813708539637,Uva,841.9256740308866
21.95101290861234,1853.016526167909,81.81362326575305,5.859098533617013,232.78429411518556,4.837796732796706,Nuwara_Eliya,400.0
18.410982514056673,1964.2003740709665,63.46307718660142,4.520912539261204,341.4718485719642,5.201089864989755,Uda_Pussellawa,417.7556909979682
22.303218232774906,1241.0631266595951,82.54733298067809,4.978368267591049,262.01085231649625,8.843261018987032,Uva,734.2944683249793
19.291353153951555,1821.4853995966953,76.99423985986768,5.0557124414229495,306.99854115470436,5.774507439354435,Ruhuna,683.1775256971146
25.900478933671003,2445.191581759893,79.73038282160215,5.1427202862637404,332.51044202218645,6.300050680968492,Uda_Pussellawa,991.6132809322336
21.411770473991446,2287.602508053283,68.54427927964605,5.242047194125099,281.0548636523787,5.8994849374121685,Sabaragamuwa,895.5125209295088
18.698011212829954,2250.332860690605,58.389165844328275,5.545455478696097,172.3782939273409,4.767478760542467,Sabaragamuwa,400.0
20.714456633388025,2024.88684359048,80.03252064749505,4.977596580914755,141.77072888287688,8.435293816337708,Dimbula,606.9273301456848
23.6517258171025,2003.5315793140883,54.365968475205456,5.269514343476563,261.9024507845844,5.208447882119091,Nuwara_Eliya,400.0
19.7451017887841,1669.8394302632764,71.82649507757465,5.177438554837974,236.29949561400525,4.309071714439606,Uda_Pussellawa,400.0
18.711118417734273,2349.4142101012676,84.4118186641997,4.737055048054425,256.99131431360973,5.323889584045872,Sabaragamuwa,723.0765597406049
22.97474884596765,2210.486472194695,76.91897735873036,5.143166655459282,248.7156768601131,3.0,Sabaragamuwa,436.90729923036895
22.97986628443489,2246.0094239963996,94.48342644789813,5.128170235051441,456.6858928133254,5.023068802525227,Uda_Pussellawa,1334.5783492469661
19.97222729851548,1736.9825786662097,85.25109152581774,5.117459717498477,143.58189954869295,4.54780710322151,Uva,400.0
20.11584677752671,1000.0,68.46101611674423,5.215879728290726,100.0,6.9261429463909865,Low_Country,400.0
22.928199749430544,2548.5763558768476,75.27313379851438,5.237836770306693,276.5901466815688,4.989878640660192,Ruhuna,856.2064216026308
16.207662634010703,1760.581271995798,74.52629297455564,4.983852410446335,219.88619563294438,7.331705903368273,Uva,478.9729831537687
16.370144902493777,1568.6121179784398,59.17823236653873,5.836357366985633,275.2854295783961,8.097725989603981,Ruhuna,443.03430855787127
19.126223114990257,2346.7394559569966,65.59601083515646,4.615259685398492,296.7106417827201,7.171763004431399,Sabaragamuwa,834.807313621763
21.146211393152612,1803.9936800404353,69.3923909302014,4.839514945765052,352.7283756143118,5.676917566709885,Sabaragamuwa,821.6214999482999
23.243630262392017,2529.968192023311,54.637794971440634,6.589981812111779,129.42193436928494,6.211671745058389,Nuwara_Eliya,400.0
27.90142486779821,2308.5029747883486,75.47493468251643,4.681004322505386,205.46256817142697,3.7125225897839105,Uda_Pussellawa,400.0
25.43063849280808,2341.784661600239,72.50928155346959,4.523122662645121,284.3009007104611,5.79933094121814,Kandy,622.2213386683266
21.36024588014629,1317.022144399733,58.27106098688426,5.567238372500609,311.63708765497813,4.709342297899751,Sabaragamuwa,400.0
21.923935168389246,2605.9719926932003,79.04212865277331,4.161440073113063,425.47596402307084,7.0414895717239485,Ruhuna,1434.860868363409
17.989882541448765,2130.625265616928,82.1587274469096,5.082363045013781,326.45631768910937,9.85912858386671,Ruhuna,1722.9400982194663
21.92594745603044,1815.3614303768984,77.27034478864888,6.272912462538244,245.45691232909783,6.749732453960714,Low_Country,584.5818068839543
20.845365444319448,2071.6942336711254,71.7593182479103,4.4275320389232995,178.76513976458708,3.0132897765680005,Low_Country,400.0
23.29087424135236,1111.8823835508401,80.91442151751855,4.209017757130644,204.85681178247847,5.45815471062844,Uva,400.0
18.69107622579071,2204.3264057403353,81.80220360476692,4.450409399021151,202.58377416343149,6.183736388061682,Uva,477.3230318419018
24.077386056964688,1485.3142459089643,78.07403569719689,5.6491797841734925,302.41869028110085,6.131036137890396,Sabaragamuwa,577.220568878671
28.13095565201031,1323.6648570782327,66.75387749565239,5.762388359992906,270.55979564686646,4.90378031158687,Sabaragamuwa,400.0
21.56495940617257,1238.8204068910545,77.7660076551118,4.943705601510746,144.1080343326257,6.367937613955403,Dimbula,400.0
23.606846888395765,2556.3441874949626,86.95480650825479,5.541606202000534,215.12788247276535,4.136248744620919,Ruhuna,599.1122734916547
24.76057596684445,1685.3683031536057,69.0337094138827,5.895127663755995,320.20380427611366,4.582636915972399,Nuwara_Eliya,400.0
20.395118112456654,2766.8638549582497,95.0,6.093673207214913,278.1329883979247,6.968696462405568,Uda_Pussellawa,929.4133470898123
22.89636992724167,1732.0992684738512,69.74369066014616,5.076832359410076,295.4915692810216,4.476505153680261,Uda_Pussellawa,401.97152303212084
22.05036960312718,1146.3210212035265,75.32407013340136,4.049264141165007,280.633736804581,6.807317408238386,Low_Country,434.17487455425015
22.39070439419533,1441.7377800256704,68.27514403993663,4.789560538795157,380.11445876870874,3.945804338015913,Uda_Pussellawa,400.0
18.907960864578133,2617.9058100034695,77.2327083592026,4.986597902532371,268.8834451059496,8.647238825687605,Ruhuna,1265.623319188174
22.09804069703577,1922.0509110316661,57.57778307364725,5.0705306017108045,219.11817617034416,4.838595116393918,Uva,400.0
23.9919931649818,1725.8563517546995,69.53958201183279,5.106070299495641,176.73959670931515,5.664500142294834,Nuwara_Eliya,400.0
27.804574431180168,2080.0091129263938,64.07878799651434,5.759447298965335,269.9687566567769,6.495919891635609,Uda_Pussellawa,400.0
25.837083304340826,2250.8913680837727,76.35338347892291,5.837214213343791,100.0,5.1519750712483585,Ruhuna,400.0
30.612729830046227,2558.6994079512306,84.94447375508908,5.114163173037609,235.25687985338305,6.215108941606957,Kandy,607.9157690070556
18.9306097484478,2724.249614946463,81.46006187114551,5.7492424380259095,233.53281120629248,6.863035086780188,Sabaragamuwa,731.4270345528236
25.489282546882713,1820.115677105457,51.28340639141108,5.378830683315545,140.84233171061754,7.440919848755228,Dimbula,400.0
22.733368022953407,1336.976156958981,95.0,5.232252986431286,175.73873290752033,7.1872461539594354,Dimbula,608.054973463539
30.75921173287069,1793.267419438362,77.95279940620868,5.653272078554982,314.7726024118593,5.742284304295989,Uda_Pussellawa,400.0
18.766806858579393,2130.140253291443,67.23500859507,5.236126024118958,268.456939925997,5.780052338934596,Uva,648.7582844383628
18.641112631276897,1518.1205368946946,76.5712791899094,6.228905588548882,258.1430666965862,9.523662837037548,Dimbula,523.5763410128031
19.602429418223913,1521.4245425524787,76.76189822502693,4.480794416602721,274.5078027145618,7.424833602373938,Dimbula,563.870276004339
13.504417102760772,2171.8939407749426,68.33151283048436,4.942414550453991,257.41020703591386,4.617264515519679,Low_Country,400.0
19.896979913276954,1975.6738242147744,76.97916667342075,5.136740551523025,349.4290050286652,6.149982245648328,Dimbula,1044.1962166655758
18.963469353785207,2016.3984977057933,68.92527712379693,5.419726345228995,259.8743345362919,5.4972852918327115,Dimbula,533.4157857989704
22.60157514590483,1620.7523326499652,70.95638007309978,5.833980243551545,133.34295089449995,5.796998649115335,Uda_Pussellawa,400.0
23.367023903108638,1884.7996428971164,68.13720864244915,5.187800716381922,380.41039718995285,4.155757263437868,Low_Country,740.0221140835948
29.504683356863545,1537.8834278658478,60.673287102603474,4.488885175246897,279.62722138630767,5.38211514842107,Ruhuna,400.0
25.8016953527442,2445.0992055623933,76.45836470215384,5.6212569482275025,202.8597015363946,8.71733365979087,Nuwara_Eliya,653.3828981234097
19.692385377350387,2517.624667361876,80.85299436516338,5.577479383070982,149.7278625363985,6.868614451313254,Nuwara_Eliya,416.1901914412161
18.406341314606568,1076.9060688809532,80.14883596076372,4.229070670310297,281.67313767664365,3.0,Uva,400.0
23.967676686026024,1535.2445699037949,83.19925252635234,5.1980979331646004,240.62623960204996,7.8250852387469205,Ruhuna,832.2218871308525
16.71906717191743,1251.7353724549605,78.24340210014869,4.404929084659852,375.9317428825927,7.634444284363742,Sabaragamuwa,548.9926212020036
29.325835063417415,1674.988032796551,69.67274501783096,4.867674451248969,222.32741754665378,5.4610720435403755,Kandy,400.0
26.717760482885147,1958.2810151048195,83.39663864431189,4.7485955365186,183.00953682540265,7.075895315674822,Nuwara_Eliya,400.0
20.123297391581183,1275.177390150735,61.42482460158065,5.604632349120993,321.66369745887425,4.710901183774199,Kandy,400.0
15.14746188363649,1539.0700934373435,65.9932861748752,5.258415087086092,324.0225514173465,5.294616425600464,Nuwara_Eliya,400.0
27.41548949666165,1498.0213139592506,65.35799928576755,4.557204499621986,263.4921094088156,8.24781954100478,Low_Country,493.12825716996815
21.54184061898953,2103.633664699472,85.80056059139311,5.640032981478671,304.10856381399265,5.592404940195437,Nuwara_Eliya,699.6192763570382
26.951265247893847,2034.6721685181253,84.42788514140075,4.483097088035793,246.98503034062097,3.1954025070675134,Low_Country,400.0
15.622289364822532,1639.1312233313733,79.87305237044995,5.365056895235472,268.70920808073976,5.905045165827995,Low_Country,527.1896542135851
19.60249990818491,2088.410436069699,85.71929865211797,4.792994665354223,343.19927060511384,5.882117410628465,Uva,834.5636856161888
22.020974798872732,1726.6599577063673,66.20717217588012,5.017161458734741,300.02546672172025,7.797552854060189,Dimbula,822.670993287612
22.187922375058967,1864.1724448369735,78.4859511986098,5.452135374019192,236.45804493339003,6.02150463326364,Uva,583.3683820019164
20.199738114083026,2836.7260451492684,73.74825571616836,5.460724699529765,358.1890036740921,5.3676265328395605,Low_Country,1221.4922103924123
24.491399729389997,2670.2305258951737,83.46882103884914,5.868484536777981,100.0,7.567584217846809,Low_Country,430.3850445007189
17.729518282469623,1350.2093815362011,73.84775767447802,5.158873150164274,414.16586491375483,6.181185348751665,Nuwara_Eliya,587.9594343562561
21.430482059914826,2414.866208939587,71.15057111589918,5.35322543148167,113.52327240874118,4.874965977651424,Ruhuna,400.0
22.481182526847597,2405.698277245796,80.4090851856099,4.981131338797838,199.83257401821632,7.7324963408124265,Dimbula,939.1942761721917
24.057755336234997,1425.8683556236908,83.76169167191233,5.290994941311399,246.72659718439448,6.290492646775199,Ruhuna,659.1430564746969
24.84645951235556,2409.3888218774305,68.31654805153198,5.419743024004256,238.2815463417471,6.004388950019156,Ruhuna,688.62893428751
17.501431632648522,2768.9659592062762,74.38924328647624,5.150845076272812,330.5128832021244,6.2668625871174815,Ruhuna,1079.7115683408083
15.86354331705751,1438.727596877793,64.41559366358348,4.298124757953752,165.37307051118125,4.393997442875104,Dimbula,400.0
27.110707287594035,1541.2485894928682,50.019389825070604,5.365735448165448,270.8613453986451,5.208519335732494,Ruhuna,400.0
23.329256047918367,2508.830733421751,77.00459631413729,5.3822807386777285,203.74303214241968,6.005373902749175,Dimbula,790.4881457400398
19.006053853773786,2135.747655412824,81.08905356254633,4.859913261826025,273.61127834699334,5.70800445746298,Kandy,729.3098292269649
28.204607902090093,2275.738137619762,77.62066809086726,4.557806481963743,244.8182192161699,7.908642574224893,Low_Country,755.8024616702818
22.462698537171434,2170.294608200248,55.50438282245633,5.937939575251983,257.4348522146382,6.3261087790905055,Sabaragamuwa,566.7863586863102
26.717188736255306,2195.347960464072,71.49150569923525,5.445722755447202,206.00601340285235,7.282355883954604,Nuwara_Eliya,493.5465957202227
22.270073925640435,1336.7639358444585,52.81652239948919,5.085459484539145,209.1948839923134,6.014093031863774,Uda_Pussellawa,400.0
30.24299169952795,2523.658853310724,88.69701107654186,4.631483558426257,272.98180112219416,7.584432725619185,Ruhuna,805.1581641262666
29.021363369772818,2584.794996213887,64.13945417881914,4.789092585789327,325.49724046048357,6.596291634859731,Uva,570.600494622763
21.004143406083706,1885.3046279659861,87.55403609459896,5.851295198393116,202.13765326417217,6.02013072808269,Kandy,518.8281270793548
25.88628380381742,1978.2615250930687,84.45869643684145,5.268830970434023,180.4985964341672,5.98007536656147,Uva,485.46837777115593
24.58150379834059,1234.446248722139,65.99409647463938,4.9247064664996465,299.076813253747,4.568342060563555,Uda_Pussellawa,400.0
27.474526230129396,2257.1273780089173,63.672150487322554,5.454844615612329,247.39968855538484,6.760373580204466,Dimbula,585.1663887066088
18.140306157679582,2286.028720857072,78.50370216386338,4.792800906276838,316.4398507188762,5.939692898195432,Uda_Pussellawa,695.973704585166
24.744205839993757,1968.9044915003444,66.55675962816929,5.95042151514019,177.53622293030818,5.247012059728193,Uva,400.0
26.23369794739835,2562.1766799352513,76.02484642158207,5.876400267448362,107.64488596612554,7.659692656218107,Low_Country,400.0
14.965042054307542,1832.9613845100298,70.17172409193081,4.966712964398612,207.35967345389327,4.1246759611577986,Low_Country,400.0
17.2669659493369,2282.3029629468,57.18841585534366,4.88566487648457,188.69179125879873,5.366256156851349,Uda_Pussellawa,400.0
13.843071288959598,1490.1678306539422,52.695319808755414,4.0,243.696927993576,7.5415781231693,Low_Country,400.0
20.92237266222177,1988.223924562881,77.26684248494597,4.459209614224316,199.05238285836884,6.47328441138038,Nuwara_Eliya,424.00367303381955
24.87016902318385,1912.822871048582,69.38442253669375,4.530265112521122,309.28135610691595,5.928211608520864,Uda_Pussellawa,564.4222853065736
28.00942820838411,2112.653961020471,69.46910183085868,5.267595170493693,226.9479790061987,6.37650531472522,Ruhuna,556.4181141271936
22.296379121679102,1815.2365355833208,81.95863839093785,5.036883147779321,262.0379599019121,6.269121256573262,Nuwara_Eliya,607.8633824552255
28.51446218228517,1934.263702164166,86.73442276632444,4.52733225629238,262.6107646752755,3.725006180571118,Ruhuna,400.0
16.479594167140434,2413.023585720753,72.2745527863819,5.059417978767722,265.596407392975,5.476107171978057,Sabaragamuwa,662.5672495164664
15.186470242579382,1781.6178813808913,71.59401293090139,5.452668573823674,248.06967116360212,8.424782481770624,Sabaragamuwa,546.3473279423215
21.777809204413526,1196.7114496306604,80.00143033113883,5.463919674957793,290.84805523282506,5.011013797834249,Uda_Pussellawa,400.0
23.53626179575723,2874.79195210271,61.43064430300424,4.2501648595705595,186.3475892939354,5.522548478843499,Nuwara_Eliya,400.0
21.86922100762363,2690.727039345243,77.23153054747696,5.135868259758085,361.95343413231063,5.1875688550362185,Low_Country,1474.7064486751797
13.730231599840494,1353.8686524471907,80.51885971822153,4.508329611514195,231.07700933051717,5.8694771650227935,Nuwara_Eliya,400.0
21.643519841948848,2344.853902622597,81.80230208417629,5.6508643485701375,145.07606896810546,5.1253157530135525,Sabaragamuwa,458.269427411968
16.78212199798059,1748.5126147243284,55.63247297497535,5.59207320817675,265.04586855934184,6.73011225323709,Uda_Pussellawa,400.0
24.678690195320154,2131.74360766553,67.3864473019106,4.750986386837771,181.9055614042012,6.2959701184354,Kandy,452.63621689915004
23.466392984387394,2147.1120645067467,66.21736747176533,4.8169773987998,303.22676276071,7.160321422660527,Dimbula,891.8874678052784
18.240480854690578,1882.796099841839,75.99886954409213,4.969366474750847,426.76844608339024,4.423588250716559,Dimbula,708.0219073404829
19.944532330653225,1608.1171672068017,79.80744579767983,4.07360330263433,187.074232675372,5.489489275675645,Dimbula,400.0
17.763145912444195,1654.7294738418702,89.96710407445981,5.367984086720289,276.5897866579188,5.661416052581798,Low_Country,674.7691193630678
21.749283610907312,1541.904042259379,70.05034519631927,5.0635777268299345,109.5595529036298,6.683470365132893,Nuwara_Eliya,400.0
25.820569282004953,1584.0888958847777,70.02427501690786,5.68508754128393,286.3124183553078,4.8101682041894485,Low_Country,400.0
18.057095814657824,1966.4108549753223,86.49672018878746,4.650795391018724,179.1428960160248,7.373480706387516,Sabaragamuwa,543.7358232076472
24.016186062071377,1642.120005444624,77.96576938530305,4.890438525875035,200.0132305252414,7.779623385776413,Dimbula,532.4992331846381
19.878969526510236,2341.02603285631,87.67651511187974,4.4467373709804425,161.89708081281375,4.516691478546624,Sabaragamuwa,419.50715804364023
18.828508670950622,2743.6230776679636,77.88728003009837,4.697854718252874,308.5720980843788,5.263690657659652,Nuwara_Eliya,602.6121942223265
21.57187856018177,1709.9733793149785,63.42883381286729,4.609009001965891,330.584348597861,5.202102737561861,Sabaragamuwa,575.9192585186155
17.859030710322504,2119.7022502676887,61.668716452221936,5.697986839423223,251.8708171726806,9.948579307016248,Kandy,712.938726358966
19.78540277861127,2249.842555151467,59.48487750941071,4.8508690756243045,180.84586357314242,5.35514984218817,Low_Country,401.3037588642358
17.208488429644607,2236.001135459637,81.62051834758473,5.262087842372307,377.161842888309,8.516438163234202,Uda_Pussellawa,1305.5408794187847
29.858900531665558,2037.9776339580437,86.88596823087008,5.009618298069098,189.96718977962752,4.100052007340086,Sabaragamuwa,400.0
22.141054207886913,2371.3412091798614,93.4936214138638,4.565267366993593,100.0,4.515523550753455,Sabaragamuwa,400.0
19.201097968029657,2241.124476340329,83.4310533232324,5.115849788414179,286.67112079656545,4.970093202227699,Uda_Pussellawa,655.5627242115968
22.85591964293689,1381.168788836351,86.62838577534986,5.499551665931797,161.61802610867866,4.731466032830216,Nuwara_Eliya,400.0
21.55068780123668,2434.5780321946368,69.19983667346315,4.596120303728324,329.088703479934,5.598151898762252,Nuwara_Eliya,745.8448591722236
21.116121601867107,2443.6454186333713,63.43584183256144,5.604556395365689,219.5089842661265,4.936832695917753,Low_Country,562.6558073650418
24.4566668001737,1618.356947910709,83.50079332417553,4.775139539261152,298.29705924353567,4.77098761089814,Sabaragamuwa,547.212227510159
25.03003084018922,2018.968917723801,79.176807522394,4.95850803696358,362.12002772417264,7.737707994709991,Kandy,1281.7451121590902
19.87799540955789,2341.664496405535,76.07444374340892,5.465341561505024,153.29129083034223,7.835690433769748,Dimbula,620.3701841925597
19.69672703742128,1895.3430902103191,78.8737148063299,4.868281921390256,204.72502952860756,7.423944747562974,Kandy,635.9713942920334
20.899793211393423,2536.4890238830058,78.23185482458206,5.218787429667933,243.94631418743492,6.785998433376492,Uda_Pussellawa,854.7536823122423
12.79231534105766,3181.9362473096803,87.83816859853562,5.042654585605954,373.00410552274747,6.1391145986693285,Uda_Pussellawa,740.7461413067555
15.939235751205791,1607.0069836825087,87.94985584816956,5.26468400335191,197.32938256476436,5.2544539640011365,Ruhuna,402.7222058422584
27.467497069778098,1309.4776984231125,80.44220352340346,4.009630447238251,202.43970432407943,4.570263742867362,Dimbula,400.0
28.579870854005136,2151.909297802438,83.45802872562928,4.285159092395959,288.25124604446466,6.544493555149031,Sabaragamuwa,576.1221298511053
21.003855841774488,2360.7812525630716,80.14062552424775,5.50798350302342,203.82170194315432,4.239554411179803,Uda_Pussellawa,430.79379583689513
24.306227852223067,1884.5668130776155,70.3883026796538,5.7185907028245255,262.2020706318093,4.50911860623691,Ruhuna,432.9443175935387
23.245000618174146,2726.630331660517,82.5656467491314,4.744756648234239,125.87700632254986,7.729369884307214,Nuwara_Eliya,438.91458232309026
34.315523233820954,1330.6971001383756,61.05504931140739,5.077985823914433,427.1463954045277,8.85097356258313,Uda_Pussellawa,400.0
26.478299645738307,2346.4593115158054,85.53891552295883,5.347359626451151,142.18326157524774,6.589942707249721,Uva,458.4144493978929
21.488329634076933,1697.0695896205534,63.05477060233965,5.546608800829352,224.25978368078333,7.659685728441966,Dimbula,583.5993521511962
18.177838237598298,2859.6889531036486,77.85803286794733,4.186161364164576,247.40151713263242,5.631227523834025,Ruhuna,533.5521064867463
15.57421471896971,2996.257676584059,66.54846041573842,4.756979876510812,403.0150507485437,3.9934887208684735,Dimbula,516.8448578133817
22.813854543468892,1616.6717061083261,80.53388983074427,5.033710310075063,144.0123375253808,6.918257427927876,Dimbula,400.0
18.974597018862788,1725.22143204571,74.66074774072091,5.551570098618025,408.6963308383001,6.853933984905096,Uva,887.2084773649958
16.310985161609302,2429.793943489901,59.05244041836667,6.449215241860747,310.5741456881618,6.1075028308203665,Kandy,400.0
19.413708463029895,1806.4346751052426,79.20699631018479,5.085997136595141,283.3676259538597,5.636436812842333,Nuwara_Eliya,524.2278280136954
17.67380798554242,1977.2943910338809,69.22079223167289,4.496511268948006,171.22930503856355,7.443315867871647,Dimbula,400.0
28.74856654029026,2012.694210271205,83.81146720813369,5.401134038600649,295.6912993630459,4.521400449858788,Uda_Pussellawa,406.0001262806692
25.526559027797802,1040.163421901172,75.01325688734407,5.860497894770355,192.121070206416,4.839329131664013,Low_Country,400.0
21.96810943473353,1993.0811269528813,78.95420985388039,5.254007060489751,351.33290025587297,4.4878402398593575,Nuwara_Eliya,699.2560858059759
27.919776555560105,1655.136112967913,65.42431044984788,4.746675727422854,172.31503767138133,6.12745944395374,Uda_Pussellawa,400.0
22.309473230590473,1753.438588800114,69.10667768572638,5.67899697074001,240.9473204435133,4.368160481836113,Nuwara_Eliya,400.0
18.554863194686945,2721.816001734407,70.41361363898915,5.531772809249218,205.57815295894628,4.973636729227135,Sabaragamuwa,471.27605538257615
28.09249630907863,1371.7465528603718,83.56702480242555,4.686959577902188,170.9981630058404,4.941366656659203,Nuwara_Eliya,400.0
24.155640174738636,2406.6025933739884,91.77377087805489,5.390712808767171,309.30558535263316,5.609087501499062,Ruhuna,1231.8716499584664
17.851015382694175,1860.5185348340958,66.94828248257124,5.698632783829437,292.8366997927707,3.7689383303940347,Uda_Pussellawa,400.0
21.238645287665566,1860.1199157520828,85.7684814465768,5.790945021279447,346.7208159120798,6.1308074880559005,Low_Country,1081.4708593613586
18.497526986460972,2395.185948025856,53.30322582274298,5.166775512345272,107.60999134334662,7.870955475997016,Uda_Pussellawa,400.0
16.468801076142654,2170.0256472844453,63.058105989077106,5.0209602769103405,335.1336561872835,6.203237058475143,Sabaragamuwa,746.9064189538727
25.704710190126566,2285.3064986097656,65.41221543813225,5.813636911040631,450.4359124285515,8.31198171720198,Nuwara_Eliya,1064.7552061769202
29.637666561880522,2484.0923302664305,61.474913105592776,4.594919748509557,213.86871286584426,8.000997278815387,Dimbula,445.69353464346545
16.405729704723434,1834.3458084083386,59.1641161021242,5.419289645460503,401.6118889687176,7.166602570871782,Low_Country,904.8836163571169
24.251876946762284,1693.881632746125,79.12998912137797,4.514986686317785,228.94709823521387,6.112028763955329,Uda_Pussellawa,402.8149705861148
19.397429723512694,1457.424736721101,72.85932302272138,5.732688136129801,140.20722099509544,6.033750582368159,Sabaragamuwa,400.0
20.051498464941215,1587.2947350105223,78.7940539760511,5.070977242194419,225.54940460745635,7.14569965854489,Low_Country,742.3956295029681
19.630424303044524,3474.5472126543627,81.90472686121512,5.834291617823735,333.8563174140221,5.412494085743951,Uva,778.5418172952262
18.544036921280735,2622.3397903683936,77.65616993172533,5.445706378177763,182.94588141347748,3.1762188727988043,Uva,400.0
22.194086511779307,1324.4628168959894,81.57763176150374,4.588389884969035,201.97290727948103,6.73800608115444,Nuwara_Eliya,400.0
18.67619953435585,1338.7710216282148,74.3046771375773,5.912313866038621,297.48315458345525,4.303397055097543,Kandy,400.0
23.081827303119354,2240.9330308592457,63.13006611694256,5.975622633213865,250.24480933908583,4.556788157714423,Nuwara_Eliya,400.0
21.79904756220345,2273.6323986889834,85.57814180820796,5.641143246299608,296.7698361989393,6.000335921993682,Sabaragamuwa,1124.2752492829882
21.04420781253436,2274.441917658682,69.10887867218872,4.819206067481891,269.02636326066687,5.857312683669795,Nuwara_Eliya,533.5239942513292
18.369745351833608,1872.5221032231511,65.64403701237575,5.046993022821296,288.37002556412585,3.8818865905265545,Dimbula,400.0
19.69291467772667,1937.2728699985498,73.22082124195602,5.27271360870288,215.4159051352367,6.24823734619971,Dimbula,555.178046267882
25.021564903303023,2163.9397620796785,65.87189080703487,4.848144800334284,268.5384753624314,7.4492094912915725,Ruhuna,747.3963701567923
24.003668750497525,2042.9465031466652,70.82569618010568,6.046173286231602,175.8101595443253,4.307487644601325,Sabaragamuwa,400.0
18.089779020805796,1000.0,78.44053921563466,5.272163235863019,353.0746898002711,7.908724996273139,Kandy,572.4476940939783
22.3973292217169,1885.100184712403,78.48341739246126,4.0,199.2580226546149,3.659743762305084,Low_Country,400.0
25.005548493487154,1574.2967828698431,66.0216993357437,5.369677906378111,340.3077990039512,9.17598621655643,Sabaragamuwa,1003.8162171529212
15.322378875514513,2087.605709454256,70.12294627051256,5.025921301591343,231.31144312137076,5.383109354274775,Sabaragamuwa,435.7313758792331
24.17344076951974,3492.629501301705,85.74333004770244,5.162536721940776,266.1599208605857,6.218425495240337,Kandy,1011.3479405740695
19.349504964216614,2183.7408327371522,79.96400117733941,5.0156903171071505,210.40283592874394,3.161949641271495,Sabaragamuwa,400.0
24.282394674372636,1843.2351569138011,95.0,5.6035232083033435,168.72036550655767,5.9067959002960375,Kandy,484.78753849983224
18.94696337382993,2460.900750988626,86.80128173741528,5.7598438892766906,110.41916899157587,6.342723266577288,Kandy,401.0288345996865
14.780471597341924,2241.3439436046065,86.44293068559939,5.341526581129327,165.57406731260323,5.870756843850758,Kandy,417.8113230124792
15.48983024846735,2210.0472452259205,61.12131449544198,5.03034440643092,224.08729174272625,5.155378384421439,Sabaragamuwa,400.0
22.19233978664553,2303.4252966078357,82.63860351633423,5.179331397595415,266.9503343063107,4.580153222208278,Sabaragamuwa,808.6154375640701
23.03889000688593,3028.2717824147708,74.4689319830309,5.209799808288814,330.8303450626611,7.695789929305967,Nuwara_Eliya,1182.8242774876694
18.382733499582365,1434.5557823370423,69.4901819646175,4.798784980067582,214.3394032162521,6.046210702496925,Sabaragamuwa,400.0
24.554369835109497,2236.8160384057273,76.68015340532529,5.489464324285618,179.44313885862607,8.311128564775158,Nuwara_Eliya,615.4878018786826
15.35391975092416,1536.8094350092308,84.45211534611484,5.430021161930234,134.582817119783,5.210276467807615,Ruhuna,400.0
21.735680805410734,2277.756323171124,80.00831591004211,5.9702206198883365,288.4050894323283,5.347807959941674,Uva,706.5884802425727
17.155935200950175,1540.6567442569528,66.2152619865794,5.8276748901442375,360.65556122634746,7.223391366894244,Uva,571.055577118699
19.392655568791362,1791.316593197458,82.4245891359262,4.857162541204935,351.3064214365031,3.565537556994654,Ruhuna,478.6853094180237
22.189594685265657,1852.455042881047,68.62412457924036,5.610149187254483,306.794619851779,4.179804959770616,Ruhuna,564.9817811600091
18.55834653886419,2487.9083596723544,77.16683118964286,4.724523308452764,301.0834653814079,7.646227457029745,Uda_Pussellawa,886.5089358930387
20.4617778230807,2459.2272219712067,71.96649932522865,5.547966050470425,385.8099023767473,4.242099106165208,Nuwara_Eliya,673.4025853315453
26.025171236857762,1377.141311776808,72.81133748264374,4.941692900619946,276.56651691334486,3.2714234770461785,Kandy,400.0
19.692432521907406,2027.4670554999243,82.6624297504051,4.688373388312208,301.6903740819337,8.802790782109636,Low_Country,1271.9803299761224
25.342768448260568,1645.2100726254137,64.59806280184102,5.340022671348702,224.33729105184008,3.9092735281886917,Uda_Pussellawa,400.0
17.481172581369528,1370.7475446623328,94.45195074276933,4.0,141.03653033161942,6.276179097492254,Dimbula,400.0
24.11921671166113,1891.4914747878147,56.78913930705504,4.324512212797386,195.29208796003388,6.103627789086406,Nuwara_Eliya,400.0
27.7662744826316,1845.75860577209,69.02332316745142,5.111254058112858,249.26727691722758,3.0,Sabaragamuwa,400.0
12.113421999490843,3213.358243172761,78.70211889941741,5.241220883317421,254.86282980010424,5.599024465248287,Ruhuna,507.17431642508717
18.812418978118092,2216.479912680348,80.8431416643531,5.015340614920905,404.1028683884315,6.672619874218665,Uva,1232.3983475335979
24.30828850872216,1311.1912496228815,73.99524279428294,4.4102818506412005,256.5021734072855,6.531464072278291,Nuwara_Eliya,400.0
21.18781845582803,1717.612997914529,74.42609296998458,4.791054078930747,344.3074755220515,7.355281025705253,Ruhuna,996.973192814952
23.484583493485236,2510.6916477146992,79.10550085327617,5.395604663618697,215.19382067389472,5.418763027641849,Low_Country,695.8828226071771
19.58405925313672,3044.2213864349624,72.6893052254232,5.490890885314181,225.06592913878126,7.068756663138241,Low_Country,859.5967639656023
22.3463591498916,1207.008343881021,88.93181257934906,5.191888441202029,143.67938902212416,4.966006397879893,Nuwara_Eliya,400.0
21.37729105843168,1060.0378074304776,83.39349114231602,5.7784168905184945,190.61375896987425,3.8842988753808374,Sabaragamuwa,400.0
26.671128246639228,2935.4825876858913,83.72824351005634,5.398698511729617,292.1585113091003,4.053407436478151,Nuwara_Eliya,489.8062340935029
23.017683373204854,2194.807088685452,65.33843276629582,4.826272173020894,250.60481443153066,3.806834317206878,Sabaragamuwa,427.10888840728296
23.35041064830081,1565.8536340618168,74.20611575594297,5.059748973294192,325.4350895917787,7.5143789518367905,Nuwara_Eliya,721.1108088864263
20.35249213551013,2267.3145430612176,71.99534051279296,4.498566921396073,264.500315867604,3.728139736412165,Dimbula,400.0
20.049575103710026,1000.0,64.94398624310534,5.145930504804292,221.80370146898065,6.411058260973955,Uva,400.0
20.269767248721518,2001.6877532985804,78.60164183945767,5.75605030961067,421.8637491029567,5.601113708891351,Nuwara_Eliya,767.7231925076076
23.577808569513188,2163.9105864215426,69.62354242220184,5.542645042355484,242.48771450295624,5.846027139824052,Ruhuna,631.5520643855875
20.31606207671895,2462.135069768915,81.55403829850238,5.901004662959561,343.0400775764243,8.045410942799549,Dimbula,1339.3431332870916
23.15909942758565,1493.052023853731,64.29808437105669,5.0485573781005035,217.9032634764258,5.34235894917709,Low_Country,423.0132981625814
30.301603194581755,2042.8435807016795,92.1904061284182,5.873049897257129,306.7679583506853,6.917402342324525,Uda_Pussellawa,564.9549406958664
25.48449881372677,1537.2876869702063,66.03667341407939,5.103347886776016,324.24125273213497,6.056345027071668,Nuwara_Eliya,472.4157350696909
20.695905871328634,2127.6918778371587,77.19302337200436,5.935792541284947,266.67935764604647,5.771971641550953,Sabaragamuwa,653.860445525354
26.804855688655778,1552.3268388184879,82.91859310388068,5.189071626278938,100.0,9.449953686579711,Dimbula,400.0
20.367698507913794,1795.9495804198896,69.29359569799887,5.5536156869021385,251.46019686848905,3.8379873814269456,Kandy,400.0
13.847501859288585,1502.0923026048854,83.52468643432951,5.937556182154928,348.43680382079805,7.933697753156167,Uda_Pussellawa,426.3741488507242
17.967654756330383,2325.5681209118284,62.70816402199584,5.103286185709397,292.1984666422184,6.984609848234959,Uva,804.5490149733074
14.516832315896577,2429.2255583283327,89.5211769918256,5.309194493772087,285.6671100183397,5.280712508052324,Nuwara_Eliya,553.5710041460665
20.593946063834764,1882.689715021293,75.14149264965758,5.844431712603152,112.21944528339847,8.443977776162418,Nuwara_Eliya,400.0
22.073673516758205,2019.118997480014,69.0358859203112,5.133498418034969,192.3635943459953,3.227834831417195,Dimbula,400.0
28.70574924910113,1275.7042926832278,72.00818227572566,4.5395538587469195,282.90861049211514,5.217350014051393,Low_Country,400.0
23.30770949505665,1850.1616759966064,83.08919269392719,6.271503527292455,282.8306621429514,4.187276693596386,Uva,400.0
21.123597884764543,1974.8976914791276,69.15544708149562,4.9651177678314316,347.1733424106322,6.61812519730719,Kandy,1040.4198829156887
25.317622324733957,3310.3965455149873,67.50642310577223,5.279378025468771,238.41065958831246,4.330403848219234,Uda_Pussellawa,400.0
13.15545876396846,1444.0164871129182,72.78463402416261,5.778003334725564,282.46592693390517,6.649595920111978,Ruhuna,400.0
22.942458232434262,2732.088619376219,63.23037887230032,4.8957530481344,251.30993935450348,5.720345376267669,Uva,616.7595333600594
25.083460775547866,2498.429386732904,93.20543907941816,4.696066043388935,171.04458107987546,5.280969086015873,Nuwara_Eliya,403.10549646089
16.085655016880633,2140.3182022450683,69.33605408785277,5.326868648387417,100.0,6.582970869049966,Dimbula,400.0
26.575016172827716,2879.3102420975665,83.31616786180403,4.303461801043805,284.48077537040615,5.597067564092904,Kandy,595.6081203660333
23.353985629977657,2186.0527363034316,77.09470083647773,5.05604696156604,263.9157766730249,4.367047735411441,Dimbula,601.6631620613502
20.338848344396794,2194.5795978339643,65.15465949518031,5.322519332157703,200.5459966319865,10.0,Uda_Pussellawa,753.0756858632253
24.53112746442514,1973.4396734912273,74.94045290787271,5.065024051587418,120.4661554787308,5.269249225456283,Sabaragamuwa,400.0
31.082771431217584,2611.7844412093136,82.84002779310748,4.428274528407127,300.37916115269906,3.0,Sabaragamuwa,400.0
22.727465020233982,2548.2346169054417,73.11738664913693,5.997088978102006,228.72639406435584,4.736851965417917,Uva,438.79920419834957
22.992882345201345,1687.1613562518937,86.93112945851028,5.251769076974588,294.54997778945165,4.099084967440905,Dimbula,557.0912646621729
20.162556401839023,1340.3764027006164,85.21515392781863,5.915576058880871,399.12388243294066,7.239218424060773,Ruhuna,929.3864421765247
18.60062252214083,1898.5096813021714,84.1891485465833,5.069981874909778,100.0,6.482478989387379,Ruhuna,400.0
25.32134326617698,1599.9807178011768,70.40343227727003,4.759994009154618,194.03193530381088,6.598069202685516,Sabaragamuwa,400.0
18.57566469636453,1968.2377126923225,64.20157552218512,5.33459046012758,233.24995093504694,5.444966301244134,Sabaragamuwa,497.58709579385106
22.28626494887757,2618.7190673420696,68.86412394637206,5.09210643683589,366.38609393173203,5.580974629414618,Dimbula,1137.8292542750469
20.089370212939535,1771.349172456605,76.9624094066672,4.611119271004322,119.08775846348121,5.443603344588498,Low_Country,400.0
23.915919302985568,1978.5883093442126,80.45786713532355,5.934892129393748,404.86888205444836,5.8782102237967955,Nuwara_Eliya,680.6511248298086
23.334648421147794,2029.0113674041977,53.28428595239552,4.888864888553002,260.86847212530324,7.253000153047253,Dimbula,596.7689238736175
26.150159777031597,2424.215441102642,74.91886798388249,4.279866807602216,242.31994706129134,6.50411311875802,Kandy,550.9915191436841
19.959934404581013,1000.0,76.58089225323184,5.864083026978666,234.1552189424875,6.7501692444313,Uva,400.0
20.920500258826515,1696.6498526173516,72.22455743684448,4.947850992093689,215.0989574255977,6.749338362373804,Uda_Pussellawa,480.06744970635356
18.084945136870772,2105.6418461397366,87.9127383901588,4.896088053692188,333.8493407415324,7.326663656072607,Low_Country,1282.8762609354385
20.222826959695553,2600.039478213431,79.21780074250871,4.317306206485013,164.5183396734049,6.432225062310382,Ruhuna,502.052389037558
23.509201972179408,1754.0487762468974,88.10191908080897,6.070470743298496,277.6331345315083,6.538272109018378,Low_Country,751.4064925801503
25.027954466581406,1061.723646979063,72.84039479649768,4.555259706395156,219.26546674344195,7.783209361789735,Dimbula,400.0
18.311338703289497,2309.855722983068,84.37477492506925,5.229224740352825,189.02932411887218,5.002431122995332,Kandy,504.48772209147626
25.47842368042264,1682.3188055871854,91.35066394527519,5.656310161270221,456.8780140547117,4.716386130072739,Low_Country,955.7444099997934
27.422551435219802,1405.1666704548193,88.11693449272661,5.410858466501549,283.5240587802768,4.221117601219716,Sabaragamuwa,400.0
23.653739612894803,1687.827305143388,64.07858406571268,5.170172844003904,299.0612435728915,6.274371845430384,Ruhuna,712.0499079346906
29.507183250232263,1907.7373211720753,72.46323922457618,4.349167070856292,341.02214245349296,3.2194016381713153,Low_Country,400.0
18.904843203585706,1697.6276677308936,71.54835294550203,4.795137582116358,136.29200437451624,6.693231144089516,Ruhuna,400.0
17.021381186754333,1000.0,79.89254535076327,5.293900169021261,390.18335272976253,5.836210358249171,Uda_Pussellawa,417.06665835093276
14.885119004382886,2448.533098443566,81.86353555014533,4.806412965006502,100.0,7.701959549731585,Ruhuna,400.0
27.984177245956733,2637.437520639361,66.61107325974264,5.301679729999384,188.49868719691835,4.992124034302514,Low_Country,400.0
24.61746262541623,2325.760995669753,75.67838513916938,5.5408717044075715,213.27746614568798,5.69502257187374,Kandy,586.6769468557934
21.77766131635818,1431.1571647875917,54.800726678438636,5.681251442900051,296.5378691976405,7.683304999940053,Ruhuna,543.3600053647627
23.11987450527928,1899.254233026241,89.4194500580189,4.586910321093659,267.49746129131904,8.07470347016723,Ruhuna,1003.1489477519548
17.498043810806493,1996.739342385271,69.87625759323306,6.298323027489477,236.65482074412853,4.97977145137227,Dimbula,400.0
31.783007918467305,2299.397194780955,75.55863939844497,5.583739672277066,249.0402124297821,6.27267184888074,Dimbula,400.0
22.51688472790091,2334.17024435904,71.90350286011939,5.199142923165468,171.75815811819456,6.441628466526073,Sabaragamuwa,633.7586683064027
22.437579178419572,1632.913100610752,86.46027575013414,5.74476829153832,130.22140844126614,6.560480108431722,Uva,400.0
24.903066495594768,2040.9977782067801,50.0,6.382703885999987,308.1209297868848,5.606136511026567,Nuwara_Eliya,400.0
23.924036926946854,2228.6402023076207,74.83389657674091,4.480639949471565,305.4964890028948,7.922075097185452,Kandy,953.477949925404
22.895536097116526,2727.9111610733835,73.94181242502302,5.0873686787543235,376.75955001256466,3.165444774567682,Nuwara_Eliya,567.5523471609055
18.83810217821875,2352.2532699123617,70.46363612408317,4.010784170063336,186.79863225478334,5.368304647798374,Nuwara_Eliya,400.0
23.885873428543984,2394.5283436877594,92.26226545635632,5.296325766324013,305.4252168240738,6.6718960991594205,Ruhuna,1578.1808253208649
29.528097985900136,2041.9133139646806,66.12670541144229,5.382697120962571,227.30346173082145,6.685837217924015,Low_Country,483.3043141518672
27.38168018461991,2705.229572601752,82.71796177235662,5.180418942278621,345.2379988154786,8.029138545922144,Sabaragamuwa,1546.7051202451642
28.37274650655759,2204.8813979797487,78.56252788706084,4.872733214500845,331.7570221342513,7.79733808980193,Uda_Pussellawa,727.0336126347205
19.95513729427526,1569.4560449132148,87.61519252535516,4.175242741905837,266.89675193795654,5.571687562039164,Low_Country,463.39445335952627
18.041580718965676,2701.6849850625954,68.32810915222494,5.386766841705884,222.83758746672106,7.949806865295907,Low_Country,891.6632400882434
21.49685231960141,2348.951636269514,67.67031100876241,5.927717241957662,326.87457428866094,4.928937384333818,Uda_Pussellawa,572.0613291791392
22.22289964915478,1778.477989435759,85.96069907477398,4.904490772133284,301.75236186052524,7.396331074187756,Ruhuna,1105.9064763829997
26.376766073883793,1760.2535163003784,79.2532130833011,5.420029964511572,195.24476783310539,8.71578371763149,Sabaragamuwa,642.4172114094171
15.230141481140723,2148.287772570381,59.55062653323242,4.415927843289975,143.7761061216455,7.822416160282454,Kandy,400.0
28.118201277842456,2231.592397633792,69.60694985536729,5.428606531846257,226.9173679454563,6.1586555752861845,Nuwara_Eliya,400.0
21.367968405684042,2098.6461328156033,78.86382653848061,5.003308851127672,371.23310522785675,5.502331842341817,Uva,1071.9990128728
20.29247572021032,2155.6543367214426,83.3776422154659,4.818791024698543,341.71897269864303,3.7071130556110705,Sabaragamuwa,701.3585765472527
17.95158249895933,2849.9786872881905,68.20769346807045,4.819818179391935,161.01380242635355,6.465809456871306,Nuwara_Eliya,400.0
15.380573312536923,2535.7715761174427,50.0,5.003194208983495,156.57940672800632,4.327174158043621,Uda_Pussellawa,400.0
25.29268233584766,2095.317795632512,80.23223185737034,5.391216657846268,351.9747079743589,4.810298004579095,Nuwara_Eliya,622.9688293650863
22.293271868753614,2470.655290383742,62.796793100560244,4.543918399402242,159.14912761937367,4.213881298894993,Dimbula,400.0
16.840156401035784,1483.7380482362303,54.82661201877589,5.001442334216073,290.74362589136064,5.309411501015017,Dimbula,400.0
16.819684911745536,2198.9635249734047,50.0,5.1792641110004265,200.71430277309412,5.958045878269527,Uva,400.0
20.656861202839487,2904.653174866555,83.1398086019774,4.650480387734071,379.36359396173464,6.410421871748557,Kandy,1343.4507953978496
28.676086101157573,1890.977052303813,76.28617450404967,6.098332600837509,188.36601606896969,5.099240046879055,Nuwara_Eliya,400.0
20.96163459454558,1576.1830356904575,72.74343619287748,4.773252259969329,341.4689224164663,7.603925559592775,Dimbula,782.8942941581544
15.987428187527575,1673.9555557034696,88.89024362962762,4.865281543183255,264.7886923248292,5.687692113015051,Kandy,526.3086312929299
21.01702774365622,1455.1834813288058,81.37324683023073,4.710846025088752,270.17558833874295,4.818416350101721,Sabaragamuwa,400.0
20.90910572100932,1607.6190459361483,91.16300042721917,6.099240043569059,100.0,6.339438400865155,Sabaragamuwa,400.0
11.212453428233713,1814.7459507049855,61.072645278330036,5.476452614299741,100.0,8.945329250315723,Dimbula,400.0
21.782820533928753,1297.216490410679,74.65449376046037,4.7317039968781796,232.3547247786149,6.502740849802676,Kandy,426.7915054351064
21.076261879165287,2007.8091669748014,58.83286625051986,5.753115779429985,269.75248507332896,5.4557165589395895,Kandy,513.7525840390466
24.784825459253675,2451.1385868933235,72.70617668144533,5.300349347144439,159.98417378098213,3.708807965821944,Dimbula,400.0
29.39582437978138,1546.1219099265397,72.51384146233323,5.328626710555751,162.90452716189264,5.670881518541894,Ruhuna,400.0
26.50626011819103,2759.6419618208843,81.26613637263071,5.027761395623774,294.91781038609065,6.352392187632173,Uda_Pussellawa,807.5669625008413
20.924445237780677,2255.396044263797,75.45563881141898,4.825292006521513,295.02835843657044,5.418628663116645,Kandy,932.7510861780004
17.57389636503332,2515.2902928120284,81.23407138279916,5.368883049527301,238.98071516896584,3.5019230426385004,Sabaragamuwa,472.2367805862392
32.293439212999445,1671.0827230739314,82.03440133138895,4.927456385002205,312.416137694886,4.72415191574485,Ruhuna,400.0
22.23687373605795,2427.262613533308,95.0,6.108377814787552,156.0638163423883,8.181807691331636,Nuwara_Eliya,546.9127573153978
22.055717167651785,1454.0330498023436,71.84703344713876,4.565354447378448,221.52520663304233,8.15100150559569,Ruhuna,569.0601990743893
21.903499651559986,2445.1237504182545,65.58977299333621,5.9680783864274725,381.83020846269386,4.670041246193103,Dimbula,688.3169848476173
22.79233904307142,2085.9196698967658,77.46083615316408,5.1443405756011,255.46577039518542,7.009135180799133,Ruhuna,1081.567526526309
21.42255835230423,2276.6256099923917,66.97719972860456,5.349542867010553,260.10500116695994,4.232140822844739,Uda_Pussellawa,464.19170710867974
19.705351972479054,1412.2026971875741,89.81960768436537,5.616578883314718,434.47572687741916,8.106474422992429,Dimbula,1109.6880957983828
19.81256423503843,1552.4650788616977,72.16781961054767,4.884875352497782,138.05262673209833,6.367853771841355,Uva,400.0
21.868986919136006,2298.6141091266923,69.3442363212601,5.632124192349319,313.7144293313688,7.424462247924801,Nuwara_Eliya,863.6909598818852
19.82630091546494,1525.8259978878996,70.28684278848883,4.0,383.118902384648,3.4273599792261917,Sabaragamuwa,400.0
19.14861686929134,2231.6031460495615,82.18417423471641,4.84000523338903,224.0113658801163,7.016455652887332,Uva,693.884606741489
22.425720910767588,1316.431096769877,73.42253016768515,4.737968596329467,318.7704629483877,5.988488904473245,Ruhuna,582.7881869399343
20.98009113031658,2424.0871063333343,68.58333179869618,4.573246993814119,171.4384402231276,7.277893606186264,Kandy,571.3123612170866
28.015971954330755,1383.7383426157453,91.6535191762353,5.092522580960525,195.06140835461187,7.372301697146774,Ruhuna,467.145878436649
11.396120766427952,2276.1499688397616,66.4383015933825,5.392874984090848,280.79731328381075,6.098677034212124,Low_Country,451.7879347183693
26.36602740768985,2312.8154668230004,75.35566074032994,5.551329999249653,313.8853338488472,5.098755541356128,Sabaragamuwa,717.649260623283
26.984340769990517,1651.6140907852125,81.5230615161023,5.320438378600204,339.67492099249966,7.169544273269242,Sabaragamuwa,902.458558599632
13.706439070367402,2291.0132835423633,58.686648895829265,4.867153267553227,375.5702869551594,5.909768250892308,Low_Country,593.7675699447445
20.629249623678604,2130.221131666778,79.80260501405925,5.3845082189125835,244.60427531558543,4.690822569708536,Kandy,616.9055271691547
20.514236536016835,1730.5790719036308,64.4489232451955,5.262142847425426,345.48894041380703,4.619771652813471,Uva,573.3672174120953
16.369953221128714,1495.722657961896,83.22782780834002,5.668028083968008,222.61561252406807,3.784253375531428,Uva,400.0
18.8887332496365,1018.6871541637105,65.37348988081024,5.5884683514657585,322.1673049270614,5.234563260655405,Kandy,400.0
17.557696618136685,2174.825023649847,81.9276903184886,5.215238206960315,266.5991038281745,7.654038069111568,Uda_Pussellawa,864.2571027947986
29.00908177369449,1217.5986143189725,86.05833066294713,4.7513734969193715,285.6542325665539,6.266744699558151,Low_Country,428.90225380724354
25.742713572589846,2047.6720997206542,83.61436525632806,4.87352492208396,283.880629921763,5.205348441115439,Nuwara_Eliya,543.3796197267674
27.086220379976634,1868.2758919588755,77.51316648238102,4.925105320180983,121.62359921617502,7.20728390727012,Dimbula,400.0
24.886688256172942,2339.571387719098,72.686990570703,5.042366833041872,160.07025129113813,4.751285067414917,Low_Country,400.0
17.483792915131083,1848.977250255068,69.23580423665156,5.3340252137948765,258.2033151854018,6.143025411499168,Uva,525.7421624162657
19.901918934880904,1835.2761068264542,89.71034690817103,5.55758719506403,115.01767362870652,5.730554440911727,Nuwara_Eliya,400.0
23.957498244911672,2365.9353521441476,68.00504779832357,5.1744406534923115,316.4968882559805,7.168695938382529,Dimbula,1149.889426943556
17.111488764432217,2167.5290145420586,64.62933926430004,5.208062393950236,319.72447730305134,3.634157443620749,Ruhuna,459.0296547756218
24.851993720689553,2158.077978591389,81.6536893503283,5.271653152500002,276.1736442302232,4.724703381278016,Dimbula,631.2683804156708
21.03869840736746,2234.633794904263,67.03863196813505,4.94204734343383,160.30927897936624,3.5426315113581994,Uva,400.0
20.50071676980161,1232.2139383964472,65.49936502533873,4.737303871178522,360.4111151094812,5.610604917286095,Uda_Pussellawa,400.0
24.843839872813966,2378.394339993491,60.56395737830235,4.322281051344645,412.97685117746863,7.817141255448646,Uda_Pussellawa,928.4739286191561
23.77705324594416,2306.2343970068014,70.17090160539482,4.852425320961564,261.7661461956779,5.241829185519709,Nuwara_Eliya,495.12547240425573
20.55613533672368,1491.6584357117513,74.17284976103507,5.4365727266338935,290.8428302760989,5.233974092706524,Ruhuna,587.8361810773866
26.63731921345699,1877.9597631628994,77.43091727660699,4.848544280980216,266.13909238368353,7.307586636276205,Nuwara_Eliya,557.6021048421724
17.67574668960041,1980.3463561861845,84.51306244299484,5.08109648128703,292.42953511990396,7.60282433768295,Kandy,967.2560761434496
24.463742427777056,1932.7516077991336,80.26897923665794,5.433215643706158,240.43529946988832,5.867143399096815,Uda_Pussellawa,547.757105693476
24.372405031873534,2166.929983284267,73.0912778044682,5.460344748211335,247.23486081249573,7.0270722810748385,Nuwara_Eliya,650.6966335028568
20.761814242744038,2715.6833909155916,73.0180432362028,4.6602335739169805,322.45740803978924,4.3845681886830805,Kandy,681.9619454274707
23.30453208896847,2540.8833638364144,80.10157468915183,5.698529678226821,437.64993295171524,8.066961500888121,Ruhuna,2042.1359642437021
16.995545694458787,1343.890403284297,87.7257016292857,5.7636750446777425,137.9943012478609,9.223059440905576,Sabaragamuwa,400.0
25.696108076827603,2311.0349951530243,76.263141994832,4.6350750713907205,241.69500124776266,6.7818236867830874,Dimbula,632.6944604708564
21.260391454228042,2664.4666597677046,70.3086914578959,4.788081565179423,155.56316118143343,3.0,Nuwara_Eliya,400.0
19.90910791792384,2193.4042603446014,65.07133998914455,5.795545341573096,377.3619918860867,5.162654606403324,Kandy,704.7429024699858
26.196036903347558,2545.4902125929834,60.547947355877746,5.12657323937235,202.98096245440814,6.919237982503982,Uda_Pussellawa,466.3550103505768
19.18262523782896,3006.1352228503824,81.66269672043524,4.090111026274075,134.54393649713649,5.367775504250456,Low_Country,400.0
16.366154814545762,2511.8547730534906,80.77978523639557,4.500159247633657,301.05495990788586,7.908297831375146,Dimbula,889.2654913688591
15.773483305904385,2124.6542978208645,80.77363525106662,5.07531518741376,389.5448891794489,6.882235896653798,Nuwara_Eliya,805.6614440268394
24.42403980538256,2522.5442370423766,73.71340553647944,4.618478674857699,303.087829484861,4.940286748851305,Uda_Pussellawa,594.4541631480366
16.87828259001487,2072.4439165484455,89.0693474589175,4.993288114681779,266.38383018255337,6.0483972161568795,Sabaragamuwa,764.8608156441455
29.01917672793746,2011.9515216424777,70.15881505415183,5.21619810684179,282.7312738220795,4.659250169041365,Dimbula,410.2100674890218
13.672282368465112,1824.2928821431337,84.55269237207206,5.931127302017365,363.18725302604435,5.726122682381337,Uva,482.1287333095685
28.785825473160152,2781.706679416054,74.61257105010456,5.054773041886106,180.064058398868,5.168110139351173,Uda_Pussellawa,400.0
22.844069868810475,1590.7856670289993,68.91649235320662,5.73627089978638,241.05223167309495,7.762142700349557,Uva,558.4655451107989
21.61314755251843,2766.183862339058,80.92530307317762,5.914380081018385,213.78478811923733,9.174018085246493,Ruhuna,1113.3469563954666
19.820323652764202,2249.932061870186,79.09636118683994,5.9171548346760385,156.5707754166632,3.853217500146372,Nuwara_Eliya,400.0
23.596544457408285,1300.346912599029,78.56972759266927,5.342377296692784,223.7299792466558,3.1151755706853717,Sabaragamuwa,400.0
21.849461190300605,2183.824646495711,75.812784220562,4.218355426080513,338.61768767859587,5.632241367222921,Kandy,786.2561863521111
26.413207528066085,1000.0,74.62106918283169,5.4304124327019325,295.328171871418,3.7223764517569764,Nuwara_Eliya,400.0
22.456910594648157,2312.754008415518,95.0,5.724199943906771,301.544840008656,6.069317405506376,Uda_Pussellawa,910.8949888819344
22.60120704584751,2442.6157414944955,86.84256645196173,5.159466447282291,261.71804893226545,7.1234041707088895,Uva,1342.6584704627319
20.545551151144576,1703.8220221739732,82.22826894985512,6.072291935037624,291.86590261828707,8.241212845900238,Low_Country,886.3944138599338
21.77221750511573,2061.7738479777913,76.11799158203388,5.629916780733729,185.95277261215156,6.302091838072922,Uva,506.9310990730578
23.231207075568236,2977.078716875143,85.07157200596669,5.484136688576393,225.23920912582167,5.710267162725631,Dimbula,703.3256454852483
15.159326429373497,1747.1266478690316,80.17994776391451,5.743190355602919,265.36033895749415,3.0324226251403736,Nuwara_Eliya,400.0
16.607258311577148,1470.5462064716999,75.26204752774035,5.366684925630439,272.20126871055123,6.039277723778698,Nuwara_Eliya,400.0
24.97305637609086,2740.831701231299,71.96435674734084,4.0,275.61502839374987,6.106930890824192,Uda_Pussellawa,408.4698667459689
22.683461752511768,2981.2935952653975,74.19082662337311,4.950430524264817,238.93317743868977,6.958435221319118,Low_Country,1085.0773511203467
21.264066654589282,2001.8478359239236,50.0,5.798584013623927,219.80612790957363,4.937267847706363,Uva,400.0
22.07373573226157,2505.7315177041783,77.10600839297642,4.796204329950852,500.0,5.34742109964621,Uda_Pussellawa,1440.4514000958059
23.390326821446685,2670.7379577654406,70.1152391988964,5.08826374738153,322.5429818345919,3.7829966170437235,Uda_Pussellawa,531.8502428692925
19.840961278762553,1628.7578837308079,90.92669998282884,4.677581843048465,283.0517980762098,3.0,Ruhuna,400.0
18.88678109839075,1757.3470823160658,75.19344070811755,6.091961297600885,231.34332014348848,4.337254363804825,Uva,400.0
22.783381020390728,2615.4372565773674,63.110365804650385,6.040746228709008,213.90249384448987,3.644511278620475,Uda_Pussellawa,400.0
18.08650888953987,2842.507139354255,74.50119845871882,4.758065552429636,239.53595250184355,6.5050684431309165,Uva,625.0675214235962
23.633011022857886,2281.4404300871774,64.53878914937496,5.273649000194542,273.42630748693466,5.222798914999714,Uda_Pussellawa,540.2735773358258
15.189665583048638,1560.0928232489728,79.73407415712467,4.859752976117976,100.0,5.192644304887816,Low_Country,400.0
26.116622549302576,2993.5305558497207,77.90947364339485,5.507472319515689,124.4488323700253,4.523380430737182,Kandy,400.0
23.890389929652173,1734.5145510940179,84.57839631108267,5.454841538621165,199.0494088848834,3.0,Low_Country,400.0
23.0241189372555,1832.431109414274,67.09118208305435,5.605852785806633,266.5711549422855,8.262466123121325,Low_Country,979.302093778286
25.930763935782057,2171.168917244811,75.34008096228146,5.3659592238539435,230.8581482278519,4.499594215834818,Uda_Pussellawa,400.0
28.661897777850307,2777.080210357387,61.34978204573365,6.667703103194234,368.24969808795873,5.38136989522514,Low_Country,415.1263749092202
26.057480260072523,2426.987988276112,82.01494781924714,4.686038117494631,131.4082570403385,3.817661752066034,Low_Country,400.0
14.636503074673419,2207.4327501809553,80.18871180440122,4.344698322781743,189.89236243173036,7.457895515160951,Low_Country,497.49646332772465
16.881692133057193,2231.644265059053,79.9580502102757,5.003454899649269,371.6073392792881,6.215143405555986,Uda_Pussellawa,904.4539553159497
19.500725689217283,2021.757334321733,75.01619031356941,4.416005867219867,260.4895459740118,4.760452072101197,Sabaragamuwa,458.48436173571645
22.104364200843335,2279.069757259253,79.14772890788791,4.453768864997004,320.7874066240927,5.411655582983964,Kandy,873.5717787735897
24.070636081876494,1000.0,91.04339108308596,4.699342672901016,414.09975546155704,8.517269883187305,Nuwara_Eliya,654.8596998311021
19.097024747386136,1851.696270465101,72.14905742957986,4.738905547284187,194.49564656785418,5.890545852178082,Uva,400.0
22.747067057908314,2120.6609674583906,76.38645183710085,4.72269094902497,242.05485297663745,5.7273996935761415,Sabaragamuwa,637.1586181156578
18.97846827058671,1424.4929581902466,64.1387370081859,5.459109475222706,228.20584792553026,4.587927770791103,Dimbula,400.0
19.553928788032206,2193.16165890578,66.31739038401668,4.946905469457332,100.0,3.1581282742915455,Kandy,400.0
16.37335561260711,1897.7643895069393,75.97813293093307,5.11024271256376,225.1682556995225,5.759941989630983,Sabaragamuwa,490.8008749392705
18.307067015556385,2877.737849157745,86.03933546701907,5.647116387250468,320.4849749904532,6.4882276684869264,Low_Country,1167.04011669342
16.593261577534665,2786.509862607428,72.43719175748427,4.816838737609287,293.2471633449793,7.649376696491505,Nuwara_Eliya,748.5564296894902
18.09650698809067,1767.0972154409185,72.64083470687876,5.0677270506476395,299.5266535510408,3.0,Uda_Pussellawa,400.0
26.21456718643136,1924.5811442166523,70.93114755495625,5.382879993046458,219.95928154884004,4.312355509465457,Ruhuna,400.0
18.20240444467223,1963.0262171958036,69.65243329155678,4.229216099689889,197.51222111954868,5.1288883641653245,Nuwara_Eliya,400.0
32.52952825934956,1774.1702619201888,77.94971455708821,4.007547245524709,351.54045375188963,5.994778727140197,Kandy,400.0
23.973271603523557,2097.5124920140634,60.027423548213555,5.373058664398862,210.21462829138642,5.782449462707366,Ruhuna,547.3429649995838
22.739344494779495,1620.858965556205,87.80939576666728,5.44600714028345,273.52656310345714,5.817466971469096,Uda_Pussellawa,618.6532977640015
18.566568879275145,1434.6923325312368,68.34577701870539,6.2321100674262055,263.0667744542031,6.612144087854917,Nuwara_Eliya,400.0
24.801239517635967,2311.3556119501345,82.21903485438142,5.279047437933405,366.9373613005695,4.645060333831336,Dimbula,944.2321626844331
19.697448695048905,2314.7647921109055,62.30001402606124,5.609869858629048,327.71298861378875,7.401212163350542,Uva,867.3734422059106
22.488039258581445,1597.842120170004,81.68840130546218,5.102263678207013,146.37931034663035,6.650178662549221,Uva,414.9491161231716
32.24033815307518,2447.6777153813,81.71944607814497,5.348613610792543,154.9957466579968,5.520251603807881,Kandy,400.0
21.6157604011014,1684.2111354173344,78.84202072005897,6.033628420874767,296.3127854455307,8.401361987833372,Sabaragamuwa,845.9722280960771
26.597093305142703,2126.5826190189905,65.05571478200207,4.138003590937182,244.85298820966668,8.33462405335765,Uda_Pussellawa,400.0
19.18729429949645,2410.172006306228,77.49548189598077,5.4068081287858405,213.5862572836989,7.399343032790712,Uda_Pussellawa,675.3312957597694
21.860046038012154,1983.1937176481435,63.16943815265611,6.267793365038683,331.25023071955763,3.0,Uva,400.0
29.08320254254204,2227.3704560705673,72.47236744903815,5.341017109604671,264.9967505671129,8.368417639076963,Nuwara_Eliya,645.4075166959983
19.49213176884893,1741.7851780562141,85.29413100955325,6.025286481616424,254.1965909511555,7.192137783707901,Uda_Pussellawa,513.8068604685492
29.249794231987714,1901.7667082859514,82.96701927070742,4.885393925235279,312.386291260404,9.009612956569406,Dimbula,882.3441762140778
24.831007741821903,1897.0702845598298,75.15182942540433,5.183976252918144,219.99128040451484,7.856196887600308,Dimbula,657.8638878719258
19.75013289642293,1626.7108267298804,65.25193424077158,5.216762351194294,375.48151883780434,8.367514016245927,Uda_Pussellawa,859.6492848190388
24.529630956222086,1911.612918442109,81.45587712174193,4.091204460320615,186.95619014135934,7.317982275270569,Uda_Pussellawa,400.0
25.89021779850692,1225.6908505681267,75.19381237698025,4.6159110860749,302.55432530736704,8.023039797968268,Uva,467.79013678230075
24.487239848868786,1754.4231264289476,51.79684401769577,4.651562460308007,364.7066270927876,8.99118561110166,Kandy,784.3589967693094
15.719101120438175,1857.5622533151645,82.82629826316519,5.611033039016264,139.816360858232,6.324832107567309,Uva,400.0
19.091451296700527,1871.91012375231,74.75767166130308,5.636076552842027,222.53318593180407,3.6416541838828054,Kandy,400.0
21.00992545779398,1879.2512770646106,87.02451247983072,5.362018221353267,341.37659143084466,5.538808649977287,Low_Country,1007.9792715029279
21.702266283599815,1969.1179000699356,64.04729481157196,5.612051448427853,342.57956381848203,6.584918399075155,Dimbula,822.4119514493758
24.48268839020271,2239.720759043032,50.0,5.1179252936391135,236.28035196894086,6.112331376557337,Kandy,465.30949695281134
22.710804003733017,2437.2585370662614,77.79083858345186,5.800965834769772,191.22631250585124,4.13015705076086,Uva,400.0
16.658622565159597,1675.1173865758665,77.91563676681973,5.204394221316036,326.474865786461,3.5533985622075317,Uda_Pussellawa,400.0
23.520791404023853,1398.3995723054277,58.093283723935485,5.228932023713378,344.6839282065284,4.888255997047756,Kandy,449.65875291888784
24.442342981135294,1478.9777938784487,65.21500454133394,5.067203683368795,156.8269321190084,7.211609333976226,Uva,400.0
24.239161791724158,1756.3985394025365,95.0,5.542225238818214,153.68690808268957,8.370509656234454,Dimbula,631.7632711443403
26.323122902218486,1824.0393410917454,71.94389385846196,4.989400591693544,268.020534558688,7.374851420666552,Ruhuna,738.0814544087108
25.335688618195615,1615.0019669012713,82.30958976376216,5.688215688599034,300.3488506743114,7.586140930671204,Low_Country,776.5742366643902
23.83672031691375,1351.9416678750526,68.49340172631616,4.633925429641997,226.0744731815956,5.878776640254664,Kandy,400.0
21.719337154165412,1771.9395862629058,54.09697101146843,4.650541872635904,304.34350559858797,3.386876313441054,Dimbula,400.0
15.356156265936034,2090.713310056986,73.29741753204094,5.543713377563252,193.18907145300943,5.317169128675942,Dimbula,400.0
23.718472876530342,2297.5147329177826,72.34395439713894,5.1557278927084935,100.0,5.611853382191432,Nuwara_Eliya,400.0
22.830750748652445,1721.2884734458394,71.00121761331629,4.973054291923436,216.0879142133923,5.2544212697464765,Ruhuna,499.9382864414996
23.086315348781493,1793.501088928283,73.85359164493607,5.64502886623773,255.05857172104808,6.082042298061939,Kandy,612.3221018551334
16.893005696718763,1536.6508455763446,77.64268271645636,4.896369292956958,227.93280320828347,6.662129639839426,Uva,414.7180153991655
17.67577383836695,1984.2804148126118,73.49883048746193,5.099899372849816,157.3117389072412,7.279522782365246,Kandy,438.18541554535005
26.212611413331615,1575.7856829045927,62.35993832052636,5.89961397503558,104.74808192969459,5.582820203450499,Kandy,400.0
21.84177938457338,2286.5639066206,79.86184791561939,5.969571172905326,208.87289565056818,3.14436089153311,Ruhuna,400.0
24.726002789490497,1107.0667540329446,55.50628244677577,5.986199105135164,321.8124617319795,5.275683421063298,Sabaragamuwa,400.0
22.113273504521846,1820.1851637737689,54.496425427158,5.058937111533044,350.4957951530946,6.065565595487976,Dimbula,658.1246634674884
22.119024557982982,2150.553669595871,82.39180494701569,5.815351452492235,345.0170707310764,7.834211883200112,Dimbula,1405.5202042174699
25.75313522390399,2091.917258161252,80.07020272135357,4.725523586115661,184.72723718811577,5.148288236723841,Dimbula,400.0
19.935821087130506,3346.516831990248,74.42604634925964,4.74654856263897,157.7034941095709,6.768815442599102,Dimbula,531.9827890158291
22.384483107763934,2174.900012283954,61.04551495244928,4.02477207368782,289.7307691983916,6.435131849453149,Ruhuna,563.6599480274951
20.15089884517983,1497.972701578995,67.92089059325924,6.036434100949265,300.80800092783403,6.065850799685083,Uva,400.0
20.262015090270737,1952.2678764554635,72.37253252313496,4.768010075461961,282.0135684160398,7.395799978986887,Uda_Pussellawa,691.249129990989
20.763311506125444,1111.8768332667742,59.041060314258864,5.13673371012647,100.0,5.008738204871129,Nuwara_Eliya,400.0
22.88853508653485,1959.7001253516196,67.60971341976767,4.744837829035858,180.6492332093227,5.1372203255347255,Sabaragamuwa,400.0
20.08500551334609,1583.4719714996206,81.5233033817668,5.54758262416507,247.62489677712173,5.982148765358658,Sabaragamuwa,573.0367355459888
27.023024502294085,2457.695137780081,89.27305364289217,5.01218316964133,288.9774555704342,5.03978024235945,Low_Country,847.1068058413265
18.421570791121983,1725.2298627022326,70.8056524734145,4.5475915547835255,311.38458900819893,6.7620184365819,Dimbula,572.1361299969911
21.252513423354564,1941.6170421023767,82.56488354316099,5.4208312820930304,261.5402817825632,4.930211543450801,Low_Country,813.9069139331942
20.2410757669033,1682.2210792977983,55.859399294125325,4.483134987594886,276.4627045230589,6.339456311617702,Dimbula,421.24818705691416
27.78791153741493,2869.4256759266655,81.59451241113612,4.781297137342254,256.78923666888835,5.8497408468198655,Nuwara_Eliya,537.2304216474913
22.7862191060463,1839.3786169410441,66.9605158527252,4.14655544268696,304.8495499374786,6.3223889471650585,Dimbula,531.1865162867482
26.12737815787454,2916.278521739601,78.0734561670797,4.488020943901197,275.0292521192729,5.310387907405441,Uda_Pussellawa,510.2308696697279
16.057758507852114,2407.0758810591333,72.52247581760291,5.2892645848602395,255.25901280378298,5.49136755820976,Sabaragamuwa,649.6142442897203
23.068201063477034,2241.0333636676933,88.20414009783835,4.217731980948538,228.53049606900953,6.144013901995575,Kandy,616.6648716708123
25.558523182493747,2184.36657365876,66.25564351660081,4.459427137689143,256.5033140033985,6.303111759241969,Nuwara_Eliya,400.0
22.3291359571017,2196.898649108126,81.27606297561832,5.198815541933596,288.767310307142,5.993697126913266,Sabaragamuwa,1125.163567150758
26.261921500261405,1036.163710327195,72.20492536703466,4.928196551953474,271.3980311118449,8.558043534769626,Uva,400.0
19.930846199598513,1860.5583029246218,73.41694521990337,6.196018317979655,280.4661134676203,4.513894621888074,Sabaragamuwa,400.0
27.63738976074232,2422.5789855921607,73.1614610684079,6.116948273012188,357.41774890809484,5.903694307570929,Nuwara_Eliya,508.8367643362282
31.195592494477,1975.5514082629472,66.54326895505886,4.766038768624424,271.21311381972697,3.639556466824523,Uda_Pussellawa,400.0
20.548645758241364,1297.4050765982124,74.85901034093328,5.478568809201741,198.0801183621474,6.558122218001079,Ruhuna,407.1129986185437
20.217989914396913,1973.7977747112652,74.37351777878179,5.574641278439726,320.68854287953354,4.327130195434779,Uva,551.0734171817197
27.813537908470803,2852.0527581277456,77.41240248406729,4.901260570987798,140.7041329864866,5.582534616185136,Kandy,400.0
28.31828858292285,2623.4458577673595,75.84505145692863,4.4522292317508985,163.48692954085703,5.4419035120030115,Dimbula,400.0
19.908559891386926,1968.997995316984,82.97994549612237,5.193850775345972,276.86778117760554,6.421336689901757,Nuwara_Eliya,711.2591357287516
20.319252731616572,2475.724638529043,84.23508616047368,5.113577162592945,291.3117334229263,5.17081362368223,Uva,967.9237237326383
20.872861564557972,1816.7464898159742,64.49376678172199,4.98211775151469,150.3959021196804,5.1070414534590265,Nuwara_Eliya,400.0
16.62219795586289,1148.0642065866405,83.68772500590771,5.421158434082243,219.37460152106001,8.153784696128847,Kandy,428.10302091233143
18.325392214063207,1537.7670059352229,63.13663572890145,4.8246351964972005,201.5132934224273,6.426850185711789,Nuwara_Eliya,400.0
17.98343693299173,2781.4443842540986,80.87855888137734,4.624001226210429,211.06589416947224,5.158423721966598,Low_Country,536.0390823586665
18.928809739583485,1863.003459085348,81.1973878470287,5.254541485174916,325.48782210183566,5.623749492283154,Sabaragamuwa,908.1684353572763
21.861260450452875,1878.308010312491,55.88683108337496,5.392985046284438,306.5204370837802,8.468032428406117,Sabaragamuwa,904.7687783591296
22.936858930146084,1850.0809018625598,75.9297924652941,4.611677528049974,248.4702256117034,5.647252682623354,Uva,538.8475845978261
28.20200197125631,2952.0682947865034,70.31503886639685,5.664045305495541,206.32304583080577,4.966085065271418,Uda_Pussellawa,400.0
18.006583837044836,2812.979457681032,67.41234742064626,4.314759431111961,142.02802638238876,4.972505774810411,Ruhuna,400.0
25.937289593906335,3109.390116724067,88.50852330699006,4.9109432706421785,363.6147951025559,5.176310278515634,Uva,931.0448043457195
21.144044623097965,1920.4773947999743,68.46320859362581,5.070995731901196,297.3691120227935,5.108253416359917,Nuwara_Eliya,476.0826275059674
21.802145161390268,2147.8122443735474,66.9362307088195,4.881888143674035,193.46647167414875,4.080528227476135,Kandy,400.0
24.699277968666415,1241.6787252896045,75.75694940005093,4.917469763224404,307.5679598099913,4.313699854579533,Sabaragamuwa,400.0
17.509111913750807,2738.467213059137,81.85589746298416,6.135537241154057,244.38211035402995,4.756019438457945,Dimbula,400.0
23.529638984736202,1416.1102243660325,73.58351413989872,4.774557955480551,227.03123961101258,6.887356527679646,Dimbula,454.1975926382868
22.665808832852225,2108.3877818813144,86.66370545669253,6.420610861235957,284.8169222631682,5.42814406909069,Kandy,562.9485223159472
23.969805056032598,1451.348736183578,80.30975661964091,5.418563389865526,190.68014000698201,5.6892574663589395,Nuwara_Eliya,400.0
23.15667457563127,1705.566586630652,53.2178868026857,5.246027568655996,222.4994784391912,7.905132037882345,Ruhuna,611.5562237077468
31.82120055964358,1581.3687844751498,69.70533036492992,5.438120176693833,259.71688513596365,7.942510724907628,Low_Country,433.5411437919075
19.449040062994737,1696.062369662091,69.38157900648301,6.464963874625976,210.04390456918293,5.576812585293397,Kandy,400.0
19.876012179992728,1730.4386484255106,79.79360953429422,4.703203498034276,303.5268168214019,5.053704733974887,Nuwara_Eliya,442.3006468964283
19.507437894300942,1725.8656025374614,50.0,4.639791040531805,399.52532029426084,4.703354529489693,Uva,400.0
19.77809152335898,2416.6669558901535,95.0,4.82256690171404,189.65614939142858,7.039163654562357,Ruhuna,842.2867065819603
19.45045149077393,1447.56860346874,80.3102609489421,5.216071573482281,116.78997629567644,5.692939149716568,Low_Country,400.0
26.756066124430205,2110.2707135069336,76.4887680391769,4.337114437593714,100.0,5.420257664515814,Low_Country,400.0
27.68201699195942,2608.9795761527794,86.81567716419147,5.211169619659304,237.96254868040143,4.779503137293671,Uda_Pussellawa,503.5844084281596
19.717014825002096,1743.401817743302,95.0,6.046773566706836,196.9468327899054,4.845500386482917,Nuwara_Eliya,400.0
18.670577707583085,1641.040554626199,83.70746644588404,5.275703695312389,266.62884008536645,6.480087287239867,Low_Country,729.0933370331519
23.885662225545616,1884.7376874098745,84.4881309647162,5.053657270512362,260.6078137620881,4.026842601169107,Dimbula,512.1939992841791
19.791107822876114,2589.862604180355,76.30690024464383,4.890919775658187,121.7426522708723,7.492303040681907,Dimbula,468.84551981172893
24.531727271022042,2097.0538154766787,73.58474246633051,5.6492558522757825,104.80929364148753,5.199233034277622,Sabaragamuwa,400.0
22.811692083405198,1734.3928526962009,70.242045559951,4.787083613380976,273.67465922768764,5.775546083622311,Ruhuna,647.6843916229584
15.937023540011072,2241.9383255940197,66.73888008285458,6.123197960299624,260.83430677759657,3.9945330627891686,Low_Country,400.0
28.190020805320245,1448.8539250817885,68.12985900300502,6.166679873857179,215.9345601306759,5.981451092636453,Uda_Pussellawa,400.0
29.183510692382086,2340.679755221474,61.494440356570166,5.328375399330894,117.42851318941564,5.50751858596416,Nuwara_Eliya,400.0
19.548845238062455,2204.3036538508836,74.24128549314976,5.194242455961677,287.71130102119923,5.9248791017153,Uda_Pussellawa,801.8102784050396
20.449193760256062,1846.095764430558,58.153324227736135,5.71532990412078,351.75196363391547,8.207563347542836,Sabaragamuwa,924.0957460391633
23.14346156289962,1580.7071007763846,76.90916524143711,5.747399251113663,272.23859521751376,6.26654706868536,Uva,537.3941656248873
23.337827159948098,1556.6595388582714,74.63669391957659,4.797004134470292,182.20208875479483,4.808011223781294,Uda_Pussellawa,400.0
24.63417709069132,2267.408668172955,76.46935298386688,4.936722433431649,253.5641732456921,4.933020134180148,Uva,613.9947181248941
30.0408181550654,2614.490251244531,69.77868429980008,4.538826282658352,140.7108735253052,6.892696778870652,Dimbula,400.0
21.2922110900238,1681.3461264856026,95.0,5.4045324691670285,334.6368571071034,7.948039936490136,Uva,1372.0490017174125
18.806811021846187,2229.193351775742,88.60115900180313,5.533313941728445,256.5475467623631,6.422877031126575,Nuwara_Eliya,618.3971630059292
16.482723087941892,1000.0,62.55457499915277,4.525037181069363,108.54744705974144,7.033069116832154,Ruhuna,400.0
19.076279840232324,1707.6911346714003,77.32868087426898,4.972400547591921,225.94605116450538,6.914606585005058,Ruhuna,604.1594313533083
21.867492108504813,1984.470533564549,68.91993857062677,4.526373041209325,287.06412081873844,8.128596620036282,Nuwara_Eliya,764.0886248016034
29.178231454071152,1545.1582915090833,64.85520273292586,4.750600094878082,223.3561903219582,3.075614740910951,Nuwara_Eliya,400.0
19.929554803855314,1531.746812605202,61.599279288760656,5.47550853011315,227.92834228478608,7.000828408956792,Nuwara_Eliya,400.0
22.895151806555592,1666.1102217655568,79.32216690759253,4.8332589666608605,152.04782343621827,7.475604065855346,Kandy,484.37339850112426
21.93430841570899,2146.0963641631865,68.18619764930426,5.049587021983851,295.3232789665325,3.9919144407966396,Low_Country,720.0224785820816
26.753573093792337,1906.3354907968126,84.67826024025204,4.386344136026342,198.12246399846902,4.671497723990376,Sabaragamuwa,400.0
32.107729703494485,1000.0,84.9378221453044,5.293495104862332,100.0,4.72382587705777,Uva,400.0
19.876524908318718,1000.0,88.7391438521145,5.177863340077676,220.2994103463685,4.906814705433925,Low_Country,400.0
20.042242229927112,1696.5674110714122,66.47613233925897,4.835520374983419,328.4919772456283,5.277424423596711,Nuwara_Eliya,437.9634023512348
26.17664350827629,2228.843293026776,79.7536561069201,5.105492851158763,219.0456442720042,6.3639042195824125,Ruhuna,754.6278233171754
24.727565958505245,1000.0,81.32454216642302,5.290147440251722,389.03879880988165,7.298511976751055,Uda_Pussellawa,565.4987341067894
29.386829302944136,1750.1349119241847,70.25821824896035,4.792565925545328,284.3174358838814,7.6219754366528045,Uda_Pussellawa,434.0626726524181
24.335712741303855,1736.8760717412895,67.28228042607125,4.461868727999111,277.10065298242927,4.743265408248327,Kandy,400.0
20.56283163685176,2694.168889104224,91.09520665775973,6.102787216343408,239.72813872659128,4.732945501945526,Low_Country,652.0929706146323
24.362619322769238,1807.489094143568,77.27495875732053,4.883363647644864,244.53710337885676,7.973732760024334,Low_Country,795.8335134323928
26.434814322331633,2191.4944923704643,81.35967750711738,5.151619948406555,228.9261091904397,6.970115903127967,Low_Country,897.9495358197097
25.281928724789456,2070.6285700437315,66.77923988172073,5.705419867510157,225.81844863339788,6.124297262803494,Uva,427.6428253564557
24.02909612442919,1000.0,62.80715533477806,6.964527593785242,292.4693729653719,6.7100050133324505,Uva,400.0
26.266698758356615,2384.1036083158688,69.30550225507889,4.577756775055567,175.13350161675476,5.955294327222839,Sabaragamuwa,410.3402758163796
26.67718236178269,2107.698252728144,73.75978612610002,5.424913606863255,163.92849370205923,6.786877024571422,Uva,438.65746290578886
27.52863596415011,2254.1343198372947,64.3577999318265,4.846223857352947,160.1443959299698,5.49589995524139,Ruhuna,400.0
24.59483955035857,3500.0,74.90155191349616,4.930604847711645,413.6523638141723,6.403207401658846,Ruhuna,1515.1062218144937
21.331527678732584,1000.0,58.114948119315,4.8398939894966055,292.4274321336464,3.734180924445756,Low_Country,400.0
22.58685474573329,2862.348324880554,63.79952577530128,4.6371725160997075,274.3593761344116,4.968323557761853,Sabaragamuwa,631.8125831456986
26.82603586603343,1856.2762402998221,81.70911248276875,5.179354319107669,165.39882637652548,4.984483234814485,Low_Country,418.8945371082556
18.732257316051054,2143.6644522015044,81.03790520277894,4.462748656475882,299.86738405398626,5.438414950189629,Kandy,616.46836456729
23.474693235491603,1977.2438773493789,71.08123234613133,5.673403783255935,240.6742922837337,4.610230117830378,Uva,441.9951704024369
20.426644750690556,1787.8818333009783,64.82235690923046,5.227501468016688,267.13351529054,5.199684561265377,Uva,476.3964698419936
22.11497929173927,1715.0835358806207,64.72596448473989,5.41121748645072,171.8703747309155,3.728378906402819,Low_Country,400.0
27.113807450429196,2164.7543677865046,71.26731754058686,4.966905694026889,262.8215085934061,6.82305071459235,Low_Country,780.0988860663949
22.764396272079612,1241.4131516641605,81.44518491645292,5.016398032894126,216.09331694348134,5.8762297216329085,Nuwara_Eliya,400.0
22.185746192624595,2375.289583760883,84.28245691344324,5.343781952583664,188.75110743758498,3.442188588335975,Low_Country,519.2252054271368
16.560575436080324,1791.902797557373,70.03468264518031,4.617974683797088,308.7285068645799,4.74775513417999,Uva,400.0
24.985014264108884,1434.9653304798212,63.46507574015216,5.021004782793332,126.98337531759981,6.50490214134325,Ruhuna,400.0
24.5819367245643,1774.9935710020932,77.67843637866333,4.770193243060773,295.18210114513204,5.185467080421315,Nuwara_Eliya,434.4839663815877
30.65301889322184,2628.5746084312864,66.76465029374151,4.754715594704493,304.7588906842397,4.954587809792855,Nuwara_Eliya,400.0
20.768887060187996,1732.3324564918885,69.81747361138798,4.145080879687179,179.62850595590075,5.888110984487885,Uva,400.0
22.876601310655754,2179.22680910481,88.25276090437038,5.8696632947400005,184.3737231094026,6.515396302767324,Uda_Pussellawa,491.52345716603094
22.997534734843022,1634.5218621422634,83.27115428565767,4.856730623423116,232.1579454986878,3.845471314441259,Dimbula,400.0
28.3098131190539,2378.9609249618097,76.57974312251451,5.781688027581775,272.56289683697764,6.825192721826819,Low_Country,800.5321559908672
21.61881787045219,2342.753869395102,62.280809988872775,5.7343961606971465,237.77160065486197,4.799560077588935,Ruhuna,473.7270314257924
23.116086103081358,2924.304416648206,77.11396567470659,4.557000146741753,284.68499681535036,5.973108047625302,Uda_Pussellawa,707.044244363856
24.431586038866158,1912.2180272503922,85.62657290787527,4.655794382163577,391.0383722029919,5.9468697889627355,Uva,858.9574264327848
22.74643649262543,2334.327402378953,71.24366334234465,6.480251479677842,209.3826584680229,5.2094008226403385,Low_Country,417.9370952674444
20.214265541797886,2049.033769769472,88.51114089986714,6.075462970963572,112.78560234372637,4.464510380803929,Uva,400.0
22.77635997159323,2647.935890931507,87.92745289518207,5.184240743335948,316.07388664245224,5.571470177861604,Low_Country,1362.5761474552862
26.29452699943909,1640.5838061956347,91.63732832143474,5.328686553208675,384.6651660742024,8.437995463612793,Low_Country,1543.8294711940882
17.89393880235576,2372.5026564386408,78.05243126531353,4.884576798526406,281.42146904409,3.9574874543045535,Uda_Pussellawa,423.6928614484094
22.531878696587505,1902.6513519416592,80.87391699806012,5.41617635710017,162.98010597170656,8.538469528657313,Uva,634.5410666126514
19.199516740243308,1967.9059114457511,89.1418728833109,4.841409049638765,240.08861094118393,5.610418243385201,Ruhuna,605.9353045443676
26.78018651569937,2045.8762422241864,79.47393937068975,4.183823117850808,160.51812126306942,6.053057125632959,Sabaragamuwa,400.0
15.9072523808649,2126.120198213339,69.98765892209788,4.539222106744475,301.4284395170358,4.369933782922909,Low_Country,447.8155995234112
19.764312610913645,1941.885478439021,70.51457163472139,5.210546373925294,141.89676778412525,4.843095874983779,Nuwara_Eliya,400.0
23.508847500258085,2107.3565915852632,77.38554953773739,4.634466382248706,225.989697053744,5.245635524942971,Kandy,478.4503864354997
28.26209611693736,2789.0590287810924,62.09438578053781,5.166361267543233,169.65297389648748,4.431457543683132,Uva,400.0
21.73699895570805,2492.724842807609,73.56741084635807,4.662669480283569,260.14597481079693,5.686623063943692,Uva,681.8185447898998
19.779201893227206,2434.5772962484484,85.96547118230254,4.808823038749003,220.6926658289794,5.389476162289843,Uda_Pussellawa,551.7957675311721
29.52462827776236,1772.2302369880647,53.08746148834719,5.626582653206596,264.1409682600211,8.7761717136536,Low_Country,526.9561060854313
16.207944398335023,1555.379585885838,90.34482101794515,5.323740273820053,251.78804439730925,4.251038721479309,Nuwara_Eliya,400.0
13.204776173519672,2477.6502791188764,86.22374218703159,5.195167789343326,171.0672777820712,6.154035775122881,Uda_Pussellawa,400.0
23.76005780021333,2438.023396264897,70.40235384169523,5.639481986535325,300.15016508232173,6.371769422852737,Sabaragamuwa,954.3700851176401
19.991783102589554,2736.335337875491,80.43390827871809,5.440304296673673,246.0987478525508,4.394519177022244,Low_Country,712.9283153105271
17.91506873147715,1698.0096870153852,75.03147726906326,5.923281645625684,170.91767937072797,7.030241243179258,Ruhuna,400.0
24.833425789197413,1885.2256723198266,87.29990368438683,4.97007036884243,429.2741244964634,5.4025094806775575,Uda_Pussellawa,917.2516166064777
22.975202855084795,1180.257918737283,84.82683142769942,4.985182510736246,288.11441333736997,3.0,Uva,400.0
19.743685477053088,1803.7644469695636,60.99929276816991,4.549445366804328,237.73915572805555,6.9897744181568475,Low_Country,512.858079111462
16.87878240531642,2498.285255289724,80.87262413464177,4.98550964131379,363.2163621361459,4.3245886738464545,Nuwara_Eliya,647.1606048765979
25.48982931312058,1766.752310385901,72.94372146356753,5.682384947151223,397.3452487509286,4.428337580791352,Ruhuna,559.1780811906914
24.600804711834645,2320.239897600412,75.828325705181,5.849993686131067,238.3720462148892,7.031853124338597,Uva,704.1221401159821
21.60329654488247,1904.7484470010943,67.71828099030185,5.680152584043334,277.79179891478094,5.479257776372325,Ruhuna,641.0724113600694
29.386547984190663,2162.02851411078,92.48137069120835,4.302904066725282,170.95977455976472,7.37665822582725,Uva,400.0
17.71966093469539,1426.1543050921664,85.40061819902576,5.741572606330367,238.2245799385591,7.8152491430479785,Uva,514.0280112465382
15.897899316301045,2042.6047248169505,67.60228836027032,4.280740688363965,234.0749956992104,5.032607309516553,Uva,400.0
19.232367720475022,1000.0,61.653893930897674,5.649058662061174,264.7861626897323,7.189893743932545,Low_Country,400.0
21.81765593457801,1906.5519209190077,71.14327369022152,5.016107736714472,276.6208382909608,4.866808797910677,Kandy,604.4094820064743
22.973357797290767,1184.76337814243,79.34502646091306,5.551266656966928,294.7862759062448,9.349673875698265,Dimbula,714.0814362528857
21.03505576857468,2602.997258273408,77.40205843946222,4.533775826052717,269.0114125039967,4.960564493203178,Nuwara_Eliya,505.20701064617833
23.408221586057188,2388.7036763822557,87.53132824768244,5.785583816353073,153.14058986966683,7.539131161440006,Sabaragamuwa,625.098498902864
16.993842303238225,2233.3354909830405,82.89919722180852,4.467512626947555,174.9226315407132,7.2656850388223635,Kandy,464.8246177299253
27.77505841629304,2760.50311357969,84.69569025752907,4.865772544573411,206.28739044290614,6.474131733163401,Dimbula,574.6654960404298
21.671395286429725,1525.5417395875813,78.26855400610437,4.700952686115483,227.4207526461417,4.9941852578749755,Ruhuna,400.0
26.46918332635251,2873.681598957779,61.1070126978901,4.322857573588751,334.06194323776907,5.7729037620878865,Dimbula,555.330125105959
23.370901385510816,2466.095782130192,73.04301468853099,5.247263783794234,156.96488105176695,3.0,Low_Country,400.0
23.827012876615136,1881.722356390527,85.60089739908665,6.103044558918481,221.406796146344,6.336630057573376,Low_Country,598.5711260151915
24.279069120928817,2567.8100735914722,74.48477071475354,6.533452611160005,326.240759857124,6.524422996542578,Low_Country,750.382491151243
23.79083424006926,1446.8532437941828,80.03090368623747,5.248577893543124,226.009802040271,6.200249128592057,Dimbula,500.3996782615782
24.570891039470176,1587.7429192361633,71.81251684753867,5.758340637533761,286.8332519874259,3.0,Kandy,400.0
27.316610120529724,1695.7051383801497,64.70188151458154,5.3160473189642685,238.83663656576772,4.1015453323652835,Nuwara_Eliya,400.0
22.78608467880588,1735.5111459679924,73.76655935953889,5.449441597384107,270.54266058597784,4.877863525727006,Uda_Pussellawa,442.0731997240309
24.836015030354048,1471.7211786198736,78.09047443032654,5.028925674436381,231.72219649523674,6.437488399783569,Dimbula,458.83502802851524
21.641057222851092,2611.5415335476628,68.44312280538557,5.297538462711302,303.3652378182683,6.434008358464476,Low_Country,1336.765863564991
27.76046886179789,1870.5727998150842,72.64288755143332,5.468739352303214,126.39548740748518,5.7446643120432315,Uda_Pussellawa,400.0
19.29443079176292,2176.2524841784398,65.60536758014017,4.910770135561835,220.9350393289164,6.952868304905935,Uda_Pussellawa,528.3363301347227
29.20376173164326,1714.8243167931596,86.19244917564096,5.161252850053506,273.7258141355446,4.46063643704565,Uva,400.0
21.839368197422626,1089.6983497257415,72.05544242411966,5.170784940501256,292.69561984049545,6.915352508540995,Uda_Pussellawa,508.79492010686556
16.27689959152781,2135.028679195711,89.52755545126183,5.613201658665263,369.4362098203062,6.712113157259837,Ruhuna,1130.3540715729096
22.512417659643155,1043.8725122901114,90.28747850540908,4.66698391418616,218.7180266507539,6.566332099256866,Ruhuna,405.73241719318577
19.275793370100477,1965.6829769572657,74.18954035278256,5.174228895696174,368.35854094886986,5.726939353371517,Uva,867.3150626165394
25.362574195954895,1315.8424805835948,64.9155126745265,6.156002734526349,197.27809386722635,8.746115737246893,Nuwara_Eliya,400.0
19.389504082790438,2993.637999615404,54.14102122266662,5.782030076292969,356.2917129235715,6.739793532734818,Sabaragamuwa,760.8633644014519
20.21526626714088,2455.681361087361,60.279629269732084,5.874589524444353,315.3973701358698,4.5474962051196615,Nuwara_Eliya,402.48348377760414
14.441837076217876,2052.8768956357403,61.2616517510134,5.212215920089017,176.92331362942218,6.372458213603976,Ruhuna,400.0
20.190774723003692,2631.8533388273345,88.78469627461504,5.360498781843011,274.56313898014577,7.128725065611327,Sabaragamuwa,1263.8876615101826
12.304482693484173,1576.842011267132,76.15824587226946,5.701118083351463,245.90113315742468,5.117837101613536,Uva,400.0
15.664388706057107,2271.7396893350465,78.89604524091988,5.980127764765466,300.04676749400005,7.633908370396648,Nuwara_Eliya,601.8917277628719
25.041658624577188,2099.9052168593566,52.795789910648736,4.224198543558557,232.13827292533523,6.573050558574016,Sabaragamuwa,400.0
25.14320063460333,2132.010040666835,63.020335707827385,4.542279346475078,225.4203019470615,3.0,Sabaragamuwa,400.0
23.70183024713986,2636.176750053384,83.87079776446286,5.854722050701324,359.5275666210281,6.449507966006889,Dimbula,1184.9918584063873
18.132095427483147,2366.2460513899014,77.86774112382587,5.061555322115598,242.10232844354616,5.390956268380927,Nuwara_Eliya,524.3289145792335
21.809154575432082,2144.3618314125115,73.52794721314403,4.864139605370961,316.1137859353413,6.805769721812604,Uva,963.0221636709919
21.985589843637726,1172.556281885852,80.64842358600123,4.572919506502198,231.971881196464,7.416322260377721,Sabaragamuwa,464.77330834430666
17.36654124322983,1519.9768523602681,91.35797806135815,4.922491649227945,383.3330607382019,6.292743070712727,Ruhuna,865.6805466206623
28.013593207068602,1938.6455332021378,72.7895753646295,4.498815358288088,195.73322965316052,8.497878350917043,Low_Country,492.8899757769066
25.509449162302687,2046.6861871383255,75.69369802658069,6.2455471363662385,200.8685175002252,5.7319396731547565,Dimbula,400.0
21.116143304681344,1434.8981376630381,76.92596918731306,5.188781974009713,371.96137448927226,6.937226734580813,Uda_Pussellawa,900.3395683169141
22.107543355978123,3205.8383377892105,95.0,5.171024729118641,214.40428872837978,7.207413860456021,Uda_Pussellawa,994.4770942747547
22.83353123179021,2758.1970276267866,54.006437355809744,5.494038337583916,378.0859444931514,5.853981046660901,Uda_Pussellawa,726.2864089258504
13.833060526302837,2301.059160196242,81.83223014788808,5.681172584633285,321.34724636758506,7.168161461966673,Ruhuna,818.701173754877
21.01129046991761,2036.0184306418723,73.85197751240936,5.67294407827732,237.62802347513332,5.107990519256747,Low_Country,571.1868193729318
19.272063008008807,1893.8955150494241,80.6677172618418,5.736810971953786,104.93652223862733,5.3661473714681724,Sabaragamuwa,400.0
17.993519960420336,1524.0407699888822,68.42627446005275,4.8845772246045716,248.45453565825315,4.031266964495531,Uva,400.0
20.87559882845618,2038.7402592594312,74.5103496914155,5.05106659752157,258.13040428267396,6.36211367455507,Uda_Pussellawa,648.259648158639
29.19074610739809,2128.8762700713755,82.11410579465495,5.5845158277211375,343.3774186643498,6.487877513781516,Nuwara_Eliya,646.7177061415534
24.56337144506804,1379.119712259188,95.0,4.936305469180191,377.07577409920896,7.768894737868844,Uda_Pussellawa,894.9863484163536
19.715284040868813,2167.0882086224487,83.08036189402071,5.197446683986388,195.2010256685002,7.186710006533826,Sabaragamuwa,791.0747805456991
24.290331125424636,1922.3704755876256,66.51934401969491,5.399381882212407,314.0945411190546,5.572806665028851,Kandy,675.3694917530759
27.597421746344008,1046.0962210613045,70.76240317977297,5.592592541155188,311.23217248106795,4.232730468998584,Ruhuna,400.0
25.698534731651076,1569.807494610249,70.46585891616147,4.3111595188148994,335.8730161928356,6.6492756037799605,Kandy,511.40265753977786
22.238521479680696,1793.1972332891778,57.04356827369985,5.557372824944473,289.89519297084354,7.666129758621963,Uda_Pussellawa,565.2757516335347
19.412252889177704,2943.8438286700953,71.69909808298563,5.083137971074137,100.0,7.132777460705915,Low_Country,425.15512362144943
24.79289325445436,2278.276562266879,82.32829081821745,5.55372885543219,237.5662053977792,7.626716287285931,Sabaragamuwa,932.6781662523904
23.573941541687,1332.2592154500544,62.25767880923205,5.588465846177415,157.5433940066468,5.682165703202636,Uda_Pussellawa,400.0
25.580772880110928,2243.0181447088185,85.48482651050593,6.003957530559579,233.7915381665541,5.300071547736532,Kandy,547.7554049802185
24.540687206727878,1226.3480055308173,79.87774821084338,5.876726823810602,328.4003388907115,4.894647971652302,Sabaragamuwa,400.0
26.19821086127734,2541.3455269435367,67.65766678028962,5.873285831305148,274.41206686999783,5.916155300079606,Ruhuna,618.7922919212579
19.859059153757727,1764.4376740910607,73.58470362662153,5.92183515958312,341.8472693117946,5.882113806046771,Ruhuna,615.878151021683
27.269576262537303,1953.1819056304146,90.98321807641034,5.345689492407973,277.34031365708313,6.310016442808674,Uda_Pussellawa,727.7812775239989
22.7903984187696,2662.898323771095,82.33547813505866,5.21609254351842,146.13392482648777,5.806053814446738,Ruhuna,595.8918683122226
30.301043490501062,1356.4182157078749,75.08783654898147,5.636408541589168,100.0,5.799558405409843,Dimbula,400.0
19.243248727641728,1301.4409074435043,72.62316683039016,5.566040475716512,261.9047009343672,4.834958920541784,Sabaragamuwa,400.0
28.943855212661,1708.2003368269975,75.7660907045166,5.04546688163087,232.88588269190677,7.412428520327236,Low_Country,537.4470620125088
22.79164313385059,2519.1894255096586,69.88236442057696,5.402411704404134,171.84434084944942,6.114777093365567,Sabaragamuwa,555.65024935364
19.394327985542205,1240.326962261579,53.95250494280985,5.182451766607703,113.94982002788976,5.738334098572077,Ruhuna,400.0
20.064456663782714,1000.0,95.0,4.773033545769972,191.22054292218326,4.878856120126192,Sabaragamuwa,400.0
20.71861076722272,1774.4205707955007,76.55324999199401,5.845230370688175,234.44068121081793,4.002130334413371,Kandy,400.0
23.696663785607665,2275.87039995546,78.98147265122537,5.227599621265044,303.2702258965112,7.961946288824016,Uva,1315.4953601006775
24.091341952142,2600.1308748694146,74.42092250123092,6.224354128849425,265.0904865254384,6.83195806219771,Kandy,691.0604015892922
19.705199984245684,1768.4193189573004,67.64883199275413,4.387253864900083,378.6453797738183,3.5641232361450492,Nuwara_Eliya,400.0
21.902581630956067,1794.2866964419989,73.1407551905123,4.921610613578317,167.15167551636847,7.144713451064486,Dimbula,481.4715251983735
30.569081434447455,2576.9503671278735,59.006052378056886,5.216319418345436,320.48471136459466,7.383721755349663,Uva,601.889141171024
28.910172680402844,1065.1291501522896,95.0,5.768690548814457,253.78389945029824,6.186564183451394,Uda_Pussellawa,400.0
23.74529467869613,1805.7396124084953,62.654880015776044,5.399734686301093,305.57352992948677,8.397166343627639,Sabaragamuwa,876.7546584047964
22.1520139126728,2095.211944962529,64.6803371615282,5.3552363770903755,215.07881093875653,6.325079463184324,Low_Country,717.7386209184632
22.480125306873045,2224.609360642517,70.597407956136,4.636368103722926,335.73442991124716,3.8747647080762153,Nuwara_Eliya,466.61692886607244
24.454071890921668,1745.0966534045588,87.88075724852378,4.621529301385264,273.6179806676194,6.5477535015724815,Nuwara_Eliya,563.8965592132968
17.90882973920638,2017.2205058529207,75.14508999262654,5.361252330144953,195.64440120658006,6.367345952569094,Low_Country,623.4835123710546
20.97049385030662,1000.0,62.63864203969538,4.517947003090821,249.03807768694494,5.0950547268327675,Dimbula,400.0
15.325663704489642,1670.875793833076,87.54338360757339,4.934061124855336,230.83553128503203,6.860338255316138,Uva,486.59666144323836
23.596892490421116,2226.754356277234,82.31000626785482,5.4504586645429285,289.13426805102347,3.498502100713707,Nuwara_Eliya,492.5463447190827
24.588783758810965,1508.8529828726603,80.38434957216452,4.708837863861612,155.61786005003933,7.485850241164185,Low_Country,443.5612428279207
20.067254150802505,2029.4921107947987,82.1573424117084,6.002677981180904,247.65186383074445,4.682817444591821,Uva,451.06735014020524
28.29594705316013,2223.436250401349,95.0,5.811968172118945,281.62458021194647,4.522580812324451,Uva,481.6267224264797
17.096937347990636,1828.7253995711176,95.0,4.41429000083085,252.64186457544267,5.829262841538784,Ruhuna,549.2778370986772
16.14250047916072,2085.2318854982855,68.13284656996704,4.733814378409007,357.75529955111966,6.649459392065453,Nuwara_Eliya,538.7061802331881
22.897807274239888,1518.633717357694,91.23884992811152,4.057111377752525,311.9218219256842,6.245886095390144,Uva,545.2832954564458
26.188393210448616,1896.6943601519768,78.83168189758901,4.808704318725933,249.40153626074027,4.886011251341433,Dimbula,438.36852131980623
28.735710765831474,2305.1080847946114,79.99095816137749,5.5831942382862,267.33512779981385,5.2408660632121675,Nuwara_Eliya,427.4988624049362
20.16446294852424,2078.4864804842173,58.07729168356671,4.993052528862572,273.65324411856,4.300436478933807,Dimbula,436.0006804743867
26.314723333725183,1706.7343652180323,73.29614234611805,5.430398621807984,282.26396833334593,5.662980147555195,Dimbula,469.64819408011647
21.845966121997172,2112.1082021453967,66.87176409663435,4.438832840859128,103.94736034683137,7.612531821766364,Uva,400.0
21.30949080023672,2357.304895318309,83.28058814893309,5.598987627290953,225.87789633845222,5.993605593534186,Uva,775.0239616669753
25.534639749946688,1000.0,85.71080500402805,4.922445386035825,131.24487454452589,7.28912138213918,Ruhuna,400.0
24.60929151365368,2579.5370324779487,54.255136489836886,5.206084841141453,352.2624757967589,8.183102006589287,Low_Country,1308.5788744506979
15.694431372063002,1831.872630659464,74.7796513599573,5.1535627493034735,245.13203839976578,5.11797222144455,Sabaragamuwa,437.83552078428716
27.906161398903585,2212.744966620115,86.21861504794252,4.564225739553859,234.5327240256302,5.720140120416953,Ruhuna,582.6525421309007
27.520365416589804,2598.623461822614,73.13321037686555,4.623457834130109,321.7437865626588,9.256789291593742,Nuwara_Eliya,877.9524593411095
19.497749193961884,1314.163151384767,82.29063645002364,5.683897234501713,283.78598379599,8.166515117969919,Ruhuna,705.624751847478
23.583214133749635,1645.2794987862267,78.51165467627084,5.399496078750848,159.70923884966342,3.491393211281471,Uda_Pussellawa,400.0
23.976120745130956,1855.7256520621477,78.41660231952626,5.725024520776714,244.32757099781048,6.58072247409136,Low_Country,766.8380156405847
23.04269506329563,1608.1232394377857,72.28685021931703,5.362329117751259,223.18664214188922,6.000839988509543,Nuwara_Eliya,400.0
19.79877938461832,2867.4682879184043,62.834191958642904,5.271495317404608,110.43736891151568,7.2396796662881435,Low_Country,423.33675730709507
19.313506528247792,1571.6139530866035,63.784698525749725,4.336994690666617,194.77790134102364,4.882531848772417,Dimbula,400.0
21.89778371603422,1722.2266102565668,82.09352514455317,5.064816651619415,235.31677423868274,4.740587441938992,Ruhuna,575.0238428162307
26.690916077037457,2102.1945158014883,75.19458255518883,5.186307839798128,240.8039254806526,4.9858939270595855,Ruhuna,582.2155892281982
24.174400618377728,1398.9252369619555,73.61487755392776,6.176553599136287,131.4214861058153,5.142107180702351,Sabaragamuwa,400.0
20.517542671655576,1802.159644121868,70.76109957677647,5.543478316049339,342.13324664379803,7.222986250213522,Ruhuna,974.1709029339329
25.086794842593378,2158.7266306250876,71.94811154519249,5.968030590854765,241.8317552886849,4.228198240276679,Uva,400.0
10.605829517479698,1833.5697978087444,85.46911794488139,5.498768852947364,253.00424613284503,5.066079150061022,Dimbula,400.0
26.595062801488414,1953.3065705500258,71.64755918131974,4.844348386525261,282.05133106718694,3.3164814142478383,Ruhuna,400.0
15.0411448848876,1735.3339437758145,61.58935286698431,5.258562108074925,186.9538996877063,7.51067673511856,Kandy,400.0
20.550236234387473,1242.7648454096166,82.43651775540174,5.318111823132116,286.5084778506157,7.9065451491467105,Kandy,701.9748537876281
17.521320421495425,2160.796605669619,72.95123336135283,4.730422215114659,220.63402831854535,5.50938985370432,Low_Country,497.178716295831
16.821274097116376,2877.4665358236207,75.31395865532777,5.00780631170354,178.27315674822466,5.553075952780166,Dimbula,430.8890373370696
26.64330714951408,2009.200815391719,91.0757830639951,5.0971165031614145,295.8757994684319,6.679832853424346,Ruhuna,1023.9927913506208
20.129195194752434,2112.632058623775,74.79439442649493,6.002809916282559,369.3339087041446,8.211723011067384,Sabaragamuwa,1249.316612469646
23.38601552692286,2346.36137755843,77.89183673118725,4.1596297373045115,307.9863498788665,6.612916121345876,Uda_Pussellawa,725.4028414559701
21.812317684483265,1365.3347517266504,63.210765087016746,5.802909210358022,323.8382052112345,4.953687086287328,Sabaragamuwa,400.0
23.908163308892487,2851.257329064803,72.8033054764904,4.731602382520308,208.34955147501609,3.5717661420203393,Uda_Pussellawa,400.0
22.307287564241022,2101.164398211401,81.09526045208601,4.513960406365193,122.19042166652349,4.327310606004769,Nuwara_Eliya,400.0
16.86803110324572,2815.9284495445545,59.446262661587575,5.789971065019232,369.2110017679873,6.109829175468698,Nuwara_Eliya,590.7918231409795
25.98506727778856,1633.4835022380053,77.0084509311571,5.565949034617191,414.3611911523808,5.017008715198808,Sabaragamuwa,702.8871902512177
20.02497366735475,2909.0309612789124,76.00791072644806,5.8272593511905955,373.42454190157457,6.292451558986138,Ruhuna,1180.8880492530266
15.773672405360996,2387.5777470173916,75.4128745558744,5.600350973772788,223.13712488162003,5.170613975645649,Low_Country,518.522547015337
20.28753935613635,2276.520042926179,85.37158898658242,6.229922500868701,157.62925290169247,4.412780353058382,Sabaragamuwa,400.0
28.00303916253724,2117.012227176574,78.34438514848522,5.479361918472243,164.74538417443466,4.234452552820393,Nuwara_Eliya,400.0
25.40088696845397,1875.7356909627754,89.78071898356444,5.121761311938421,115.3013945908761,8.343531764059843,Uva,440.7200802705355
20.605391462368562,2600.265829236936,65.06410484405964,5.371463188660671,241.40971052719638,7.333481623775464,Uda_Pussellawa,774.3022228187098
20.602969182726284,2070.1799349240237,76.35924567218348,5.821734564172982,378.45423664659637,8.595776927741937,Dimbula,1295.5437549552244
20.71345979513047,1016.4651482064239,75.84466786389947,4.8103123373699415,238.66698945022054,6.809926351132654,Low_Country,415.57470193507334
30.306991934243364,1441.4067691464988,64.3074550624492,4.87405570873431,274.185832027862,5.355012887077741,Sabaragamuwa,400.0
23.527741808926212,1907.0771239036264,84.56295002091346,5.045519992701046,360.0477571443367,7.985011383734907,Ruhuna,1368.3215912657074
23.72016658876428,2154.9994915827774,95.0,4.147708600617334,217.67237505340802,5.9503979979573485,Ruhuna,600.0433757116699
26.12113381612737,1971.7057555500521,74.82993925516169,5.269039204208774,412.8425165375676,6.331262655435529,Low_Country,1229.064005127948
22.955156636106054,2609.4853948968316,80.05021088273767,4.256935648024487,409.3675525997963,5.935763431386722,Kandy,1060.6664467634764
20.963831416717188,1024.4490679806877,75.84518475815327,5.22652965646631,239.51109290556138,3.0,Uda_Pussellawa,400.0
21.214600603660088,2071.7939682525803,67.86415330092824,5.632644878067625,203.79725887846297,8.40710251844228,Low_Country,766.3752758923258
21.713594962343745,1091.0103873064227,56.79239722197984,4.961561769678083,305.77904371122503,6.73650591893663,Low_Country,486.64853502841066
21.851111053960633,2379.8561477420844,67.94226516904635,6.0385579350934355,222.19800459849137,6.494734591302765,Uda_Pussellawa,545.607270508497
24.91051817454792,1952.7706427789985,61.08041619048269,4.469749550290756,157.4755826346131,5.907335906594159,Uda_Pussellawa,400.0
22.207783543229198,2209.804986012059,92.04102078059118,5.795630340815917,352.49909228183844,6.2451417305791965,Sabaragamuwa,1222.48345066786
24.93056030886232,1568.0585197051169,73.84890306076761,5.537568528203461,347.3157909821664,5.104081596230628,Nuwara_Eliya,463.23279659210453
21.67713367956567,2639.7324658288753,71.5408067095283,4.341983375844656,262.44092830108485,6.924869028460907,Uva,706.429920858628
22.31454076126436,2520.8623320294255,83.89153824787806,6.5553971495202665,148.97081970174577,4.039352483401301,Sabaragamuwa,400.0
14.00719726187157,2291.772151505944,63.78248897144112,5.168127357248017,151.6378999026091,6.279102648705821,Low_Country,400.0
25.665310698809925,1935.2413765682795,67.33135961995447,4.761257988922185,258.5783430735322,6.842360205856657,Dimbula,574.5791872099836
23.38595390359197,2289.928642647566,75.68072269248621,4.496456402607992,210.0103172395974,5.701996299265645,Nuwara_Eliya,442.6905889019264
25.992040439438608,1646.5537160063254,85.2876899142348,5.0899909861701635,222.71256542867135,6.556301688706537,Sabaragamuwa,580.6247938022528
10.414978487225243,2427.7778295103562,80.01685045168789,5.13629656380502,331.7570524048003,4.512998411648624,Uva,400.0
30.353498819122912,2824.74044716196,77.48325142515883,5.251322764269832,308.65434539380465,4.551259843656053,Low_Country,619.2418886671512
21.441641487379304,2535.305279989593,75.78117735236016,5.05110192188802,360.251414439809,6.3550756815395895,Low_Country,1601.2347916826538
26.432731266950064,1635.1987650962951,79.00235855526775,5.516612655057547,170.75014212981938,7.017824481931577,Uda_Pussellawa,400.0
17.840376291497876,2180.7086586365513,77.01652905129255,5.0061850836683774,222.54467450506303,3.187701516747434,Uva,400.0
24.45109562025028,1353.4292281206763,64.70027725223065,4.232517941379765,310.718535636809,6.78303095266615,Nuwara_Eliya,400.0
17.786337747305375,2286.1951555878377,75.46079221633151,5.12531925217518,285.8462672810313,5.185197749435495,Sabaragamuwa,687.5183081270765
19.50492415721678,2225.3017064312694,64.26311341082247,4.016261173313361,372.59043060700975,5.710790869038881,Low_Country,650.9654225109505
29.656125415467145,1065.0918302339178,75.81082542900823,5.376885315445695,283.6429364723256,3.990723114652444,Uda_Pussellawa,400.0
21.237270396946613,1419.108078043818,70.19352058511758,4.710349884858682,397.84872832844417,4.722574139719938,Sabaragamuwa,554.6279856612098
22.86973149271889,1858.4305516281165,95.0,5.2816801774579005,293.2014241378513,7.449187988295467,Nuwara_Eliya,984.1394841049771
25.480270922755018,1849.570126429587,74.60105616248288,5.857037490762302,334.9733958070928,6.049295060970319,Dimbula,576.3769320643639
23.98272755189042,1395.2615322905972,60.95760433738411,4.725625652366,224.11880425724343,5.425832397435662,Uda_Pussellawa,400.0
22.601675620574305,2194.489364676092,73.65819789323075,5.7306281292560595,251.14297695071912,5.825267471053448,Uva,625.189627305426
23.459844009864902,2125.736804470256,80.19358745637888,4.983305216656923,322.87555230715805,6.733817736996452,Nuwara_Eliya,891.1261515936479
31.6136623409531,1902.8654340107403,91.73363946152523,6.076597401032793,379.0382536474443,6.660741744245007,Low_Country,633.5106722952961
21.769524811865658,1622.1042499208186,69.10547600061281,5.017423693400893,308.33895594486023,5.887459499404799,Kandy,719.2763500894653
22.80439618685987,2524.3535632082817,59.1757202597636,4.779753507246655,243.34625824523044,7.6394386663450025,Uva,695.1412895951324
26.20261758403045,2827.7035565441474,83.16837011430981,5.543619225197644,360.1868023622674,7.455693955359999,Low_Country,1624.9291048619205
26.422103731831935,1758.2192580767314,61.19401294100349,4.982105135188182,100.0,6.620058043695593,Uva,400.0
26.748121222241522,1693.9165414225895,70.63844558492515,4.779275242935496,136.2212398794501,6.081917674365106,Uda_Pussellawa,400.0
24.55492088811674,2245.6038327059982,72.42379514489006,4.9610800746481045,304.5307378934711,6.985981642679309,Sabaragamuwa,1029.810976012009
17.427980349078066,1820.9853101265069,74.30366546699892,5.177696733908499,251.12866850025,6.471401132701775,Ruhuna,628.5691752724532
28.533726129204382,1930.3013996683828,81.89164457074335,5.871090065622427,298.44109208993325,7.5912001077089215,Uva,533.1232614082757
17.414618427925248,2369.8265758623356,68.16365717713612,4.232956127270212,255.15260179455535,7.349342065107462,Nuwara_Eliya,419.3713539124182
23.210541860956134,1045.3219562463537,72.26270747833239,5.211540329475211,295.6756555683098,4.472619147873408,Kandy,400.0
18.98289659992257,2659.151162426335,74.85729647050611,5.512451797327022,184.84777432054474,4.37105524388744,Dimbula,419.7134783111679
21.74344661362803,2036.3402621646708,76.49597957518787,5.296724287495898,295.63888688637525,4.948125683393886,Kandy,812.5781610301168
23.31504964121392,1794.25342771891,75.97827174707923,5.854932584716767,329.55316225660675,7.4642080351003814,Nuwara_Eliya,711.0198680574716
23.285428861801094,1955.3829228892755,79.3600577522258,5.162827335120738,347.6440483144986,3.635536504843132,Uda_Pussellawa,538.8517802101063
23.68768301694114,1981.2146775102594,83.43839509641737,5.107724278907027,411.08434357189594,6.59213608366199,Nuwara_Eliya,1231.4433202609869
28.454845076234587,1134.3993482775372,78.92634115650968,5.496164773506671,269.5278754801909,6.543814636639442,Ruhuna,406.6450270462449
23.814137206055918,2747.469113726618,79.53585523509219,5.249656907475675,271.9128869477743,7.743972088029289,Ruhuna,1329.1066160222995
21.023373458837405,2020.6628161353092,59.17776833253522,5.004795630859765,128.14620286609218,6.270508035995832,Ruhuna,400.0
25.85634867315343,2221.5010652236874,75.5022769916568,5.45807201979319,207.48708790892601,3.9851859141241492,Uva,400.0
26.75788195569856,2475.7748852870213,79.79507548001608,4.873735853391677,234.553434079471,4.560967559027816,Uda_Pussellawa,441.5246172194054
17.08956873945203,1489.41877121985,82.2894119457045,4.894411423990337,334.0255641821084,4.227006717153263,Sabaragamuwa,431.739968010532
24.38960027939943,2236.7359495176142,68.07649225766205,4.936002989117194,201.11991007282967,5.193084050500289,Ruhuna,490.97395991176444
24.804690969243595,1866.1794545506032,68.40960725111356,5.876534580083204,313.7072015799066,5.7256476488641095,Sabaragamuwa,513.0520037099537
20.80974598656003,2423.3853876082467,69.25899324716401,4.0,249.8702626429296,4.251837710668415,Dimbula,400.0
27.50282725324648,1000.0,80.36413899891343,5.397799417381472,235.82655079081906,8.205992985978433,Dimbula,400.0
21.399777651869893,1950.4528498793654,85.33881054924208,5.217135907100111,269.9115175306605,4.012077942071338,Sabaragamuwa,648.2224382106972
22.50230581388617,1698.5896721080192,70.92539892708399,4.35956477038094,218.70749021977258,8.01915513579372,Low_Country,588.2171458208217
21.30771270286452,2216.1314753170777,84.07962313627048,5.354863389568001,215.67702015258675,7.777744547159011,Nuwara_Eliya,775.2255252385049
22.06231619032587,2235.022093684101,76.23479809164594,5.437875995915766,113.61712753679083,7.347453824533553,Ruhuna,477.8298137912954
17.614899652419194,1646.187052588987,73.75714222837564,5.494819615678701,230.16366341376883,4.959350088754874,Uva,400.0
16.239796469622824,1643.9130679119783,72.88615770182031,4.0,211.6025483081019,6.513676318765352,Low_Country,400.0
28.378020252899887,1944.6673157213352,82.46611364602157,5.883194705927219,208.72152085207364,4.083943299674074,Dimbula,400.0
18.61215460672669,1551.6788863423958,78.2557781678707,4.83113164765758,283.3498450072032,7.366360552550624,Kandy,629.770706186778
18.034430602174773,2420.9918477260635,95.0,5.543283873376589,302.6905562232408,5.889022827695596,Uda_Pussellawa,731.9511683963567
13.38643954558514,1815.396399776277,66.47775357002676,5.570536890341144,268.5755603713862,5.386019678119972,Kandy,400.0
19.44415300924199,1000.0,80.18101702029976,4.761651457190354,329.63321523595795,4.164382730015596,Sabaragamuwa,400.0
16.707640826370007,1812.588971689097,69.70798990188487,5.530229976175775,296.0449540664292,3.0,Low_Country,400.0
28.568060640545475,1480.7280895780139,66.30713013011356,5.007253379543821,226.39550481554863,4.442188714446366,Dimbula,400.0
26.03926835737054,1184.3620922695272,74.89132862965027,4.164311410330922,212.9714971428496,7.6691972934193595,Dimbula,400.0
19.247398619289104,1381.2866808887138,76.37352479407036,5.783870962763889,275.0257789413477,5.395749857287794,Nuwara_Eliya,400.0
31.009743221377235,2054.7042359164852,95.0,4.81247751849188,295.9013687921521,5.746006714327429,Nuwara_Eliya,466.6652378449836
25.927061947966376,2664.320414124116,73.15854184316798,4.772753268630973,361.82754456251985,6.983331537432679,Ruhuna,1128.1207707204096
20.70067446596551,2156.59223693249,63.69821270515317,4.9984670659816395,345.29384359520765,8.708503317174397,Sabaragamuwa,1352.7770009742815
12.002377140505708,1696.7483058921302,77.73010717494385,5.3361183626636945,206.68215947942647,7.9875069824184575,Uda_Pussellawa,400.0
31.16377029036297,2227.952097585351,54.25359962453632,5.171364794588949,241.83949758981908,4.541497494275718,Ruhuna,400.0
16.441710132945616,1770.454844890504,74.08043217395735,5.474033462353585,303.6814243934216,3.0861441428438905,Low_Country,400.0
15.418405012172432,1652.6998154184278,75.1602528229516,4.530255316735671,335.4398222447178,9.539421388650155,Nuwara_Eliya,599.3317408532864
26.090281728038562,1422.818665883508,82.94600382945211,4.828806814784633,325.11755749638337,9.403487417489181,Uva,778.4345475955835
31.75900962535709,1124.0855966241404,84.73622249427846,5.142001463839233,244.88977337349226,6.282680394643924,Uda_Pussellawa,400.0
27.537091274042073,1805.0381467202774,69.96430381092283,6.148943646329353,149.67818780571866,4.094267631627268,Uva,400.0
24.25563648020944,2079.026744960066,73.49385985370067,5.1430937307931215,170.0850899003527,7.444839800840908,Low_Country,682.9816094022224
24.379017366661145,1951.6881649925551,67.33879169389328,5.742611131830816,271.81068114555313,5.838024470981085,Ruhuna,554.232842300844
25.41366223512123,1792.0165360263206,63.71937445192306,5.219277584392159,277.37804635394764,5.830528315340084,Nuwara_Eliya,442.5851371979331
25.03571435914706,1527.1269696516094,78.09894779380635,4.958170681281216,162.1056501252492,7.3416882646576935,Uda_Pussellawa,400.0
23.124765695877503,2304.1230958424844,62.26414451403401,5.07663778794278,253.56556887114172,6.501562120309948,Low_Country,869.8333695882618
22.416804415807505,1341.4340400267074,70.85373099428136,5.11579014398556,300.49794855774263,4.221277633477582,Ruhuna,441.0016916531681
21.74962748840191,2388.0139569217376,65.04826040100762,5.501822869480369,157.90186739942845,5.512887097377039,Dimbula,411.00291363019204
18.984141644533295,1498.8914905366375,80.4968318629026,5.887305633788277,338.39977614435315,6.99172939299202,Ruhuna,747.3956809193087
20.877299692532905,1623.7823813234825,93.01430099266489,5.37984042384316,219.797508115214,6.7653783336075275,Sabaragamuwa,762.4947670555675
15.228172743218458,1266.6074046921615,61.98412017196669,5.7935388393708775,350.60904900613207,6.393024861537714,Kandy,400.0
21.606641492821,1749.2989265571816,56.46981517102431,4.717605131185158,207.32380433792798,7.400134431713797,Dimbula,408.704030797771
18.045635571396332,2487.6562292389895,73.75113114649933,4.992684745592985,167.8699613692657,5.457424518274103,Uva,400.0
17.585642731136915,2257.8140442219783,75.15697795957759,4.837848732896167,213.34904081266245,6.268004662828608,Dimbula,556.5857345143711
22.719576604613913,2489.2110560140177,77.18659306757297,5.357222295437427,242.3881501538144,3.0,Ruhuna,472.2455194482663
27.568009145378397,2261.071272966968,70.53679484765655,5.020520807410294,218.92160745828153,5.325524709235779,Low_Country,494.1850688861205
25.673266424009253,1448.1650857348154,72.99360701174568,5.564886468517098,232.71988627415092,7.145854362863466,Dimbula,440.85792260834023
15.717997585507291,1834.6053878362213,78.67510410540602,4.734499144183779,276.7172119740952,5.414408299324286,Kandy,440.1464714867504
18.04148745371865,1609.9004354412687,85.4043089264484,5.221515486660641,236.30565041628805,5.300658912424332,Sabaragamuwa,528.402084852282
25.763084751952864,2665.28745201952,55.449512296817176,5.543428955506128,244.71100848383944,4.437820572337772,Ruhuna,402.39199434803317
18.070050425846762,1401.6056767868442,71.31060560968538,4.167348612479695,113.26188806379233,7.5050488390937184,Kandy,400.0
21.101467400011902,2446.8488446945553,77.13808793941064,6.260815653665102,281.3358412808378,6.822694910310856,Dimbula,766.1484134495937
24.20020839609821,2446.4769350543847,65.82023895389264,5.058424057560062,242.86373618466655,7.2381218967346275,Kandy,896.2886067215088
18.12662218054546,2914.8101008580434,92.311696317673,4.187480043161914,378.82343843862964,3.4106790570631658,Dimbula,512.8736561282914
22.42150202458384,1795.1567036852514,68.64590119771263,5.279046949288393,174.83478661968334,5.759324935101549,Uda_Pussellawa,400.0
16.66389802032718,2356.161079790081,74.58707312992718,5.216721733986575,105.33637372003884,5.579833488374991,Dimbula,400.0
19.594529424195144,3140.8259182694214,80.56022096842291,5.159052810213754,299.44547951440336,5.579142440102171,Nuwara_Eliya,817.9041744588638
23.279127736570146,1691.1791615331517,69.08715211198106,5.695595556463333,277.72216146504,5.075958684423066,Kandy,444.61621151694675
15.628025065873324,1232.47987623382,56.53426952195583,5.573722485713528,169.32535835750832,5.480843592329977,Low_Country,400.0
23.761898951841594,1059.9949830461183,70.71345473083467,5.348938095511922,127.62008359967268,7.274467174059978,Sabaragamuwa,400.0
21.921448804293274,2356.3560144306657,85.2944055592704,5.425077816973324,372.9917384547432,3.130722969978256,Kandy,736.0864888113134
24.20995981766859,1058.4248959707081,71.63104873214861,5.147820775280957,363.12883124854255,8.66594215204568,Uva,648.8906753041945
22.895656536258645,1813.8404735310387,66.53565698541021,6.087745424620024,100.0,6.725761687539692,Sabaragamuwa,400.0
27.456561719895376,2218.6565935194803,84.25672209502721,4.460401990821117,213.34215765947994,5.936502156509681,Sabaragamuwa,450.70350282602396
22.50089801059163,2092.587768414957,71.69225103976947,5.269825837107948,383.13536438271194,7.360251219559389,Uva,1382.849559718819
20.282377835498988,2212.722432092086,69.89839186349782,5.2325123155943905,211.91499537777065,3.8222478822473476,Nuwara_Eliya,400.0
22.489190012129136,2111.144927900427,76.49456089663309,5.606640203032296,210.75102127786778,5.002948642273479,Kandy,505.1911737989715
24.17319211614555,2639.4329066566966,82.70750209618788,4.77807306128755,227.37925378965053,5.818386851414169,Sabaragamuwa,765.3008086601036
22.19544028130282,1523.8418096306016,95.0,4.328163698801732,160.32824209854726,8.048340555648267,Kandy,478.40475541937366
22.16236676481553,1661.5024307707345,83.27236107657423,5.278411508049097,113.61794046175646,5.930255128310163,Sabaragamuwa,400.0
19.19203324877298,1613.670277364588,86.59839966388344,5.340615246109302,334.2037848587799,6.6750820067777195,Uva,859.5005575328335
19.34839632979621,2415.095905931305,69.94033801012145,5.944799704723825,102.56504750018595,5.115631506095808,Uva,400.0
16.389578912801227,2450.199294197532,64.74131894030523,4.564818976837457,269.7817161687005,6.730263103451237,Dimbula,546.2028406079407
28.998306972747756,2225.612659659254,75.62331349619123,5.77734688335836,320.92635942061196,8.515859389461685,Ruhuna,910.2217770357976
17.02454705843486,2591.746833444964,76.07169915259597,6.383707182013561,133.90189608790735,7.493290037511171,Kandy,400.0
19.22837920881637,1410.9795663118098,64.21487258635403,5.011117556238761,176.05852779239427,5.8778160183331805,Kandy,400.0
19.12637093772321,2833.6120557755685,73.24705470095986,4.554528890253388,347.05433507132716,7.013236270898204,Sabaragamuwa,1192.8800215417784
25.579697507777766,2761.6193108561292,78.9931760171913,4.996512816813315,292.6313376181632,6.866275431910818,Dimbula,981.4779458138725
20.82020128683189,2367.8109986228733,78.6039339501808,5.207002483685691,200.61714344968902,6.759881507545914,Low_Country,955.0552269836187
26.990968290694937,2890.89945438553,80.04287853384272,5.481893937503457,346.1799202688937,7.667930041290614,Kandy,1155.8157789154322
19.306037503024527,1171.6883961611131,77.90964730137443,4.904302635080977,346.5228578763442,7.6567165557562,Sabaragamuwa,668.9854880499562
23.11597664889521,1737.775931868674,69.92991340729944,5.977599267073671,271.52421544125656,5.809262104687674,Nuwara_Eliya,419.50386840271256
18.65861178696097,1632.3482696590238,69.86099373351156,4.64273384249597,177.987181770107,6.962818592216654,Uva,400.0
30.580596511093553,2360.7396618786715,63.010486020061236,4.3303974239136,216.92410372225638,5.42535761826031,Uva,400.0
17.24960632388195,1474.929630198927,92.84775039185095,5.753355212143659,272.9109395164312,4.615391405526633,Ruhuna,400.0
23.23928284090811,2378.747574668743,75.13450364619293,4.0626894843969,234.91241366820094,5.59575936644402,Uva,432.08568634116506
24.535107523728392,2685.268071998357,72.75146944205149,5.097935115563642,325.1165742587881,5.8855827723906255,Uda_Pussellawa,824.4644958342501
23.655196389805994,2347.6014500419997,65.71207918547542,6.758840564604024,127.61807359125311,3.507628516233012,Nuwara_Eliya,400.0
21.258849364489166,2141.8755118307504,95.0,5.193978223520034,130.4589176747009,7.29049883912508,Nuwara_Eliya,555.9097578090583
21.480717201066295,1506.0633295496255,64.26671967777105,4.639616174651875,264.4696889185946,3.0,Dimbula,400.0
22.17524588791644,1576.5745169373176,70.71152074393926,5.171301268106603,210.67644689544764,10.0,Uda_Pussellawa,671.968706986784
21.411991993486044,2624.8094526483333,79.1583683628606,5.174599605690234,199.83611082418074,8.252818700694478,Kandy,1069.717447469867
25.85551646717964,2389.674501952666,81.00212965744278,5.280324970176558,108.55546246604823,5.60848691374153,Ruhuna,400.0
30.842092006365405,1980.490240311228,84.57932055215684,5.53113149107981,251.56366758385454,6.01413954084566,Nuwara_Eliya,400.0
19.770032859968666,1791.0452271170548,93.07608507769262,4.6804444158161305,245.77959135993873,6.454457810380925,Uda_Pussellawa,552.5281772548834
16.52078808168369,1000.0,80.06157655460713,6.043774027618397,302.27831855613925,5.116259418016587,Uda_Pussellawa,400.0
21.64687180659498,1464.5737906577806,64.43969200033332,5.322557142186309,255.51249064967777,6.288928721380405,Sabaragamuwa,479.1302480693221
32.31883735061727,2955.7095435698616,72.43054874878219,5.563397023200902,239.39167374076027,5.784000033447509,Nuwara_Eliya,400.0
18.785301728121077,1359.7722144987665,78.07832372513884,4.885925300122179,344.16005094322696,5.858590924153551,Low_Country,639.8955763680107
28.55646722177627,2094.7399106105404,95.0,5.843191068497767,145.00261572411603,6.272191595220958,Sabaragamuwa,400.0
28.710803256305763,2503.7219865975994,61.02194521575703,5.071473795593468,292.9111375078061,4.029708302469008,Dimbula,400.0
19.785647033168022,1372.5386659988537,87.02576505225227,5.338776256746766,116.3082268163721,6.059354586200472,Uda_Pussellawa,400.0
24.275932316741102,2092.355237390542,76.79914369546417,4.733446961406446,182.9310495999354,6.245171619926216,Uva,483.550174188027
28.51358649251415,2468.9577687553274,83.3783053522948,4.701534186798937,152.9874293901349,6.1932744320338715,Uda_Pussellawa,400.0
20.483489036050052,2006.2496609536252,73.98005283364068,5.5441026532264415,312.55540283615346,5.6762538668457685,Kandy,811.253125937476
21.185678559590553,3434.2015278333843,66.57567369873674,4.978196584896307,244.76718131236848,7.706786663954057,Nuwara_Eliya,699.3644873764907
19.673276344205426,1165.7003705609022,82.50872779401332,4.7730884562478115,248.91974043256187,5.469521167677673,Low_Country,400.0
17.940973077228534,2529.3642649419394,81.54431027105622,4.878408328986485,161.4613609816439,6.340988860234786,Kandy,486.0289641443063
19.40288981973597,1913.5991313017678,84.72056965739722,5.549476535858711,226.02452032536885,7.945946300888318,Dimbula,820.1094398038211
17.104238932950974,2385.9600774183377,74.86695364621364,4.885481069398194,188.92277573527107,5.880935789969532,Ruhuna,501.3216817083384
22.136333873036904,2220.653575849623,69.0017797668015,5.141172534198918,280.6764011883373,6.321694901201327,Uva,919.7468627755064
18.920107075765433,1633.4219014450018,59.412130049761586,5.207513875143548,170.7127091734709,5.855423045527655,Nuwara_Eliya,400.0
22.93514364716299,2114.49819622967,83.19373268139407,4.241325556994851,356.3835492164061,7.856054690345399,Uda_Pussellawa,909.7769888525615
15.776417415185492,1071.0492743008563,79.23889482443985,4.464436797313241,115.95356403007244,5.613413157620557,Uva,400.0
23.32352092885783,2301.623750285697,65.34217367136041,5.368138944623781,185.4784134034751,7.925031865932308,Uda_Pussellawa,617.4790849759972
25.334115846435697,2149.079232995263,69.61426326703376,4.831485319423652,384.17604079728767,5.8446181580294025,Dimbula,814.815533237731
14.025057429714177,2319.330084321551,70.3324118804856,5.72836245564021,215.18890016303726,4.710810414827975,Ruhuna,400.0
23.49622627939029,2529.059162543575,60.17015568017582,5.683403552125272,144.80970684764705,7.019059755861182,Low_Country,443.05457020947375
26.91067596989317,2183.8099201048553,66.82317603394867,5.559584333177718,267.52572500301346,5.542998249366516,Low_Country,572.4944029817102
17.16143592523518,2074.044709899138,63.66169643193646,6.109885893656299,211.96862062283662,6.930751348648744,Nuwara_Eliya,400.0
28.690289547350815,1559.465831669354,70.87520988112064,5.158455336128409,183.13037955053554,3.0,Dimbula,400.0
23.67607603746418,1643.8896181754744,67.61302501670437,5.524440962951919,162.3303351361026,6.007807892842419,Dimbula,400.0
19.179952576966365,2593.3673100886654,58.72995079133251,4.907799511701985,471.4698884500755,5.31059205186378,Ruhuna,1057.2993515708674
21.776923689369177,2718.1677028529894,95.0,6.426184956434362,229.8758479852691,4.405111970203083,Dimbula,446.35231387305924
24.23330765008689,1880.944781843973,87.52540731029231,6.19181682621801,100.0,5.170138497240301,Dimbula,400.0
22.304021565649645,2023.0013736266371,67.20980578480014,5.205940217258896,369.49678072044276,5.139445283561023,Uda_Pussellawa,719.8097062599733
24.155023969785475,1547.692812503117,77.7242139665361,5.393293114952597,298.88567240884566,5.928021307724128,Sabaragamuwa,654.0411722890188
18.317305627682536,2586.3784226337225,79.17465089821295,5.879648799682403,188.68268551841697,3.949010308072566,Kandy,400.0
22.67744329614431,2332.7084118458893,86.91085854773476,5.126430247592947,175.35047290510866,6.47441067038957,Uda_Pussellawa,694.2153957774699
16.34514201238008,2970.6087182318747,66.81394973339921,4.871687964600148,303.87782369265847,8.049322177808682,Low_Country,977.2808236578478
21.555095754605198,1560.8384614101305,85.92106783982426,5.636994875503442,230.24653380084362,6.421392745421739,Ruhuna,698.809257824715
18.38436943414084,1810.9960504908913,69.52094695793065,5.239219623041835,100.0,7.213482913843514,Uva,400.0
19.057880229640933,2115.722961262786,61.641375958313866,5.29149722482263,392.9791971683735,7.641843681920694,Ruhuna,1300.5484380950315
26.94437270084175,2323.2447688628854,82.24136559314498,4.782864328466017,215.28076302272345,7.854734268276266,Ruhuna,768.9192118854962
26.365240482377075,1892.1661812261839,87.90758424122428,4.341163925818302,369.64573891859413,8.805208039231958,Ruhuna,1100.6152501020842
24.43655248362871,1563.5194547731498,95.0,5.31807120493955,352.27479663725717,5.251197002586105,Ruhuna,850.1552904507508
17.630748941309683,2440.703764461786,63.002747349097866,5.6524810207471,169.91923644137486,4.922274022258325,Dimbula,400.0
20.73436620122079,2360.5676812727907,81.98919685080789,5.087096625461979,332.6551891490518,7.175198472487102,Ruhuna,1632.4348724079675
26.852390799916733,1541.8629497181375,70.90198756206468,5.918214759779434,197.8845960109055,7.0623993294861,Uva,400.0
22.56686765455962,2677.721400552748,82.83358710524031,4.848041837292228,100.66395305568466,7.163512949423534,Ruhuna,446.27948633853634
31.27731815992678,2585.099354598302,60.295104487687496,4.67264777251704,216.0321467182286,8.833923681375378,Uda_Pussellawa,400.0
23.573271357577486,2067.1482486238965,62.37230224301436,5.166384846401934,281.81100014210233,6.017054863197742,Dimbula,656.1050554438224
22.768196465960127,2039.7989311880183,67.24125176833516,5.158703712324355,212.98106816029298,6.639234839469277,Low_Country,740.3332675626515
20.763534143189993,2277.028885557954,75.78964045668084,5.584984365667611,225.43613272599188,4.529417622774788,Uda_Pussellawa,424.38015340497475
22.534163619129128,1569.148464871871,68.58918733461644,4.8125185879680075,341.48528359428906,9.202981685963938,Low_Country,1105.253925887987
21.390120654477826,2015.015739582041,81.5905434391342,5.884047118407449,258.51951842320733,5.495182618186334,Dimbula,611.6270588549706
24.832434706754363,1000.0,85.26894618257914,6.183458481254127,182.53613509720378,5.537676107758755,Uda_Pussellawa,400.0
25.826809267178337,2438.227822751468,80.99577541245355,5.180427986515829,306.1624258933861,5.479875163487636,Low_Country,1033.7570128972084
18.8560421579682,1219.2533887790703,91.18787639660869,5.824855210092159,265.8140453563396,5.032656212033493,Nuwara_Eliya,400.0
16.675068185768886,2751.7099142144993,79.15826629455343,4.67175146468737,100.0,4.905844426728526,Kandy,400.0
14.655178507586815,1834.9399530167748,62.83103289659833,5.737610770590958,284.2682331017159,5.214443575665712,Kandy,400.0
24.031965307650175,1894.1665090344115,88.6337651353834,5.723638204279731,281.34629661728815,3.951306107923583,Dimbula,493.8216066060933
17.586533575304507,1686.1330469577472,68.94843764394003,5.63171864009494,251.6096903664688,4.822023119605142,Nuwara_Eliya,400.0
13.388437628190069,1855.980563038962,84.10418499685571,5.192218455564853,321.33604648556604,8.92344466717143,Uva,924.9832268957681
23.554314418123855,2709.265672574018,90.73734216555107,4.0,196.20851325387983,7.103482715462053,Nuwara_Eliya,488.1545903870554
31.971998069731164,1000.0,79.56688010730399,4.879136428173935,276.9199831056721,7.388856265091577,Sabaragamuwa,400.0
21.975716353840426,2638.482693044094,60.038411868353506,4.887041991157699,124.64325030661178,7.765813181125372,Dimbula,418.0856204598724
25.353963097806567,2169.011740550854,65.81787833490209,4.710872530969762,282.56723067190654,8.751201846543587,Nuwara_Eliya,684.5555045296777
22.32731743419026,1396.4891760713922,88.22744466885135,5.261121502273533,406.2447756431917,3.342866172834234,Uva,574.3163341989411
21.60444138723543,1462.343803475381,73.30877314357184,4.990518277239383,170.41149180259671,4.155175327070189,Dimbula,400.0
25.676305931951074,2838.1965136041017,75.79573534942166,4.787693995117489,189.21582944097798,4.794414508657972,Kandy,401.069135132185
20.838901823245394,1527.2465600286343,82.5882441616361,4.670599925876091,193.1987645686758,5.295405305265604,Ruhuna,400.0
23.06956925628761,1423.3247447020203,81.96322862080324,4.842243507257386,260.3998580641276,5.549145914122127,Nuwara_Eliya,401.2020949383056
23.286791224784054,2568.6572711823646,77.7879981238546,5.760749605924964,164.95709817170254,5.329533670790939,Kandy,439.89809644554407
19.327638185427805,2169.276438142957,72.91331628779534,4.869487472686253,283.69979029527843,6.328963369698081,Kandy,723.6339563684418
25.96816939814609,1531.0372117318007,71.87331554267642,4.942530646783364,317.7471956375332,6.052943086117824,Uda_Pussellawa,452.3512804329582
21.300160973218365,2108.3124877023097,83.57898825291343,4.971651192488377,292.7477770763027,4.915747807232625,Uva,749.8513499731802
18.97701936202862,1487.1236581798612,80.53569531067794,5.36949675690471,108.52676594895422,3.0,Sabaragamuwa,400.0
24.146039374281614,2550.4106992113025,72.42699999382211,5.428124744264267,329.6134132126885,4.510696941931952,Ruhuna,839.9448385833155
18.406128072835852,2530.685482436567,85.82112312993141,4.0,324.9893931402944,5.176142020031137,Nuwara_Eliya,509.6353183354506
22.112724629476514,2266.0030994109716,73.70965884870216,5.710817606913804,316.41290978770434,5.629380844788421,Kandy,873.2065049012649
21.963524013423186,2180.8305306235084,66.48337825665607,5.918184017121877,279.827379892466,4.3054988110341945,Kandy,479.1094464402445
26.34358226332631,2880.5940624336868,67.41029301096656,4.674906731319165,267.6151451364106,5.26379030025537,Sabaragamuwa,484.4715348142706
23.89879293151981,1999.8431636941127,65.21259163690235,4.7138508776325825,332.5911518501117,4.303518917271621,Uva,461.9495830252021
21.899892165019423,1409.0629372895994,72.27589983396312,4.974873306110864,403.8810790082764,5.811270972677501,Ruhuna,880.138180267713
25.27106519680115,2224.7369564161536,87.33724278336193,4.821997990271698,173.75676293081202,4.390363007456077,Low_Country,429.3147181032172
27.560830196069254,3043.023524768557,66.9490481896949,5.311963436973303,336.25003166358175,4.726643015444303,Ruhuna,651.2131590305588
24.231241225407448,1492.620253407074,76.88475761018103,4.226737356820568,243.10263215940378,4.036973803516291,Sabaragamuwa,400.0
22.04141047937352,1819.268616653007,68.43310654372587,4.641036195981631,239.62615583771193,5.769748956645325,Kandy,544.5721007876343
16.75265507059936,2208.223019050726,72.39690958728562,5.969598600087454,127.07754476943693,4.700328345071402,Kandy,400.0
17.73954534769851,1973.0475754971303,59.89958788014748,4.735890016325992,227.2168472387684,7.3601764000131435,Kandy,496.3134747747172
20.77910118258133,1508.8482098113427,72.79461770843463,5.821714139051463,170.21880336252678,6.608775400039349,Kandy,400.0
19.561951191362866,2560.9289281152355,73.06294620195038,5.377669097795069,212.89164563952434,5.895222197724536,Low_Country,706.8854128861913
21.252114788058215,3160.0203610086296,80.40287944035695,4.295366142705872,162.14508929774803,4.803771753984317,Uda_Pussellawa,400.0
22.22659969958843,2098.0657295119536,77.23280913255371,5.517664597608103,214.0873290149595,6.570780457974454,Uda_Pussellawa,592.6223703231625
24.118771017426923,1547.965855132,63.01607875047955,5.141166348903574,217.51117143812775,7.036051334022956,Sabaragamuwa,471.0857301161049
21.718004887763634,1225.5197374732625,85.84198244043543,4.97226647187513,257.74039347510404,6.214032618302445,Ruhuna,510.2208833215409
23.946006575304807,2128.9879906105903,77.10303040221996,5.3224785465860025,120.82001101669351,8.405552783200395,Dimbula,507.939129314289
22.25789765924048,2551.938671658129,76.98393517177486,5.437316742783397,134.35854818037413,6.689455977112224,Low_Country,627.6073564026486
14.098133734584515,2237.583873247691,74.90817646614862,5.55379591098731,278.9531416584421,7.370410826352051,Low_Country,803.8657594448573
18.242658424724983,1998.798079540573,69.8224255277778,5.789126423774001,186.20495063439208,6.200348123303967,Nuwara_Eliya,400.0
21.42364977711354,1705.364174105347,77.17802339748727,5.404067956389178,335.9623832183945,7.013496679885465,Uva,894.9571693371222
17.16122102863557,1453.9181836409552,79.75588435928583,4.51218295560682,268.02157776120373,4.8048281509962365,Dimbula,400.0
24.399714919984817,2417.375663162441,57.53104308654445,4.963177271174405,298.54097201651257,5.312402455180809,Uda_Pussellawa,520.5043371767123
28.12300332937479,2456.885810692793,69.61239162653905,6.671524167634311,362.8553856336716,6.5240453302235695,Uda_Pussellawa,434.86180547696955
26.875047406789268,1227.1351066546335,72.4505302959641,5.562245530190864,225.2231350554742,6.5131492223360725,Uda_Pussellawa,400.0
21.14622851627917,2794.919489090342,77.56170605694278,6.384643650405748,204.04106356669794,6.761417734414871,Dimbula,568.6456466832587
27.96290454739981,2287.0356104470006,86.93311005927126,5.897717041099593,319.73620684790507,7.650589338418094,Low_Country,1046.6976476926577
22.594669828808446,2699.7973225728965,67.28259185403218,5.320901035777874,290.76108511437485,3.8625432422768817,Uda_Pussellawa,506.2801691598963
20.651656115527842,1328.9361257574424,70.02038153182158,5.350703534890559,235.01357521429594,4.538321178584556,Dimbula,400.0
19.54638934583624,1317.0879222922806,69.8746588935345,5.181709980061577,361.3166373564754,6.34435896161138,Uda_Pussellawa,555.3481874249952
20.790121254047488,1925.5153451163515,66.98472409895459,4.33109769207675,233.02045521280556,4.913454552294809,Kandy,400.0
20.447292725835084,2251.392213447597,71.52813504887737,5.209023626234113,252.62189100446253,10.0,Low_Country,1566.7552399535525
22.681664889501953,2898.180411463482,82.70802219987971,5.805337276271099,251.69781206674068,6.773579428755204,Kandy,965.6369460093882
22.64229592419946,2353.0394569075656,64.46164504635655,4.900180002589399,175.23248840812232,5.882503726604764,Nuwara_Eliya,415.61531952846104
22.012184080613657,1878.6593615939832,79.27814395152903,5.4059764995309045,256.20683115891126,5.2267960903742114,Low_Country,713.0803714757805
23.7477526789854,1486.815396167054,57.98097769981665,5.625795522946599,361.7408141918793,5.279756575210433,Uda_Pussellawa,400.0
26.762585099145365,2615.000286359575,69.38662003557793,4.745159780343762,285.5974652300941,6.045210991972766,Sabaragamuwa,705.154065235292
25.798216541765296,1517.6472871246426,71.70510699782014,4.974348567828168,252.4850741119145,6.167972898931887,Nuwara_Eliya,400.0
16.060408126200386,2814.234277386161,91.74859672914064,4.691044254761421,237.0586175067465,5.314951282959731,Dimbula,534.9389459281726
11.78431546039218,1857.8076751967453,72.25197695247311,4.788917196655297,276.4693622725081,5.590271630220148,Nuwara_Eliya,400.0
25.737279644957095,2795.291036308925,52.987565265490815,4.55619735817347,309.9813302791348,8.016426862851894,Uda_Pussellawa,611.0622455480218
16.532485206338315,2339.4656450296393,55.011110931387506,4.749775769310987,298.7391064711802,8.07675744397655,Dimbula,657.0242034776013
21.100938392429267,1931.502255278771,75.3402958634668,5.9097278403989195,223.45081105424168,6.378050969902316,Sabaragamuwa,542.2288655901853
17.31954789576256,1740.3018140869367,81.13770855789909,4.742261485454854,275.98252752880916,3.9881104091448933,Dimbula,400.0
14.792078249679921,1829.5460613269602,78.75455857627253,5.263229609530345,288.3951792918623,6.807754734958565,Kandy,631.1553284576769
24.165850912819153,2214.158346187619,76.6757010580099,4.948565623164522,169.42440099784173,8.331423662416539,Dimbula,631.3252581704985
25.036620641210586,2038.5782481088584,86.62259597505667,5.78943296851847,263.45844329469554,8.054671652943568,Dimbula,796.545966904452
19.693958397093123,1703.0942959656475,69.60408779262869,5.855581148301808,100.0,7.1016387792145,Nuwara_Eliya,400.0
11.63583083142036,1917.1842948411838,83.94910556026825,5.632034991069474,288.6026967856948,8.133634432928734,Sabaragamuwa,643.8088152001429
19.81502220699007,2039.288514859575,58.679851149735825,5.353067276551378,302.8274443650145,6.080076408718533,Ruhuna,735.1448392522506
23.567216021610186,1000.0,65.95052167061934,5.084470231579551,309.80369006291676,6.942154454750558,Dimbula,438.0261342445753
16.084353724903487,2229.084057394349,56.929586050681834,4.604062647904375,218.3962518264346,4.97883665051223,Uva,400.0
22.73343967911662,1510.1393876415966,72.25154699330207,6.171764440561098,274.7237468019228,6.438398184233568,Ruhuna,472.90583017714283
21.93876060330802,1423.3337983971273,74.53738782733657,4.820163491123724,363.91630764329335,7.994301365955787,Kandy,1015.8125356566901
24.317165998404352,1156.3278264446449,76.1410149222652,5.531823173516421,363.1015718633007,5.115864882769664,Sabaragamuwa,462.97600218968705
22.478321473656614,1103.0537510660547,75.61883352887135,5.729782786311699,247.66618406187516,4.70783485580357,Sabaragamuwa,400.0
18.10772423647378,1322.2762484438554,65.72446669188272,4.922359751547336,261.1455704583648,6.1462334085355455,Low_Country,405.4491222737344
26.786286006657967,1645.4895211847547,73.09759155586784,5.719006263657981,338.87289157875466,5.660006694414001,Kandy,568.6084690324027
21.36588170789212,2976.629568763284,60.02553331394252,5.582106601669428,129.93583877902603,6.973721581605631,Dimbula,400.0
21.890781841960273,1737.060162052398,88.6322897513225,6.0639819176908825,224.15394058583803,5.320110711079437,Nuwara_Eliya,400.0
18.266928163707217,2088.8750531340156,71.96373927101999,4.965326766786645,356.84563644294053,8.577659423404072,Ruhuna,1275.7554243396596
20.22687099523396,2200.2406932531644,70.11113880956309,4.557067991360142,328.0160433347813,4.065485853058417,Low_Country,627.7508324635835
18.460789143892395,2065.532593107924,90.88940328444083,4.9472551222777446,279.5411022119924,7.8806021793296015,Kandy,1095.8462140306085
21.308215760306307,1961.2782696370032,62.57753466450771,5.304426771267166,129.53340757355036,4.8527261575378455,Kandy,400.0
28.846833920569374,1402.3531182003776,63.74412885968031,5.229106363542528,246.00718135670704,3.306025898123965,Uva,400.0
16.512395428274573,2725.463774139606,64.03779675131435,5.003281051862725,202.80676830000536,6.356812734523301,Dimbula,439.630140620138
15.545754408493035,2903.5983218189426,74.32128618300518,4.245401270511379,276.48311222537706,5.618088020979175,Low_Country,523.1218979421476
27.884681309974432,1158.670652938657,79.31631629637597,5.435241498064554,185.25226521640957,4.335585948145454,Ruhuna,400.0
21.162705291392534,1487.98570455681,82.39675468117834,6.1861722395411,167.94212840203141,3.4779346624271037,Kandy,400.0
19.323709045360335,1860.0948288114969,95.0,5.432125619061502,100.0,5.987458819092815,Sabaragamuwa,400.0
26.159618749584304,1517.7311025449044,52.50567545799236,5.504567759526757,347.7443747981361,7.463755337435726,Kandy,580.4911789008227
19.577537841052543,2252.9827767279326,81.08735589124417,5.486222653077551,218.0183590845554,6.877430239629667,Kandy,727.415485731859
29.304038854187745,1635.8638987966935,69.42869427427769,5.3985233349412,262.57166269620274,6.085059973258899,Kandy,412.21079408358656
24.711703485357077,3082.5280339033015,69.13584851111227,5.665832983434048,249.8209506820655,6.718271359826603,Low_Country,873.0741666192471
20.04835436741719,2595.274297171798,68.80227871746122,5.397686840592833,164.60528536316005,5.9591788014332145,Nuwara_Eliya,427.18006890340894
30.629232853062014,2106.2870153161075,65.91230329192027,5.0436614151733625,149.27480708414453,3.8554136354544433,Uda_Pussellawa,400.0
19.577140307986646,2513.493131659866,91.84524834603451,4.802005544995623,169.57478992022118,3.8686590221648354,Uva,400.0
24.968381488037227,2552.9502121786545,83.42297327013902,5.0755131723596625,192.14652489364858,5.695247206522982,Sabaragamuwa,709.2349771545051
23.19717032162597,1718.0262559708783,75.23195978557375,5.3570647482253335,279.3284997611044,5.759020070450888,Nuwara_Eliya,479.58551267591724
27.206965157595192,1591.8913777290177,88.51015752487001,5.041958519438514,186.3425869183511,7.2764740177601475,Uva,410.3717994466633
28.24604478690741,2039.0715314848237,59.874710347011245,5.357169341565715,389.7192505275697,7.1359563356621205,Kandy,770.9286485727106
22.128016596263066,2430.818062248972,61.69294868669074,5.419575066850209,332.17208287145206,6.907699523638424,Low_Country,1278.4781700297524
18.986328518615267,2069.530199326709,53.22032267805312,5.616589715635091,314.66876397325666,5.5795759303842285,Uva,508.96966520586153
23.839888571756465,1211.5017589045015,68.00585459876713,5.84139748441949,240.427287802148,3.929021744834791,Dimbula,400.0
19.289138520991575,1598.587778024579,76.61698526704753,5.239003709239429,371.1424588576387,6.618106705599036,Dimbula,859.2150648154108
30.053548990106492,1963.013568202811,76.02858577932334,4.54611171742617,232.5595495103101,6.787753969893252,Uda_Pussellawa,400.0
22.54614132433095,1962.1671978370848,76.49341911059881,5.027447951590405,247.4990868676603,3.0,Uda_Pussellawa,400.0
20.538713794751565,2986.271088394904,60.88943168933918,5.2220312837033,263.59796317994153,4.748492720126006,Uva,573.3970478427508
22.738721223459635,1307.006028800501,83.03154742614022,4.282115621911455,306.14584324346754,4.9634184339091565,Nuwara_Eliya,400.0
16.611494841881214,2252.794620917937,77.39627518238999,5.894332260051241,300.95264632023884,6.177525301685154,Nuwara_Eliya,469.1927098389854
18.113543845957395,2744.556554164145,82.33054281465999,5.271188956255234,211.98997772443175,4.794959350851459,Kandy,538.3295899835108
26.801655631777702,3135.724872711398,56.07237822409948,5.390676417290143,207.36050244592371,5.94279814676304,Nuwara_Eliya,400.0
19.372422884114417,1797.8012884080194,78.1149085879779,5.882763231263133,301.19223657216673,5.684197589470512,Uda_Pussellawa,484.58738258158724
17.81235606927224,2245.7147263601,63.12234760082473,4.884928584928827,307.2189267112986,5.761275792693408,Nuwara_Eliya,499.06122570044863
24.146611010109144,2284.8801785993237,71.02676747448638,5.4870209654420155,218.53191001417017,4.925408559448881,Kandy,531.7734884436544
26.742816618651986,2097.7408657766455,80.34364898636383,5.145067938449032,123.02495442572368,5.041522418899984,Dimbula,400.0
24.875813242660268,1950.577399380347,75.91093606255913,5.1079565664920406,233.41471231934042,4.379599410328961,Nuwara_Eliya,400.0
25.984190743223266,2217.987694750023,66.4846002022068,4.8139038060978105,299.8820639060687,6.570101160860748,Nuwara_Eliya,583.1805974066194
18.972819645722158,1000.0,75.06273156184419,6.032801606843264,394.43334771358246,6.8566539428870525,Uda_Pussellawa,400.0
16.312757333032625,2341.0347450313157,59.68464684756357,5.012249979962215,154.16336301274703,4.844073074811992,Uva,400.0
28.005334607821947,2063.0889518309837,86.50267395898297,5.549732123447852,215.87429977355413,8.280960144025567,Dimbula,674.4564435384639
20.709280644631455,1888.7625516108674,72.94715980503749,4.2624963062640315,218.84771507796987,5.528097828836927,Low_Country,403.55285538987647
20.99666793417981,3023.4310978597787,86.18549944255327,5.789994264844894,358.4644271545201,8.295278435694842,Uva,1578.5867359952026
27.31277656739623,1662.5329906047239,69.73468312903957,5.7261055779785295,247.2046799633094,5.0368092392525945,Low_Country,400.0
24.22492003760264,1798.4620054674847,69.76424011593417,5.248717055148652,177.41387525021875,3.0,Kandy,400.0
23.82355108832643,2995.776651102367,67.35813213362154,5.086528766931038,294.69562263374553,6.603296737368527,Kandy,1049.9533261006316
30.660009379604336,1583.9693475750717,83.76173931693076,5.400000002806784,217.6289183967243,6.372817657678481,Uva,400.0
19.42592707847943,1724.9423585317306,67.90568842671524,6.344395330440145,152.04901813136365,6.0515906929613745,Uda_Pussellawa,400.0
25.711360512324948,1926.487288284575,81.44595432415177,4.3183816505482575,178.57813541790796,5.036651282334016,Ruhuna,400.0
22.228052499588337,2420.3672410647746,71.1754760233071,5.591013693787064,388.72335635380955,5.948141661771271,Low_Country,1317.287739530168
23.074369115453027,2103.901253676657,55.240367001083804,4.7441913489230485,280.73673773195696,5.233110813195709,Uda_Pussellawa,419.9253992515045
28.11387370565013,1353.6873264238689,69.29685932213533,5.1900408018501345,258.62080443620346,5.546475650502374,Ruhuna,400.0
24.031343025158495,1733.9157184364053,63.208917856371514,5.076059940460668,230.0085011350363,7.262448383647612,Ruhuna,652.0657211696428
24.153184316198534,1696.3227833938943,75.33902723682337,4.985840871101122,273.3719073695039,6.27632584429514,Uda_Pussellawa,572.2178589329993
26.29002934923921,1961.3894773884772,63.09592264325509,5.1947674354736355,272.41887568019956,6.914927080997966,Ruhuna,691.0523805703546
20.54018908182846,2212.9218293149147,84.25975100714616,4.632914427361105,273.3735062565861,5.652197240061315,Ruhuna,854.6496550620005
18.643161330643974,2209.102877943986,74.08924139646973,5.714590218063984,259.18760722222027,5.486973981292837,Ruhuna,599.3043190171808
17.820763223915865,1111.9941229757987,73.2240400524126,4.3029282444007,319.50386706444397,4.269776203667035,Dimbula,400.0
14.134573642495994,2531.970493780428,81.55892137787583,5.469882256414171,251.84834768005848,5.444945081147704,Kandy,519.7466693949818
30.22482851976129,2126.2844229983116,84.63906934075862,5.036732073732715,171.7648931557889,3.0,Ruhuna,400.0
17.58716653711327,2692.266023796953,74.79901248230348,4.614537553096273,201.00616872793054,5.114667050541548,Kandy,443.07622648353333
21.11498550565691,2222.099163645336,67.28799700450709,5.301191685299348,100.0,5.877188734213742,Sabaragamuwa,400.0
20.892746800444318,2550.661478867881,57.260303838878706,4.421524456646761,412.1453692833914,6.845510481405234,Kandy,1013.2811453354163
23.229626791236402,2233.2726557250635,68.1395024296482,5.219856910859818,319.02036735621493,5.596983183712565,Sabaragamuwa,978.0227444143733
25.262948850157187,2673.112878101374,68.82787753352038,4.488561546094223,183.59436038966106,6.521510313367499,Dimbula,447.9200613414792
25.44189395343898,2261.1253180088893,76.07057452992296,5.430636042158916,227.45241204823202,3.0,Kandy,400.0
19.667690245724245,1951.042376778548,71.54853118861973,4.7378213331848125,199.04988206348534,5.914744721689575,Uva,444.20439530616756
21.331513144854355,3136.2173602234407,81.87932972051428,4.974502991485346,373.4037769099294,3.480745810629895,Nuwara_Eliya,711.185098607842
23.1303198019532,2444.518561139946,68.8701672872931,5.346974693971581,136.4098268583257,4.1875447265110015,Dimbula,400.0
21.00523549526581,2286.8722105022066,74.42958833147058,4.813728944078882,259.15808470550235,5.719251678204209,Nuwara_Eliya,585.7075937721805
28.429382304079972,1361.847791730832,86.8398744319689,5.171018000165849,241.31777259481217,7.9143959818103315,Uva,521.4180328035077
23.963899806553005,1355.846191268231,78.41825213954967,4.443084749377573,316.14709045672913,6.556810145205088,Uda_Pussellawa,454.4710083983073
24.93951114419927,2146.3577410709267,74.39962458311436,5.515437801798078,241.6792617820244,6.027346495705676,Uda_Pussellawa,523.1248115943679
24.65152507466965,2072.7605988841206,68.98055558064823,6.082456902775386,109.3432898675652,5.9707044157993465,Ruhuna,400.0
26.6938954299413,1692.938717495842,68.66768603285023,6.596104433954981,229.91057322860473,4.929556660193299,Low_Country,400.0
22.724086234814827,2070.49134980603,66.49386747048052,5.2455840733332195,172.227022564534,5.184024879940974,Uda_Pussellawa,400.0
16.812672208176615,2794.3134640217977,69.58993134217101,5.594102070398593,256.36636372452483,6.641064068206195,Dimbula,654.480013042541
23.598751807010565,2347.701237275149,82.55665838744315,4.309687163546256,364.73416292162614,3.9219592223332587,Uda_Pussellawa,543.211045675832
19.394572424832685,1429.495745123631,72.78111728707731,5.951367163152794,110.84598046141775,6.889581075424532,Dimbula,400.0
19.885533273000974,1944.2455864285282,61.502269306187685,5.588114252362053,185.98218116800768,5.417239399321721,Dimbula,400.0
24.345456075020373,1597.5167595737196,92.68169293059783,4.958033277524383,205.78456369732024,7.238335612304348,Nuwara_Eliya,513.0446159814815
26.953132285734544,1806.1500417957195,78.19965191145162,5.818590400144505,219.4695123669431,7.441640185848125,Uda_Pussellawa,400.4758372546172
22.08508630694425,1793.1921671851787,60.9305659948683,5.07276196167733,309.21005312841953,3.49037398124139,Kandy,400.0
23.235332050395854,1761.1772086979975,70.58151072759176,4.9709874084927215,236.116446595089,5.127628855159173,Sabaragamuwa,439.31113245844125
28.808859778540953,1372.4323140133024,76.10886382828417,5.437667462713746,283.2642180576356,4.716708468089065,Uda_Pussellawa,400.0
22.963012717954275,1936.172659240905,92.04592093297377,4.668322750084841,199.9381565014579,3.2809080523902856,Uda_Pussellawa,400.0
32.40673245672158,1719.696181576345,63.91887541741131,5.710812382199975,268.393947633435,4.451200085685884,Uda_Pussellawa,400.0
24.262038582526177,1000.0,84.76040719355947,4.672005094036578,312.2238104702172,9.66188376789801,Ruhuna,765.9828510089243
14.956948963376728,3026.4860122508317,88.99486426972344,4.674972605088407,191.41603602103294,6.9142648443186605,Kandy,532.4956640929645
25.01336648441813,2544.384827108336,68.7134569492543,4.745155105795833,312.5086495845212,8.875931952908632,Kandy,1205.8584915331624
23.52463353953111,1811.849637537502,72.22486381139767,5.5797500187580615,254.18982149820548,7.243647660027504,Dimbula,697.7652535502838
27.159011016330982,2009.4095248702993,64.63690752626229,4.891612319240147,333.6368192385802,4.887235258487287,Kandy,562.5498623473401
24.692725405079834,1414.1728263412192,72.96538858919695,4.526002107816415,233.8864079938421,5.427343204988936,Dimbula,400.0
21.446176064064904,2847.861438905433,74.63410025657069,4.897160000032101,280.4995724129679,6.882654270360461,Sabaragamuwa,1057.3559137255675
17.102807054842536,2948.6443473865556,81.59649998082371,5.183978814659757,246.7515014657176,6.656259305209554,Nuwara_Eliya,719.5149825872502
21.163906970855898,2078.346864123262,85.90183471020447,4.609513758167807,242.30301903675368,5.133986976437499,Dimbula,645.1324940319679
18.5979181831628,2511.7653220926722,67.51903935378353,4.624159445482828,270.7144342580552,3.73501024413119,Uda_Pussellawa,400.0
19.67790620078111,2087.6433894669617,55.326749357740056,6.2556481670497925,292.9445975379923,10.0,Uva,673.2872548264475
24.35431361768244,1331.6372805620347,74.78755220723758,4.769717298093057,150.0348070460796,5.788275491485791,Low_Country,400.0
28.679618017405623,1794.0883155181714,77.9353752996864,5.038478815613497,364.69068870543026,5.51139166022607,Uva,620.3493233511758
23.578686119291923,2065.9639833859787,77.49417687685042,5.0163814996003575,101.22695675601614,6.170001695857953,Ruhuna,400.0
17.216467751859263,1772.7261406282778,71.73326752490956,4.989321596114779,195.2150312208883,5.635907116033457,Uda_Pussellawa,400.0
23.77841067288056,1890.673361282482,76.24752099663934,5.510673369984551,242.45847433880795,6.184093361558226,Low_Country,711.648055874437
26.786525946582604,1954.3002212454428,90.15444808352248,5.674071475236025,282.98847752687584,7.930420929174629,Dimbula,894.3474526282071
19.56086838272247,1959.5607510672694,78.8173416896251,5.047022784234204,376.0938022193103,5.813177280470365,Uda_Pussellawa,875.4347469903274
21.46393133330833,2026.1292452487417,71.26631574996915,4.581760856703825,101.3366809419914,4.255934341008357,Low_Country,400.0
22.058752778916787,1469.6974668016996,69.99802182904004,5.8372201139244515,209.38446972882315,5.757534308282084,Ruhuna,400.0
18.86040674767104,1641.491925436032,73.3014764232227,5.1523294544016585,100.0,5.303397327885134,Kandy,400.0
24.593121735375437,1357.7078671500153,91.3673996183064,6.065160907428584,252.52975791281983,8.135848405870277,Dimbula,568.398063188343
21.516207405568874,2488.9077748431,73.16699290473802,4.077207051217419,271.73468676000243,7.756678597106356,Sabaragamuwa,849.8689397662753
23.67812977562811,1000.0,74.80205655479293,5.29770161064166,377.2636593737002,6.161287500646198,Uda_Pussellawa,439.44370491355954
18.4500312887916,2576.795171658463,70.17686429063697,6.159303166938104,259.65078087147634,4.081896217771115,Kandy,400.0
20.25016679870636,2693.1746986314215,85.98983357441965,5.023367932280921,333.52201035539036,4.161161604840081,Low_Country,1042.7710916250248
24.889525431311085,1848.9097065086894,94.59837254744676,5.087253288332682,296.7069665231247,6.02268489237683,Ruhuna,912.5631371379247
20.508667391632933,1000.0,79.50613049431388,5.347755845795169,215.18014423958653,6.504484453981921,Kandy,400.0
28.90785540493362,1819.3447190163547,75.82772903785425,4.920602090557521,137.28314025663684,5.438065771010917,Dimbula,400.0
20.401455257541592,1967.9079193555904,75.36782833174234,5.043964033973634,272.0001838633449,5.2797456236891485,Ruhuna,725.8289973976557
22.898738903007544,1494.7008900355434,51.15693211214254,5.031092452904299,130.6318386283709,5.11080115023203,Ruhuna,400.0
25.73036332749236,1742.3908030958787,82.45150864284817,4.886289632786814,353.6165658135715,5.96490905963408,Ruhuna,795.6002890160354
16.326537068267875,2765.097599431676,76.34166415995844,5.81442827510028,237.03503183705408,3.0,Low_Country,400.0
14.956764752076896,2332.4635811508706,79.28342050660726,5.430539016148217,345.6141929209133,4.348010056845435,Nuwara_Eliya,481.38004473001985
15.89737474171962,1537.71794281095,67.88537805916295,5.3253141160516515,211.58284526940804,5.059423731828974,Ruhuna,400.0
27.050336413708727,1201.200415202284,71.15543121022908,5.604285503445059,271.50806291207937,7.8112547924278815,Nuwara_Eliya,400.0
19.792567416430213,1836.4913411951145,70.88975063496827,5.067822083398267,266.7479085867751,4.779279537106606,Kandy,508.1003563288965
32.23279714267301,1893.2716103247808,85.21622984073039,4.81289809082355,246.39647055912607,6.2707022127468095,Sabaragamuwa,400.0
19.743009605370446,2248.099593681658,71.21240163396907,4.898687847692721,215.38723892827264,6.339814126396494,Nuwara_Eliya,489.0371174901941
22.73820521278815,1732.3416437161704,95.0,5.200891520552305,281.3964814776416,7.946874758491143,Kandy,1137.9597857891727
28.1684398102715,2255.7497876809307,79.30862419015037,4.67039414581355,175.90693892134334,7.8938661104462255,Nuwara_Eliya,416.1969722944909
30.02437155263649,2967.5770200301145,62.243173400042686,4.949869491706663,153.2451736832753,5.913745546807625,Kandy,400.0
30.24601430654559,2407.7505112221315,73.71453706748044,4.941941679064283,349.4261514661462,5.286772888215836,Kandy,620.8826934840423
26.83346492237257,1975.9557463346137,68.48324877843584,6.262278114914507,308.17343911136805,5.004250345761465,Low_Country,440.1824387962864
26.09625010324585,1908.4247644733528,53.056175301799755,4.0,255.2713286881792,5.638405166301329,Sabaragamuwa,400.0
24.37010779680473,1821.6634329100643,90.9947094011379,5.110190139297184,383.21139060350254,5.3489499685146,Ruhuna,1073.8056197510102
25.11344430466655,2590.3204562260726,82.03142542220004,6.062846896407385,228.57875850201242,6.830441114037348,Sabaragamuwa,653.3149348224039
19.795257134685865,1686.3432770243485,80.33207317899313,5.2609222320662274,355.81625759911833,6.630464726227807,Sabaragamuwa,1013.8055687740489
18.72720446631077,2022.6113544999912,76.65403660299704,5.576708736710547,264.04592679406574,6.887701786717524,Ruhuna,788.2304828357127
21.986502170356193,2025.5989509405426,61.17982431307563,5.2499131575498845,168.01993999388878,7.888925567154253,Kandy,588.8997162425117
21.319261509900286,1749.107903594234,70.16382860444563,4.86633330939176,397.843215341668,8.794303682100265,Ruhuna,1379.962047171741
20.1870878026909,1313.7672260579498,83.41780774784013,4.0790420327455434,329.2568677299268,6.186995090111335,Kandy,434.21031538230517
24.78554978982686,2161.487251808834,64.48779970217497,5.302727843518151,240.31831751923485,7.64919565709348,Ruhuna,879.8008369494476
25.821220834282045,1969.4980140723083,50.0,4.812196697698805,308.17370076271595,5.4725097242486775,Low_Country,530.5805392541752
22.353627545167388,2250.120234718285,72.72893992219073,4.799832296917348,217.70372528016745,7.777510475374523,Uva,791.9084705668749
27.910120324221047,1733.1998467804165,73.58242445972462,4.9505063720104445,316.33192280476334,7.592263735763766,Nuwara_Eliya,543.8578837606013
17.43324354346598,2610.410649406524,76.35563416414709,6.072430703311747,100.0,7.512623954914487,Sabaragamuwa,400.0
21.225362162881126,1561.6131093940776,82.28518643514536,6.402418771126987,168.4158933044325,6.141104761787286,Kandy,400.0
19.13271071758878,2856.020142008946,81.37605812231209,5.308603968764201,328.340779542957,4.997462754013667,Uda_Pussellawa,774.2734673883333
14.53385353170776,1126.1817450858694,77.58769805243922,4.967616388044136,230.02755694248646,3.908207343201785,Ruhuna,400.0
21.669277256629204,2217.3850322784456,86.9553138808671,4.611386791274395,266.6033835910994,5.939944188718351,Ruhuna,866.2068040970439
21.513009966466864,2237.7153412633115,59.81030219186685,5.434270080773035,142.25714703076522,8.299518813373775,Dimbula,483.82212135451783
28.053798972968522,1602.2214660295588,80.0458181447739,6.091452800032572,397.8293596561682,5.53523264795389,Uda_Pussellawa,400.0
24.52324673821911,2212.1969689305065,81.26538363336942,5.076329806487422,345.2423714974141,7.1776898781900815,Uda_Pussellawa,1111.5314986120275
17.90325270268318,2639.759334880079,62.6043771391976,4.010501979623388,233.9451825299736,7.265927100778397,Low_Country,496.7572019092881
29.416370265336752,1000.0,59.971293913176105,5.5350248359077625,217.62433145093388,5.574470668609241,Sabaragamuwa,400.0
26.884134782101412,2251.372403745407,67.54057873524398,5.692699855725025,332.36834891357546,7.974517256279279,Uva,832.8790835061942
24.328390813874464,1000.0,68.38458557484708,4.407077179807077,408.5976360135142,3.0,Nuwara_Eliya,400.0
21.094063604600674,1517.1675982383958,82.5341946350243,5.288242091831477,326.30082046490827,4.165874581892737,Uva,547.0308622259042
18.16224305310608,2814.5831824504726,68.85461216308906,5.42561300806805,423.7442133917282,4.62655155546231,Nuwara_Eliya,686.6251706909129
20.511172895715788,1709.108983303973,66.43651481718796,5.163446348995531,176.21189367504655,4.770427465698916,Kandy,400.0
26.354994478816742,1413.0600177955137,68.88366263305441,4.804614540457323,184.44905356009673,6.504394426778843,Sabaragamuwa,400.0
29.538345223738435,1901.031135507659,86.18632334154212,5.707968611781778,154.8847105557321,6.435056704580853,Uva,400.0
28.172974113088756,3033.9531690817757,75.13043374376952,4.9983101270156585,285.34085197195833,6.590985858262512,Dimbula,807.3662762296501
20.044602312854902,1084.158876396987,73.20748974643088,4.457406918650034,264.0482839843496,6.894122241198731,Nuwara_Eliya,400.0
17.521530266843953,1474.3450441803277,73.89994501298949,4.17526275716516,237.84391012224114,4.574843146281526,Uva,400.0
22.563544987644814,2748.715841589813,87.92060334326523,5.830424759999655,314.74069024986386,4.172735899789021,Sabaragamuwa,854.2581675469344
14.926242537748593,2928.851171768866,67.50828273396758,5.508331988235559,348.58628841717314,6.5944795230117945,Dimbula,736.0317848796196
23.292670856739125,1948.284387854858,88.15508290940105,5.243986773564584,127.94700725705263,5.054651889530342,Sabaragamuwa,400.0
21.409589654805327,1380.4736487366788,77.10496298921504,4.979862681574598,202.24223776791075,3.6442874319480443,Uda_Pussellawa,400.0
20.135853992527032,3047.9217509045793,73.39580618024652,4.935500792898437,315.6114875298448,7.457016426812222,Ruhuna,1314.6647560073955
15.621187730932817,2797.2211958745984,95.0,4.662131675779195,212.58090529131343,8.092652859753446,Kandy,680.5482025366341
24.054400426278868,2339.4734938811166,64.44360510201403,4.984272177720058,186.14351389134768,8.33574133454799,Low_Country,841.1028808217229
19.869196641352353,1593.79882553129,71.46314240432994,4.139956392439913,331.4829942120316,6.28051158221208,Sabaragamuwa,487.5494607198563
17.320332657158847,1975.4853295809817,62.67568760835999,4.831968173265743,146.8399944220816,6.938898143959354,Kandy,400.0
10.510951146873403,1919.8199594775847,84.52461970536169,5.044531241824453,225.8736153767116,8.054802335042867,Sabaragamuwa,434.65934493014925
21.889940379797455,2165.425652307789,91.89188933651678,5.50494002359521,276.2915220643847,5.037876314964849,Uda_Pussellawa,689.015454025429
29.089006386678975,2725.500719065668,91.6992278140464,5.180036768313318,204.0944068871905,7.666016526081138,Sabaragamuwa,771.2571111042022
28.64503685819148,2439.7085205687017,87.23948753146004,5.5974615569377795,312.65245248105396,6.413094351214813,Sabaragamuwa,855.5191751383386
20.17161497365491,1461.311961507621,73.02379532204034,5.874567552556715,204.48984198421047,7.370567478513887,Uva,400.0
19.59115175855288,2688.248225009769,71.34759022510154,5.729085046912051,362.68955947567355,6.279139531313903,Ruhuna,1068.2714631746028
23.875097024300096,2156.566070006578,58.28830227505935,5.435254923689278,239.9402962003382,7.9443850646220024,Uda_Pussellawa,580.0497865921378
18.006458243246833,2343.532897929458,95.0,5.205931339590392,303.70161093642827,6.3352856438123055,Dimbula,1126.0252827385086
23.207167599277863,2733.2704296393013,79.68978078148467,4.70960599579322,309.6819162386253,3.7740314107988735,Ruhuna,709.3808311280226
25.06432111353876,1444.2098752432244,70.08043095130517,5.569972025689658,199.79679978047417,8.177889948472084,Nuwara_Eliya,400.0
26.90773289553723,1982.0872106467684,88.28056888986967,6.039873691110765,100.0,4.578703888541832,Uva,400.0
21.59938369408019,1734.2727243203924,65.2723548324,5.371053019825209,278.8604603731068,7.879587315365871,Ruhuna,897.1960902882581
21.185304999292136,1216.0702873172722,79.06622034222674,6.1586295742130615,255.78306776998957,5.864635677839517,Nuwara_Eliya,400.0
18.488069652973756,2173.35498880246,73.27370865709165,4.437214145969458,294.4660822060102,7.7640164777965595,Uda_Pussellawa,625.672306030394
18.69247858384056,3255.778275792212,81.386771398803,4.622918307610229,231.87780220937296,7.702152922300147,Sabaragamuwa,857.1486815266544
21.094084432393892,1079.9611277471236,74.36426460813878,5.627600753874131,215.56578409594272,6.645214461473057,Kandy,400.0
23.46946202726471,1983.8596944752649,60.49072108888776,5.332145105076625,410.67784087853596,6.762802976440696,Ruhuna,1021.9380058427837
25.654338504932998,2320.271467537387,75.75576372670038,5.856891088285904,132.21167507913776,6.633942925788849,Ruhuna,400.0
18.78728419727862,2061.539100828091,85.48864141875362,5.192264179636631,308.71603826913906,3.0,Nuwara_Eliya,400.0
27.970754275838086,1943.4359737421298,74.70783594146015,4.766012288735834,204.03185134532873,6.1774953283473035,Low_Country,470.98920053326884
20.915505595829725,1350.3918182770879,82.75115121589086,5.093203378897479,223.13771058076622,4.325903735892157,Nuwara_Eliya,400.0
21.914530822606256,2116.393371470082,64.54470514325946,4.433658014538133,224.63177339408276,6.256780715618494,Kandy,522.4929011257369
19.011153283408706,1621.6180114920369,74.73739206730149,4.635704663451483,185.72525806629943,4.285586180425177,Nuwara_Eliya,400.0
12.303038958908234,1000.0,68.75489544911423,5.686221998959005,295.69793681889917,4.222572088160888,Nuwara_Eliya,400.0
25.536181585444197,2597.296110256865,82.4698084010471,5.636393707234805,361.2514876759966,8.407401752630854,Ruhuna,1760.582818933914
24.947375588369734,2479.192909921021,75.31491562261996,5.381502142403039,287.6010928997329,7.6041710821862845,Kandy,1133.3648766787337
20.874689771527148,2025.83048842554,81.90073676336613,4.339461239519766,258.2705596969676,5.993786122583768,Kandy,626.6851255231538
22.267962868899488,2114.5373441028514,85.87710426157867,5.020798212243556,171.08476007206028,6.277152975373536,Sabaragamuwa,645.9718520406418
24.0637568708164,2537.1590063577805,81.91618575121389,4.587500055669975,291.3460212659561,5.628125961385487,Ruhuna,835.6844822323949
15.74981657245383,2112.1698283890414,77.73118434293644,5.788266626893883,422.5079705383439,6.854814563969285,Sabaragamuwa,993.0124741461136
19.88378929061482,2452.008777380657,65.01787741488594,4.9081389332187,219.5444300963926,4.985918450176793,Uda_Pussellawa,414.81010425178783
25.17705871848731,1851.258899563075,74.97213889333099,4.657126144609226,219.9213136518507,7.490610394301936,Low_Country,612.4087165068731
16.982842307323004,2655.9918692869733,69.66909597984167,5.214898082560713,205.11286952152022,5.620369738478834,Low_Country,539.7538582032502
23.174231728666516,2160.392862966342,71.55936043295773,4.879922771582694,210.84686124044637,5.370229506253157,Uda_Pussellawa,410.2543511641112
16.57367278150638,2097.025971802937,71.2546584924975,5.9418719551018535,100.0,6.032569527727264,Low_Country,400.0
23.865719929734105,1364.969455643984,65.20074425217756,4.832594551232905,282.40283086845704,5.113279755111584,Low_Country,401.19147193093744
21.857434070810065,2143.477927150854,55.426614108660104,4.500385870387684,182.3558258916309,6.493023524244724,Ruhuna,401.0743369296968
15.539472736377963,1584.0225412527743,68.31856951672233,4.123543242121242,121.178950496656,5.1939561160299,Nuwara_Eliya,400.0
26.658957417828685,1680.858636735753,76.93379451924159,5.184606748793293,310.2551959786039,6.702785404228254,Uva,645.6761301671922
19.061633692807803,1592.3121858419395,61.5182295457251,4.919034943071037,163.4385771966451,7.824009808367215,Uda_Pussellawa,400.0
18.758990251942475,1466.8825340503874,75.15682236471625,4.485547696744137,222.90647568929938,4.921017469787739,Uda_Pussellawa,400.0
22.80227678892377,3062.3857015084805,94.00268424310966,5.794613230627893,367.3153912950864,5.804136814057243,Ruhuna,1524.295763026029
26.59454939771486,2665.6695309942015,85.23056555252239,5.533622573714621,137.26273615803893,6.691996069553133,Sabaragamuwa,522.0404789164406
17.936712724086412,2960.1837510721307,91.4354150912053,5.185891060531385,127.39214123217904,5.3462139675278895,Ruhuna,468.5194479284496
22.246719399391885,1388.552490222218,78.91127876932727,5.882163122085434,271.54449516498704,6.696480841239998,Uva,526.6534024303797
23.71526600132229,2035.6268749554463,86.67509822986446,5.531268016699307,341.9589891208295,6.83309829097761,Uva,1085.2170384658868
24.772422429052575,1353.246187397952,67.76035269532213,4.788572049240784,124.05266258144296,7.624892664441456,Low_Country,400.0
22.705766221108902,1652.1525614014681,68.55659732978016,4.680389918004617,282.6151789469742,5.091014930872632,Kandy,470.448252731004
20.53188864366671,1540.9365082917125,50.0,5.608990772226931,296.4799631969354,4.585837139654288,Low_Country,400.0
18.68963911740512,2619.7920032207808,86.86145474042299,5.398183478233675,100.0,5.538633915654384,Ruhuna,400.0
22.344575532185498,1801.88516094912,90.40323979819885,5.284873883985331,313.8801070325776,4.54837149067935,Uda_Pussellawa,652.1094075254166
17.71144395205757,2534.189666847008,69.4682275465273,4.776751098565547,320.12847038737436,6.846747306071245,Sabaragamuwa,985.6330052387407
10.31459806602157,2302.0604447942587,72.46048293602765,5.503973783502877,225.05715413951802,4.257373049735383,Low_Country,400.0
23.74623921663067,3151.8193760523945,67.46137886309039,4.8222505584330255,350.18770898384065,9.499524627379031,Sabaragamuwa,1700.7954084121534
25.61573936434478,1260.2778884301379,78.82653551477492,5.149006672703162,340.9164459459876,7.943891792360626,Low_Country,888.1376889589955
12.548270257832646,2629.6166198933997,86.24932545303241,5.92347207319349,258.2494340573764,6.018863654400471,Low_Country,499.1134457486442
17.96107718116025,2573.2204352003637,57.57228026118959,4.869582882094927,213.8843687740053,7.3010917394969645,Dimbula,513.5811282151071
24.47661704402079,1513.3105809864828,79.09438530642252,4.41350537146357,172.17376859336343,3.544797203533813,Dimbula,400.0
30.229981878846793,2503.56666823658,72.23328228280855,4.673726404064945,246.9949192507047,9.785059997099337,Low_Country,797.1781148281749
22.083174830701633,2168.0724815131143,76.13394391966689,5.697149413343812,295.58071357633435,5.114678081699266,Nuwara_Eliya,559.5547484519238
19.08798823508346,1886.261870023296,79.58994001674291,5.327365568690105,224.0658511167487,5.819253879150961,Uda_Pussellawa,505.2645210796601
21.26841423558064,1588.0322565140002,73.11797561227179,5.135561310655623,100.0,3.216100069217345,Low_Country,400.0
27.49950567659274,1640.445274275407,73.96413146594219,4.945453097344215,351.4971115661256,6.729430957111342,Dimbula,661.9692353308354
19.41614328350186,3024.906047892963,72.86124832445361,5.4426799537765955,265.2178577475915,4.340483764384336,Sabaragamuwa,603.3959488253503
18.803231973398987,2000.3414094787413,84.70316201788282,4.775447574504889,219.6300402658533,6.152483642349043,Uda_Pussellawa,477.0213616059849
20.069025911271872,2391.0650007657296,79.18759960127497,5.352832784321298,318.5726710738631,5.183588350613193,Ruhuna,1095.3886258755485
18.18668556696515,1604.5503091662235,77.2058353773736,4.834372715593521,371.9710877186205,4.383384097604485,Uda_Pussellawa,403.37087467989886
22.490681263979184,1610.0735268891806,62.290482789077174,4.751170307362473,100.0,4.793457747356074,Dimbula,400.0
28.49871383387824,2540.992404624971,71.21420256786845,4.881256282587494,284.74109199376574,6.3386820511282815,Sabaragamuwa,695.3178207045219
23.292317092464117,1325.211894224234,83.98669160339175,5.012296276758019,135.86806313517224,4.077763540696763,Uda_Pussellawa,400.0
20.99058599149485,1792.3931160473642,75.37696573123922,5.175585082033148,289.92884054391527,4.876782493464635,Uva,560.8132480481015
20.832754924337824,2017.013705536116,81.59531469589139,5.3177278975555575,260.2341761899663,6.994910071896717,Nuwara_Eliya,808.0896455488858
15.747236765213373,2055.686300920026,92.66511800327633,4.0,300.858122115244,9.90371981231147,Kandy,867.0898644620281
25.532439108588637,1910.453357491922,85.38606069208817,4.796174721126618,210.0601908404276,6.716383229329507,Sabaragamuwa,584.7547030829378
21.68865121194879,2197.9098905479614,75.93158337699742,5.00421501132198,100.14079105446785,4.624107536734069,Dimbula,400.0
21.2780803456375,2346.427877908906,69.89010829804273,5.952531019304165,213.97054469946656,5.449328744891534,Ruhuna,535.8737857536187
34.77243027137944,2367.318772729665,50.0,4.659998695808934,282.54781081118267,6.047383509228867,Kandy,400.0
23.195011633462745,1507.0980956660867,73.31615077527148,5.2813983090499566,331.23138629401785,5.475862574046439,Nuwara_Eliya,501.42210380492094
18.992835799619264,1857.9224510356014,71.73987504183151,5.947515154867919,156.25349596219797,7.3545872501054,Sabaragamuwa,400.0
20.294569615177828,2597.381430938469,78.90366194395375,4.5435157350263635,332.1648341498414,6.326210224521337,Low_Country,1168.7229395596669
26.59378283678702,2447.3235937869363,73.46094773025312,5.396987612932201,198.17021682827828,7.361778577364805,Sabaragamuwa,663.913071228956
22.45308164215106,1313.570274259468,71.79614940563205,4.79886408303274,278.9959905275621,5.528334314553556,Uva,400.0
16.246888086730532,2175.739950176101,57.2060106949278,4.947683128855383,209.20848377074938,7.988250329581885,Uva,440.7125308612799
25.676915738300814,1010.8873753125948,65.60032170849934,4.798444583023343,264.57365021696813,5.750271623577682,Uva,400.0
19.327423657844022,2023.4674510301847,79.76651040800557,4.834071345792057,321.35021076562197,4.543215196293012,Uva,572.2398022362426
29.49319110487018,2948.8835083729887,92.15907631132694,6.560956073953246,151.83887381691713,9.265980571563333,Dimbula,400.0
26.320192262858594,1526.0536413655068,74.02474616254376,5.622227936035833,195.6075282602535,3.2625333795583247,Sabaragamuwa,400.0
20.210712417364995,1582.838477254209,78.27811073574124,5.7508689308931045,264.79700698736696,4.891891912042609,Dimbula,431.871795430903
27.124065446940453,2382.0148907864295,84.52478156952806,5.445996743418248,442.1266928824282,5.059458222254408,Uda_Pussellawa,856.9781526882514
22.271422042109613,1228.599242395177,66.8910606379975,4.396871605799021,180.94482302665375,9.762459409584846,Ruhuna,402.2106347528004
25.411094700488878,1683.6224850574804,78.66814043285443,5.397478985161654,413.2107108797535,8.710288326219768,Uda_Pussellawa,1049.726733668392
23.9389312691779,2298.2205687908763,67.59509893667841,5.7364648072536735,410.35386429401365,8.240892215463298,Ruhuna,1464.6842309941449
18.614573380036507,1682.8570761552985,83.64824438491011,4.773300262980444,242.2151079438727,5.504012006435502,Nuwara_Eliya,400.0
19.42580067073015,1882.015006394514,76.51403047951733,5.682663333580564,226.14779790400797,9.639267005762662,Low_Country,909.0585363496169
26.119843270324644,2372.092855157517,77.9845181398144,5.5521681049270395,194.63478410682467,6.552528005761457,Uda_Pussellawa,541.3460178685964
20.660898671573836,2210.7730417682806,67.1740140258141,6.126020022406835,244.54379757338648,7.465895055454683,Nuwara_Eliya,488.68998251500255
20.385406147032015,2133.409198147701,82.07032359610785,4.991108493743191,137.46244539523536,6.26954307165931,Low_Country,501.25978237550373
18.17950968260259,1830.4388603649807,95.0,4.651194508862137,243.9008786143522,5.925800143015123,Nuwara_Eliya,456.5410496218353
23.694396262373843,2185.0305576344776,64.92088304571794,5.019185945313727,369.75042190806846,5.622331989110431,Nuwara_Eliya,762.5165533882246
30.25009967697258,1938.1336599501217,71.60240992352476,5.9177854965818115,201.11319500186258,5.685540009871256,Uva,400.0
17.729868342982908,2228.9028049628923,77.31607474168092,4.285797059579019,230.74205568087595,6.912737473017119,Kandy,516.3467744412262
22.09687782669103,1751.5339874410108,82.86406211995816,4.165812142284484,113.90876205862065,6.5507996981630825,Kandy,400.0
27.648882221661715,1908.7155128102295,69.40453714710532,5.244697639465807,279.9249670504835,5.952792944694474,Dimbula,545.2712824534642
21.681434435017138,1505.021103723993,50.0,4.978705353612922,271.1585347961099,8.264285989048282,Nuwara_Eliya,443.3725743910431
23.809487184998936,1982.496194996882,88.59189494164025,5.203863946587843,255.09618878126167,3.0,Uva,450.3592491836193
17.750425887412483,1594.4995681855776,82.60506119584143,5.6726558856179325,232.65383598222854,6.764830871881792,Uda_Pussellawa,414.36310274137935
23.713228388830593,1442.9767749190032,57.57052469513335,4.923715326940574,226.57936649820363,7.0766080599884695,Uda_Pussellawa,400.0
21.251422939981804,2129.330573927694,68.92431208220444,4.26349708453469,290.15201869605374,7.720444302382754,Dimbula,740.8814932616507
25.942919982719452,2106.3698879288304,90.68182429527326,6.222240778599972,247.69467187291013,5.902692838419958,Dimbula,481.3334541879964
26.749544206259003,2391.4368674742864,89.47796418457867,4.701385856280612,275.19774972442656,6.3118801010759364,Nuwara_Eliya,717.5846032778109
32.35825456807446,1784.4372152124504,84.38640022678945,4.670481438993951,267.1986253963638,7.478922574972081,Low_Country,497.4314311648879
24.3185326928543,2204.026423418378,73.23887566040138,5.751860006861298,339.87418296766094,8.23674960642027,Nuwara_Eliya,983.8353878234631
23.303185266328665,2275.3987861368314,75.8298741881251,5.007755439479241,304.15952779000435,5.549196022231848,Low_Country,1093.8969183169538
22.777537206309344,2222.3869039157976,73.69074194873873,5.168305073982594,265.4289474520152,6.40046367469134,Uda_Pussellawa,771.1350382933933
20.587334828757246,1587.173158598929,86.28239783268837,5.441395062030159,371.47376245217436,8.517860946523136,Uda_Pussellawa,1050.0401390609509
23.353935373846763,2074.6817411355946,66.2415759350489,5.741791551554998,283.6214823245249,3.0,Uda_Pussellawa,400.0
20.818394359443882,2182.0701480273306,66.94200345115796,5.033269653409114,354.3970151032335,4.964981100278122,Uda_Pussellawa,650.0957153788278
22.673843905078456,2003.589233453971,85.10274586836016,5.95997600295715,298.555408670931,8.198753967904445,Kandy,1084.3793376369845
27.27039014243184,1000.0,74.55638544488438,4.132100075632597,102.64647368547656,7.638806750412455,Nuwara_Eliya,400.0
17.973829738881435,2080.24481198674,88.78467355453807,5.579893618476539,354.38678106554636,6.783667816390041,Nuwara_Eliya,877.4788919897003
26.55951424451618,3106.265519698621,68.28487793019454,4.7802362209911715,260.8140993074135,5.32710469033632,Uda_Pussellawa,453.3492731901013
27.268460269359462,1819.9803656215086,74.45221639661175,5.886135658303996,245.84361832793778,4.67727225152187,Uva,400.0
21.527725892035686,1635.9614510723395,65.77587015156047,5.271022239415273,272.50786779916615,5.11317657113644,Uda_Pussellawa,442.46304800266876
13.512580403965622,2186.6742798556993,75.07362681423567,4.8635473339952995,222.4013470434346,8.322012331228038,Ruhuna,571.7964816991749
19.56871205162227,2156.1891052332858,60.21453063001201,5.531420546510817,268.16230883111564,5.05733596626698,Sabaragamuwa,451.9970689316655
27.187978186244436,2596.367582708207,70.12366579045037,5.646594173603626,202.6499146925526,6.1521344463594865,Sabaragamuwa,499.59688495409887
21.90852775080447,1371.0659220455561,60.63746135071882,5.520947061429319,351.9417806987496,4.869438532707381,Dimbula,458.85408018728725
18.002791070820358,2365.6901262874962,81.93923233191258,4.68515188018347,240.91295091031597,7.2641610451485406,Ruhuna,875.6887738778839
19.98090031508713,2295.211030625732,82.16589339759652,4.957991438188958,219.39329258220533,5.191910579480338,Uva,572.8841181535703
25.36248010601821,1928.926731529727,57.697372695156545,5.197963581439283,176.0059347424581,5.853609164768379,Dimbula,400.0
24.186934272805516,2169.343658960845,88.33885745500572,5.17937017367497,271.5020631318913,3.4749268004357616,Sabaragamuwa,604.7842913509504
21.044271603321224,2514.7287407991785,95.0,5.574872737719174,264.96856801000735,3.5799476456925903,Uva,604.9360496861144
20.53270235274125,2436.1576900142254,75.46006386736342,4.192549383746696,281.0739690942005,6.011509789982259,Dimbula,646.1118744899345
20.432967403824712,1428.4903439631357,68.58885739775356,5.367163527276752,167.81984899958968,4.012264267203357,Uda_Pussellawa,400.0
18.31035926200599,2410.079093377742,95.0,5.055009322781681,121.90550409507415,9.157629959001753,Low_Country,761.7257186592483
28.461502757877767,1967.6556974837408,61.8103150169749,4.780749691808024,300.04730420052476,3.0,Uda_Pussellawa,400.0
20.710718123154642,2036.4370490077577,75.20106466869099,4.8287566111152005,368.7713489501206,4.799737052003843,Uva,741.8695678802166
26.868634083301984,2036.5984955008473,76.79622272631923,5.092731167741018,167.89171020880832,6.025051300901326,Dimbula,400.0
28.085264207689804,1924.87850560087,88.45147620452414,4.0,377.15530268493586,5.452300593306323,Kandy,517.2943453087464
25.993243592591842,2595.8537485535326,78.59738975126788,4.849355214604225,272.71288469891044,4.343781815004121,Uva,551.7151217350707
20.273518749127806,1958.141020075394,70.01366104211549,4.762092587676854,249.43496763593362,4.5631082407570975,Low_Country,483.8490985012584
23.61492036134644,1440.2269358084156,65.48815629612044,5.466391604661312,218.19610427633776,4.514018883751142,Uva,400.0
21.903217574436336,1803.2350720151355,71.58178179753864,4.79723665874474,139.23855844600027,5.569917457769906,Low_Country,400.0
18.38519255707949,2089.3473584052376,64.93072639054856,5.092443099914755,329.018281273968,8.927893634276135,Ruhuna,1147.7356072479529
23.29743712688641,2614.6073921485254,75.47825319784683,5.971138313830651,187.95149108499174,6.116905944837314,Nuwara_Eliya,423.57081261037143
17.28384083536079,2301.547342474417,69.35803820139513,5.6971757599077115,187.61546594099198,7.774350734081286,Uva,513.9459133104401
26.750717553846254,1574.732360626478,60.059622067102495,5.651135699971727,329.3541047909564,6.7604645187422125,Kandy,461.4783137659906
20.14153081080643,3242.594958339446,87.55145788374904,4.950063784794574,100.0,7.670793596973331,Uda_Pussellawa,400.0
22.804638623491357,2132.38765548899,70.0232747657096,5.471516139644827,128.11217514654666,3.0,Dimbula,400.0
23.13315148618457,2637.6953689995075,62.318631950246875,5.083051099773203,248.54926051935345,5.543312968277656,Nuwara_Eliya,510.83611745200017
20.96438010518369,1924.1427832113854,73.31740865512458,5.101953394661531,273.46275432038817,7.960703134726071,Dimbula,919.8820764185181
24.3467752059011,2266.6796223527244,75.6837156596766,5.404842671873275,288.7787718375139,5.142396265875999,Uda_Pussellawa,586.7903970379459
20.1003853735099,2419.7342522592025,57.53533274420967,4.901503205789534,225.85612052829978,8.643709747304419,Uva,745.2065025239535
25.485189189828976,2609.097355877128,78.31647667125763,5.946501552221602,452.4295734913352,8.225835230651642,Ruhuna,1678.4468706766881
16.616081279013006,2528.6841526891126,64.52842431309736,5.1199349302010315,231.76859529873326,5.2963039258088065,Kandy,466.41316135172264
22.505518318185647,2436.098500036489,92.11028809190788,5.509180283129833,231.53710783178224,5.245254721430465,Nuwara_Eliya,670.8014350790303
29.75571599623314,1842.4566344029456,80.23960512076735,5.927800239628649,186.2410664948898,4.479591236468297,Kandy,400.0
17.998674701577702,1714.1269790219694,71.00100009890683,5.715826887287587,259.9125453216857,5.055608652204303,Low_Country,407.8857344559234
19.289020117900595,2166.3037551620987,67.5483222968265,4.495540448654738,299.19689856374197,4.151116403746627,Sabaragamuwa,400.35723907683973
24.05563139863566,2466.5640361705346,73.95032292436376,5.422447947504942,346.2862443626768,6.643216770649508,Kandy,1238.845592054453
22.718327127758393,1888.6396496116965,81.1279074158329,5.625359697230324,130.85725884478256,3.81593025998035,Kandy,400.0
23.402520397094236,2532.5859828571934,74.745058714148,5.6459315110803745,230.32037293154394,6.905599524285333,Kandy,778.0481750284131
23.956748520590654,2726.3083727430894,72.82841192863144,4.6433525829426845,285.73628886473153,6.942118045350373,Uda_Pussellawa,782.9133519429369
24.53888587424708,1541.8395404632902,75.58370290817895,4.871482381491338,296.96460276756284,3.508193392224116,Kandy,400.0
26.438799367824892,1581.5396481018602,68.96141068763045,5.697279117870811,250.52389262436313,8.324727909492509,Ruhuna,500.3436227036198
23.63927462771405,1929.8124705473317,71.56794073156962,4.819119814658677,293.39391756256816,6.770413941622833,Kandy,759.6762323841729
21.03496938152583,2153.8063340945982,54.14207561094996,5.050151971667843,185.28288856593596,7.124547032167303,Uda_Pussellawa,462.2529136794101
24.690294804810925,1737.7164931164746,84.73726230852368,5.987937904750985,374.63243458546856,4.862002197685841,Low_Country,713.0113860222889
29.599527739580864,2676.1013394335723,77.98797780321762,5.176100374807605,329.41024823835437,6.933568677709678,Dimbula,938.4795099153183
21.469465014469705,2212.0334307592257,67.2654415596657,4.836612931083079,142.4057770347862,7.689590174583098,Uda_Pussellawa,439.2123942235065
18.101882781317435,2019.7235241203698,93.98734981355238,4.761191321568548,163.99175615065957,5.852087401492984,Sabaragamuwa,462.5029152409417
26.42832267714789,1282.0452380657362,75.87016480392387,5.366359664792594,166.24625999144752,9.002883688872542,Sabaragamuwa,410.8499893116824
21.518475344185607,1342.0920917862463,64.63856428024803,4.533425995761395,304.23759767172226,6.066096952369406,Ruhuna,479.5951107001958
13.309321815943855,2140.504625140903,83.56737421470459,5.076332018051791,147.22177868660262,7.711178700678712,Low_Country,457.63569386572857
25.389686708601687,1000.0,78.98048216509262,5.366615267495011,223.51805326335355,6.4395132108879825,Ruhuna,400.0
19.85868725618431,2506.318704822036,78.94579985484219,5.849574910273834,286.37635171334193,6.878282299285302,Uva,877.8111497186944
21.637866870783355,1920.9230778138399,70.7424439534841,5.533774040184998,244.70672523628522,3.493001598547842,Uda_Pussellawa,400.0
23.327921322276058,3500.0,79.50495723778035,4.842967441008911,270.71100125701645,6.556580607323045,Dimbula,962.318584787805
22.761998719116267,3153.958125308055,72.38241709778906,5.789209658781861,164.73578309209933,4.897537348114101,Uva,400.0
24.83780726855616,1909.2754653762415,80.55941451645842,5.050242481226261,297.58834987177954,4.7304025413334685,Uva,565.150684464847
20.258054517720627,1946.8314987343424,55.95055545989361,4.582148488975296,200.94304860192028,8.616154776698968,Nuwara_Eliya,400.0
24.05242319270433,2497.7907570010148,70.66126537020811,5.113979320367264,224.0304260481647,5.6793446279064765,Kandy,640.0138108499548
20.96181328966433,2851.586304959019,92.22155097808195,5.919084600572851,269.0185382324789,4.495047253536756,Uva,626.8585170377557
24.955241923550012,1180.9854712819915,67.329325445997,5.282620025032463,258.2462577224679,5.461302557836688,Uva,400.0
24.461469936052215,1106.8122673226567,68.96161702506814,5.206260932164893,251.91840152124743,4.049324656617129,Ruhuna,400.0
18.25824519182162,1688.9825972228093,70.52038661550024,6.018605822351427,189.94985424185955,8.150826702294404,Dimbula,400.0
26.343928464700127,2291.3687915869323,62.85193864111356,4.4843225764727865,226.03604710406464,4.956478883750227,Uva,400.0
19.85614621954381,2248.4367952537987,52.91719223771748,4.557200442973614,250.17468726696288,6.7939499009155035,Low_Country,612.5486561586603
25.23223119312458,2534.885727491925,72.69413601476387,4.392076764516585,139.9931813466332,8.034160071315487,Sabaragamuwa,464.4490214314195
23.469149253605362,1400.1512358173459,76.35859424081657,5.386324093240027,212.99736269492968,5.2497709781779065,Dimbula,400.0
29.35273470718049,1000.0,74.47494931461348,5.2832465635575625,281.0143903226277,6.798033648409179,Kandy,400.0
21.10613607051259,2429.007097651073,73.55121438052113,5.971368183639888,147.8050716923726,4.454870917643355,Sabaragamuwa,400.0
20.60273281552721,1585.9018635173827,75.43040870850388,5.321737538568385,342.5265321275392,9.668654353670526,Ruhuna,1426.7573751517812
21.922321576449068,1000.0,85.22841471550764,4.997921420260349,351.56906100798744,7.404570201924933,Low_Country,885.3345121844856
20.787280868662897,2072.531872979691,73.09553814070783,5.200897436439054,150.38795392319315,5.711090341858791,Sabaragamuwa,481.0299722906704
25.1997676077682,2396.5878441093387,69.2591742291273,5.258853709230479,358.6095706440111,4.840749403666554,Nuwara_Eliya,679.3823091757168
15.53475756625365,1938.9714339393613,72.18874515111914,4.3641193633359165,238.51347290302925,5.829005170740561,Nuwara_Eliya,400.0
17.785270323414583,1771.0758069087553,80.79346759756775,6.555165822167447,283.48116473256437,5.490024416472721,Kandy,400.0
17.72878831368323,1920.3188839270467,89.1202687854325,5.459935509050956,210.26791582974028,8.92941683099926,Kandy,798.6071832404768
25.801230367894302,1814.7086187996085,68.71856260830822,5.305004154011295,323.843586178141,4.161697916677647,Sabaragamuwa,477.0654738197033
28.8424534903277,1325.9764440299164,75.98933787028884,5.50758199213929,282.48752150789335,6.202202134935305,Ruhuna,400.0
21.582203125850114,1642.659661504784,78.38357441935959,5.554705490293303,184.86773947219172,5.972492900049435,Low_Country,519.1362361553033
21.32471310723996,2260.6399525069073,65.07421993271177,5.129723257248784,156.7838400027769,5.823884549482695,Ruhuna,504.94603607895215
22.280208652452725,2160.83927068825,75.20417167212918,4.88437943187965,133.17580518326218,5.837075017592486,Low_Country,445.8998146202234
26.647513210432763,2084.02990298341,60.34326142657905,5.499725343160852,265.0353421146205,5.825893784819275,Uda_Pussellawa,400.0
18.290587463237703,1502.4257590733102,57.30949696260601,5.392855420265726,295.7977129423789,7.30959909949815,Uva,478.795645718376
22.953475930939142,1909.2484189321665,78.66746407892256,4.795054950455296,302.0772543023553,6.913476669738653,Uva,821.7668177862569
25.900790519129718,1000.0,71.16125258669217,5.909517805683632,240.56151243140977,6.62836741705918,Low_Country,400.0
24.004376679759382,2089.238331942695,77.0228040762122,5.346676018161492,157.44028354685088,3.0,Uva,400.0
22.758326466394973,2714.428853906784,74.8210502299165,5.564909681133815,195.43401615809736,6.449692311244746,Dimbula,671.1352814499463
26.004184370268565,1262.9339339789472,65.23599951336203,5.89596044383996,342.18789111695406,3.5165409597448765,Uda_Pussellawa,400.0
11.187070828003051,1707.0361633411223,74.54745698035663,5.210944410582417,211.22971483199348,6.969480244703738,Sabaragamuwa,400.0
24.71150127812363,2164.5533893550646,62.668986949851444,5.358476003492058,261.4734104545181,8.211746051355771,Uva,803.3154308265789
19.383697267490305,2626.421317213742,88.909723580014,5.605013619253058,163.947961314009,4.610641331117174,Dimbula,443.432859826761
14.677468412574171,1775.8876918499252,61.440296551400365,4.837569458099974,276.9266436367228,5.6073289164859395,Low_Country,400.0
24.044810398099923,1653.874835367052,73.04214729031419,5.227025831423001,213.38523506567378,5.100966442420504,Low_Country,485.81800908175666
27.49463418065183,1015.5384287919584,64.57728411952752,5.262774293325574,333.7370171020611,7.853147663635201,Dimbula,421.12013612917934
21.450205941489234,2051.719064654053,80.70421173360796,4.721970724158303,311.88461649654505,6.14254182790811,Nuwara_Eliya,761.9424494905646
25.811498188811754,3021.038020071872,71.68568628718498,6.358818394336939,210.34352427400802,8.5924940708495,Dimbula,520.397404419704
28.44911303195458,2138.679230982338,69.8133328037879,4.496353278253799,239.86687781218694,6.620631304421082,Kandy,421.2269625996098
27.25965781433619,1988.8605104081435,83.53201545051554,4.550948048156421,205.9107007967497,6.363675270953729,Ruhuna,482.34157307954723
28.55985811748557,2161.041155383493,75.29430591677553,5.8571132878517895,136.44534427639923,6.102310173904255,Dimbula,400.0
24.96850996428757,1994.4539980256989,80.16644445935967,5.556633125398271,181.40460563622267,7.226988148886005,Kandy,585.9038609524245
22.30173455560637,1593.4928138699352,65.18674063482536,4.687017591259611,265.85738621766563,3.3934707026319852,Kandy,400.0
15.592136752411326,2411.6399578388528,60.95183056072493,5.503644507550846,276.02075985836655,6.128015933280765,Nuwara_Eliya,402.86935969411036
21.015750047480207,2112.880761555877,76.07207962040134,5.933925222498655,261.8838322874111,5.894930334408053,Sabaragamuwa,602.3556115039111
18.627013618735234,2008.8066259668287,71.81153644505268,5.184868471201507,225.86135568330914,7.0881282407366495,Nuwara_Eliya,581.7062720299961
30.683770869991257,1512.316986360875,81.26434672453944,6.499411450037291,324.64532845767883,5.718447591188944,Low_Country,400.0
21.296456750270654,2651.7539659673794,74.20091547337451,4.337969094565983,255.083352364875,4.441898348755995,Low_Country,552.4233450061149
22.492819227137943,2332.351372666555,77.0507533923463,5.546911726929551,306.26030624767577,6.011026012379549,Dimbula,1050.2815407329658
24.20594150416187,1723.539581316349,58.76617470058757,5.7832641681105015,108.09798942379851,4.375739206697485,Nuwara_Eliya,400.0
22.174409785489814,2500.9124268409687,93.88436939614257,5.645671950802623,100.0,3.112106681118772,Nuwara_Eliya,400.0
28.780204161723013,1751.2145808073965,73.35758014967968,5.097822136677176,272.7030422270464,7.090683722228239,Sabaragamuwa,577.8926016088706
19.50940255306219,1608.9982537444816,81.975869703392,5.054779258994426,136.01874770228085,6.868592359042006,Ruhuna,400.0
22.778429820948972,1620.1484412598566,66.63908329780374,5.422072585543629,233.00386378295553,6.7006364159903615,Uva,493.8506163769269
19.030117657207807,1114.4657234559545,78.08009902217341,5.607877243326035,225.83223671803154,7.954392632918717,Low_Country,448.68356410939737
16.719909955117178,2235.7711902091028,61.97155236475255,5.501236718141182,376.99204819324297,5.0024521645441125,Dimbula,610.4366305806528
19.552923636378857,1084.4275608308249,79.52067838259671,5.720028945396695,281.99972423548854,3.8533287858431176,Low_Country,400.0
21.851852811806353,1385.7780843671187,71.44025915614168,4.690565021466632,263.2687221438938,5.894955334787933,Sabaragamuwa,422.58660509508115
20.28279110193096,1000.0,75.29190503935567,5.086114510438183,316.9592923706939,5.478749550441134,Dimbula,400.0
19.230316080504576,1956.9651536045535,81.97974030130098,4.729992033938123,279.4798069471231,4.736556424844897,Low_Country,582.18359192773
16.374730145312665,1924.839769864064,62.6745968877972,5.006943611956929,213.38584056092535,5.880226269768306,Dimbula,400.0
21.667577709485222,1836.651893406818,68.15508269387203,5.707610445907153,335.7180744203648,5.082592280693123,Nuwara_Eliya,468.98359297866324
15.98111850387599,1478.7111526647118,79.57324281086765,5.253991960362614,161.21998976893806,3.2459920749647533,Ruhuna,400.0
25.04022385475841,1413.8831232816801,95.0,6.503429581574885,275.85977500268496,5.338234963809359,Nuwara_Eliya,400.0
22.329759011738012,2232.184931773287,73.61917665338518,5.296703183594858,126.1944164690951,4.295437249944214,Kandy,400.0
16.16979400214028,1724.7240341457561,80.91136117923932,5.229845940289868,266.3155086012796,6.347472107416384,Uda_Pussellawa,498.6348482576175
20.763163691800546,2158.1791607680725,73.9302853014152,5.253091459720109,265.43917134183437,5.015947862639018,Uda_Pussellawa,602.4717253596533
18.99137437763767,1557.3756569378888,94.422455947563,4.881095653570032,384.116396953173,7.667447211211577,Sabaragamuwa,1143.2805691605595
23.27669804167672,2090.531371385541,57.52778333034745,5.171081693811203,124.80208852465765,8.405799100901799,Uda_Pussellawa,400.0
27.361801784092577,2651.639018658032,75.94621044669358,5.763894013555823,201.92902593169498,7.0190720595178595,Sabaragamuwa,472.3123403096635
14.499310121417022,2293.0829001963916,58.744559664379395,5.256985334063886,315.81459412593154,3.67346072702502,Uva,400.0
22.460104316589668,1793.79309089176,50.0,4.8032701350582645,276.8253805117846,8.25779399831856,Nuwara_Eliya,489.16206078857186
21.35946881773344,2128.5994851779637,77.97462053117816,4.737457689760682,264.42440410700027,8.363580675560648,Low_Country,1156.6004952929832
24.68536030580186,1879.6674127348936,76.3949779614746,4.974899054167079,173.50914376331684,6.028185766961911,Kandy,436.3232870617288
22.852786512950757,2003.940092347364,72.15163062257798,5.23693171720544,202.73453215268566,7.9843892405032975,Kandy,836.7283247775097
18.992122673044722,1837.1944739257483,73.93805909960247,5.796793267738131,349.6032806578605,5.172487292929983,Uda_Pussellawa,485.7186236481532
20.723784257333527,1917.8323970573044,95.0,4.529755679316782,245.87926449968577,3.2006310977256156,Ruhuna,400.0
18.815896572786045,2106.0466765370875,72.41824861968566,5.040086861055622,280.0287756915579,4.859573342067609,Uva,555.2195276668056
26.304028554394392,1503.3206502090247,80.10124361250075,5.272155009717539,240.78493369788168,8.593951299067134,Sabaragamuwa,657.3011604507149
22.085246594687767,1492.0605865050109,68.5063518038612,4.283147116185283,155.3531587800188,3.7633801145827896,Uva,400.0
29.60476274301203,1305.7287230843945,77.95232575040603,4.783200858516797,324.7048340859997,5.999281922897242,Uda_Pussellawa,400.0
21.757356744741518,1199.864447748145,72.61766324944382,4.860055730131907,290.2585907625997,6.051215840010318,Sabaragamuwa,496.25057873447327
19.16637293235815,1391.3586538897603,70.89481517270269,4.802014813074751,434.4509469893751,5.2305386340482825,Sabaragamuwa,557.9575632877005
15.945142429548692,2079.731253402065,93.18898532200325,5.295944772510824,168.7534896279564,5.3347176002443275,Uda_Pussellawa,400.0
14.787441294976219,1553.606242254058,86.7718496318434,5.119720195249101,315.80583369603846,6.108373701354304,Low_Country,660.3045461462871
15.663456227978042,2256.8072321155482,76.36746647399231,4.922356948699482,145.0764827170399,5.156756487097909,Nuwara_Eliya,400.0
23.068506604045933,2017.356874376281,51.95788064056033,5.4139813132763175,262.5877254138462,3.8669122542481036,Ruhuna,400.0
24.034900092919735,1015.7478932809731,71.3899077674743,6.061537358823125,328.1205271250532,6.322547914415184,Uva,400.0
15.675237191871467,2327.487792110845,95.0,6.019628258370876,100.0,7.610049873667458,Kandy,400.0
25.580153256304463,2405.399322795855,72.69338333360292,4.238614113968832,233.60540206067137,7.304358777980132,Uda_Pussellawa,540.9510737396203
20.067755793266244,1503.0686625825733,86.03217572053659,5.48853609191757,204.94322127659038,4.785396798915283,Nuwara_Eliya,400.0
22.587172047942197,2210.0957714474957,89.419424019526,5.110988354968081,193.84341613639026,4.123158126933486,Kandy,544.7684584075786
28.448882513021697,1571.7508812954006,77.18963915855976,5.277577671432678,280.81701218074835,5.573718176767832,Low_Country,453.2050815068979
25.587357263462128,2048.8351883741675,66.58178368131848,5.0008584832287255,339.6548565138076,8.351687264693496,Uva,1092.016233195601
20.92587740837667,1367.7507965225172,50.64687668217111,5.258794314943601,239.33770278166756,6.968397118439318,Uda_Pussellawa,400.0
18.43523109833885,1103.4467737327116,81.84163208608955,5.2757036980360095,266.4389142048016,7.05594701519135,Sabaragamuwa,478.4632912985215
13.39273839468278,1808.5914051935156,66.85243997176451,4.910524121325539,259.1447002447398,7.334785427678241,Low_Country,472.65021622035295
19.12338672303032,1938.1355268625819,76.76150451887692,4.75181622608741,250.14428050851313,6.631149843777879,Low_Country,782.4177247607765
21.155479044689223,1801.160153192698,62.50179660410636,4.9756521586902585,162.8525889830315,6.180912821420368,Ruhuna,424.7662183414226
18.051281891395263,1407.9847208887204,72.34762459529797,5.317129632228383,338.6755681378314,6.993460344971952,Uda_Pussellawa,557.2591700928855
21.474972131630782,1800.0504689344314,75.33719054901053,5.499498170842132,273.61562945270686,5.18075084367297,Low_Country,716.056164933963
22.30740753183507,2134.647376290367,77.68593581044298,5.626674488670074,281.5905192002062,3.878305482950519,Ruhuna,583.9595984833538
21.100576072767687,1977.5534849387316,63.85177812647586,4.9529049884665435,185.4792296779534,7.0844954019364845,Nuwara_Eliya,400.0
19.399989676706163,2091.250515299607,86.96910948761352,5.3419222836513685,213.26236816086075,7.856607158623838,Nuwara_Eliya,774.9300780682107
22.67461868786691,1664.9423997728836,69.03105215268029,5.681251295976649,235.90926418313774,4.322652090965953,Low_Country,400.0
23.767762598277635,2585.85895735808,58.255305395467545,5.782797447572064,127.27002452409188,7.23288222362385,Uva,400.0
17.638403690228614,1411.9133317226097,73.90976580036536,5.170583572934239,114.95725398418574,8.521148570082286,Ruhuna,400.0
27.64372951898508,2243.7801485433592,75.3437530902646,5.089534137530194,201.9401655489146,5.996630697364319,Uda_Pussellawa,434.17972264410093
21.60564747086295,2590.9455464799807,76.6058943317176,5.295562116918196,291.8016613153912,4.772996722887381,Nuwara_Eliya,757.8437187251677
22.075398491779392,2240.454046374448,88.6213240368508,4.625146263551297,197.74900880560472,6.184528010290133,Uda_Pussellawa,646.9750037208607
24.832857693026227,1898.737886467585,72.63551163264141,5.103195244482246,168.4955841927429,5.174199047698948,Uva,400.0
22.932864525054008,1735.8514766685105,73.80380375631229,5.572293199236565,184.82514774098638,5.074904835065397,Ruhuna,400.0
25.81254653565298,2518.043825523128,63.96815618766907,5.520973564721851,213.572606148375,6.649776100907314,Uda_Pussellawa,425.3022677921341
23.148496660807297,1288.5125373691635,83.20553502887897,5.064866197818056,221.6912829743917,3.594405787455157,Kandy,400.0
19.55025050143825,1514.9378698101782,76.84309064078103,5.308859100543583,423.2417161765245,3.8341066162616593,Uda_Pussellawa,465.0078265051535
23.446014100824407,1801.2211172541392,70.79972272705838,4.787674829854656,334.36965027898543,6.0289363205609146,Dimbula,750.504902470972
17.425095170717352,2618.826878755999,55.953253065345365,5.551746074112512,331.98192898253825,5.966537191631353,Dimbula,602.0413158075629
22.434238823106092,2189.883818020448,89.44412195055088,5.161089281931764,343.48642914187053,6.5153318655599035,Sabaragamuwa,1682.2058761042663
21.867080037422156,1515.9771207448773,62.72320035543943,5.0620242741519315,170.09433045327603,8.812838082725083,Uva,434.49621927081637
21.16753257090984,1844.846147307548,69.08721990630295,5.019138081953307,152.21083080102088,6.156771054113731,Uva,400.0
21.485849954244276,1692.8384279518527,78.58344511076004,5.168553066550071,161.45037667727547,6.897258225502192,Uva,471.08834712726997
14.472603818009443,1645.1055038832324,63.034420713833136,4.976061177534021,356.76049066702706,4.5367005965780525,Kandy,400.0
19.805100369036154,2489.4447792783894,60.064902217468564,5.529071518001282,206.2246568894007,7.1519064952748055,Ruhuna,661.1191997702737
22.37137960456446,1314.1284353682472,53.76052417299335,5.00235822599191,149.89150542085704,5.210413702333984,Kandy,400.0
22.6394255679896,2804.3904278671866,82.20996952905635,5.996482048013691,215.52030398241496,6.10713124887164,Sabaragamuwa,702.8263314033825
17.889299436296167,2414.1148450923115,69.54813755273678,5.932605251740691,230.91155746282982,5.836727062396258,Uda_Pussellawa,400.0
27.062831363458802,2545.430835301849,95.0,4.754228255072748,271.47306189556497,7.549461352371047,Low_Country,1162.694700481221
18.535300607142,1768.5302439873708,65.05644934369127,5.23485213471464,270.0760816569634,4.035035168437501,Nuwara_Eliya,400.0
25.877828802106947,1925.0296404604453,65.78548976571079,4.874671689331903,183.74555489011937,3.0,Ruhuna,400.0
23.70877744748674,1283.424092737644,69.34607029714599,5.036676218405694,304.8525114010969,5.6798509543681135,Dimbula,465.2655832705768
19.41509076062479,1737.6687964665985,77.43134655138489,6.2012137338223985,198.86451729998737,6.702796885357686,Dimbula,400.0
29.101243570438047,2246.8274238215754,70.2979666121469,5.046214291442101,237.49789306359656,6.22840406371125,Sabaragamuwa,513.8660326622547
17.22545267297408,2648.0315308906984,81.12332214002512,5.380113018538714,304.9419256402684,7.848306356120867,Low_Country,1356.121787639111
25.676616694440007,1446.4215915987743,65.21411610011346,5.47066064700414,198.6542876844527,6.656059011269503,Dimbula,400.0
26.002329272171913,1817.247031507367,61.18408281536419,4.69968531375838,204.451886113509,5.15422750221021,Sabaragamuwa,400.0
19.31751916369342,1924.350389883739,57.01785260590893,4.772452262795397,297.33344397545045,3.0,Uda_Pussellawa,400.0
27.569861200257314,1302.1053989037573,52.76425832062803,4.5969888142959405,181.38134587159846,5.644031648707172,Uda_Pussellawa,400.0
20.999813941604188,2295.6746208792,69.81930980524943,4.757014633051112,219.21663811167434,7.541938503386697,Uva,714.1267056377675
23.154774517119428,1638.0048341286954,71.99019687606778,4.0,294.4593742434314,5.4119283259993285,Nuwara_Eliya,400.0
23.041287355084883,1902.304824411488,68.68562972516817,5.472291200396814,414.327395314878,6.042480395516646,Uva,885.5338917375007
21.46276503411781,1774.0253140440611,87.43405797187162,6.2270969206280355,298.43236038101975,6.632040381460063,Uda_Pussellawa,514.6136280693481
25.24323309263913,1605.3307471401629,87.28030209608136,5.273910369518264,287.81118103920096,4.477061438625276,Kandy,489.81951960875006
25.173954882208854,1996.4775072597226,71.65197012555498,4.491865570329696,292.46412669381834,6.934853844958226,Uva,520.5678319575717
15.005872107047278,1892.1952107159889,57.060788868080365,4.878611808550026,164.14477807463606,8.455682685002559,Ruhuna,400.0
27.217360971512612,1814.071058860667,69.33294891944948,4.970561577487501,259.2477390943926,5.74077997215989,Uda_Pussellawa,400.0
15.350032047857303,1635.7691891598286,69.00178606082939,4.691207611393312,247.61868093308786,4.306403367251548,Uda_Pussellawa,400.0
26.13018481736663,2159.762335391478,68.42865037721941,5.630091319197579,275.7267632298205,5.900098459467039,Low_Country,676.455293659888
26.506820547310333,2826.8086342461424,68.02281096101756,5.605130022187667,259.32064419806966,3.0,Low_Country,400.0
17.636134279139206,2069.9436164195636,68.46537104275193,4.62227410309117,280.375974193369,6.505354895964924,Kandy,600.8457468646028
20.35674284818166,2498.0591074555646,71.1345838410224,5.562540522223754,225.08262440806388,6.678411566472868,Kandy,784.2967269093942
17.577181326056255,1304.8890374232687,68.64458901184443,5.963406331788633,254.6887133897434,8.513454440768344,Kandy,400.0
21.14031587884506,2078.8807196468847,77.08322508625592,6.15127910261478,151.77371471544063,5.709007811150062,Low_Country,400.0
20.767862863257037,1451.3158405144668,78.6036871590486,6.632606011542982,224.4074177597669,6.612728007219705,Nuwara_Eliya,400.0
25.118642129077358,1261.5375362340492,65.8935491281751,4.749003675278401,361.2666838541315,4.708067846421148,Ruhuna,401.7843593581581
27.24123498447843,1630.314296270482,87.71065326007033,6.612110213197601,275.50466717026046,5.465359319212382,Uda_Pussellawa,400.0
27.582735243159824,2595.949667206786,65.19937698159386,5.0228968057456065,248.32631700935386,3.7122218450067033,Kandy,400.0
19.751327893686792,2475.007914334823,58.82199386184663,4.903767272309743,401.68986210034774,5.707815568075147,Nuwara_Eliya,723.5688335764313
21.16311250502189,2121.5023610271996,78.80778071365052,5.363536187438923,141.13320173591367,5.542036269722153,Dimbula,400.0
15.2662472311162,1233.6497200550345,66.8259186558566,4.908969332953494,161.24355556430243,6.448799649133344,Ruhuna,400.0
18.776519734015245,1901.8596743060316,78.21291470757387,5.399522070323263,387.0169129021018,5.064604679501041,Sabaragamuwa,814.1201883727839
25.85940653238983,2150.850004450868,50.9633139889947,4.539961406131349,253.6768748839147,6.125018026462638,Sabaragamuwa,405.4564923812275
28.46233129419293,2087.768114789299,88.92455941483067,5.080623698968283,230.5933570968165,5.499929916588502,Low_Country,593.6229490099079
17.062604512480313,1078.103208259627,81.72293408040402,5.84279111718084,154.06365399234855,5.5027509175507285,Dimbula,400.0
19.630142963388423,1554.8410759900642,59.99523450836998,5.171469354284422,285.81570131160095,6.120543488944545,Dimbula,538.4009559264487
21.89437697216429,1967.9611179256417,60.21222876153715,5.2707978933699415,293.55678956219697,6.060784413475515,Uda_Pussellawa,597.0539682702247
23.120644635278428,2268.145454758595,91.72265904097527,5.437629302358656,162.44045113320828,7.141761058577458,Nuwara_Eliya,575.4320884383118
18.761585920313415,1000.0,67.62620096502042,5.78533081465883,238.77795315596575,5.819035448805248,Nuwara_Eliya,400.0
23.696244177856357,1918.9380122600708,66.65815151267375,4.372387643905284,223.15873343735473,5.475171976315496,Dimbula,400.0
20.104642611716336,2071.524384939476,52.33947905850717,5.492262025918717,270.4781717135017,5.728788832369161,Ruhuna,504.7968005357432
21.942190916486883,2424.8059942581067,71.49221794398446,5.065930430379119,160.4599806223485,4.928003824738511,Uva,443.2171851893034
24.185136992014797,2346.4287921187183,72.72280385164247,5.2833189476559195,350.1557963610526,5.460133359649992,Dimbula,1021.1632722897928
22.02568907924375,2291.2856594044024,82.15493096769485,5.729975084881188,323.26590252780835,9.046738069609846,Uda_Pussellawa,1429.461729662686
20.254456437893726,1600.0297466490329,61.00921571815525,4.602906674294078,220.9459553013747,4.630981858956199,Dimbula,400.0
21.561560784296677,1045.998931438346,59.7971320775939,4.693677779278455,232.6865030689303,5.582015499181036,Ruhuna,400.0
21.646548163178657,1803.4736214692996,79.50962634776477,4.232285020143097,239.0862279777907,5.418767005095464,Ruhuna,459.9743795452432
20.51995588047149,2500.81591260428,85.06730071227065,4.925420529118112,187.73531575947973,5.629242581633401,Dimbula,607.6533195970354
20.964815749331592,2696.7272637622154,59.28847648882117,5.865216172189409,214.52564654119715,5.503141036682408,Nuwara_Eliya,400.0
28.394588682018867,2355.274551148893,85.81514086299741,5.139706405763265,228.37837058603128,6.4188601518315,Dimbula,663.1335470110552
24.243677791764956,2214.670411400867,75.37541841486822,4.5299375521726075,379.02946965657026,3.4347373479123084,Kandy,542.6163441522914
20.818078727883357,2189.8198241929827,85.91805339074645,4.957160627712477,325.7294646664349,7.555757208798006,Kandy,1441.1899071433593
24.787817618042943,1721.9406266196097,74.29779638482384,4.456069148254689,324.7723765869299,6.948874199463296,Uva,589.531194403724
20.66472204097596,1934.96985322319,50.0,4.637406949134419,279.59404904035125,4.1356926209052975,Uda_Pussellawa,400.0
26.692498550346563,2834.5347629131657,73.48032617683961,5.394409455131857,160.61383928550123,3.0,Low_Country,400.0
23.478568768792375,1528.7209971040618,85.6014381867127,4.613063336846986,246.68071163380966,4.534391780787898,Uda_Pussellawa,400.0
21.570791423983085,2807.389395354926,66.06253980916286,5.756317152601651,327.6390767690704,5.636000307859316,Sabaragamuwa,873.1730456716958
23.790867703241112,1838.9859227539707,71.12035031092547,5.164439854584832,149.33882965061696,9.870437848036163,Nuwara_Eliya,476.40486104049126
15.716495391726003,2662.716054547539,73.23866496449021,5.242797351972263,300.9242565498611,6.8148854474614105,Low_Country,1040.476566621961
17.49293012436078,1296.592495251231,50.0,5.0608135161960535,435.8087380210213,3.2886155262278134,Uda_Pussellawa,400.0
17.224299974403777,2292.9521005823244,91.71347575437477,5.586423919271862,334.94533167917854,4.965516742648584,Uva,759.374263179337
22.571772379054828,1631.614932026189,65.98624320102826,5.591579943888505,363.122330844959,5.9201813455905254,Kandy,710.8065732367506
28.93005999794037,1292.3664040379062,80.057354324728,5.367527175956086,267.4671000353729,6.380525331447146,Nuwara_Eliya,400.0
30.92520058477053,2109.2670212054727,74.13298863851792,5.482394552953824,327.4345559011992,4.0278767095343655,Ruhuna,409.1143390019526
24.552204405763028,2504.7358942979845,87.5761905635936,5.093955165039787,192.57174285167716,5.797514658034408,Kandy,651.7241942231283
24.003377899777828,1577.5292807032517,79.0605612242808,5.471101503454524,313.6691049872981,4.923541293584189,Uva,568.9299935967028
14.795769063389045,1250.4920197707993,72.65075728479026,5.031061112263097,302.35105072486107,4.344362156096525,Nuwara_Eliya,400.0
19.829304801063913,1954.0776178325225,66.0648490748072,5.201115811081201,273.19289392301306,6.3893934700484305,Low_Country,868.0591068001887
18.848864992367044,1956.2823356114095,82.97850701382139,5.062678125316851,355.28059357747986,7.160815760164233,Dimbula,1196.2513674597185
19.516609606995537,2274.1598137772494,56.26558696045383,4.971390730340402,206.8972129722089,7.261561915442429,Uda_Pussellawa,462.6511217225765
21.32742472566084,2474.797285682244,81.45890420275893,4.855444101139105,235.035398682107,6.861579526700814,Uva,841.2484428626985
20.11163768921149,1970.292409363753,64.00955248445128,5.433845051929443,257.6369633086637,5.253945700289606,Nuwara_Eliya,400.0
14.082800758496848,2927.7516573971316,87.5228366195664,5.855302956406732,167.63112231284794,7.071824642195258,Kandy,453.29162305424086
24.991641024470134,2112.117372267646,76.61299542662695,5.78555098583478,268.1545555040198,6.463581657156432,Nuwara_Eliya,586.4462554264682
17.709027897040773,1826.7867469965502,81.44123767850108,4.571717332027283,112.48556696369224,6.20091282442802,Dimbula,400.0
22.956987456444597,1194.216320448586,75.8198881382472,5.844601525703437,333.75636275425677,5.082460317447302,Uva,400.0
30.296330678999894,1868.670239841916,57.47622904859003,5.040920749191036,253.73098932527725,5.254685808987707,Nuwara_Eliya,400.0
18.322461633654306,1831.8065272944318,66.39270836604662,5.500366507572796,208.32856768769892,6.110830404186831,Ruhuna,426.9393580636313
11.878849909014681,2480.1523981407354,81.72389337611382,4.746892333976395,183.2501110163903,9.659811700478253,Uva,479.24740516429927
20.855983112479556,2231.241812033427,76.66655817359845,5.270989956937003,231.233677630465,6.451863720137085,Uva,803.7379321870765
26.403838539994283,1410.3154391836915,86.80989905305672,5.356861591448454,305.0607768617931,5.083217246624571,Kandy,523.0445876833514
29.833389816882374,2086.127193205519,79.03274563037172,4.457697604040174,293.81911829900486,4.7514158325458355,Low_Country,447.6342748493002
17.081801622190333,2335.7655858645267,65.3329810929734,5.504133583172095,193.55696421772313,5.262350081015696,Sabaragamuwa,400.0
23.98679689294609,2764.0156796939164,67.03935862279366,5.872967503919158,182.31682618978925,9.2659401713236,Uda_Pussellawa,514.2605422767551
20.138758172879786,2443.7519837070295,76.02917390523237,5.1126760271591865,302.5518965055718,5.401115031081057,Sabaragamuwa,952.4292487987678
21.576206582783456,2380.4233271557387,51.859559339998945,5.880084065414007,192.21220763079765,7.360305801915428,Low_Country,596.710282766551
32.57737338806814,2030.0429973075818,91.73441885622985,5.105153253273796,254.79278192636028,5.436107631792965,Ruhuna,456.6927478736016
15.988118686419387,2194.156002711725,79.41746736377557,5.6247922655233085,259.90037140194215,6.391776811919443,Dimbula,611.0343411436052
23.014958645978293,2624.7524503530794,87.27034597048872,4.090715017024451,274.9649705381391,7.187617911013083,Nuwara_Eliya,720.2701727030054
23.870772687061734,1333.611301260175,59.19396059190831,6.409388889656732,318.6616344145497,5.142145725285114,Sabaragamuwa,400.0
26.34314529975739,1825.280336391522,87.44565160355256,5.947729122621479,148.96296505061417,5.038332518770845,Uda_Pussellawa,400.0
22.391932613883583,1613.7156256218796,95.0,5.057687247873161,100.0,8.488304541682995,Low_Country,486.00062719359494
23.23220215801641,2189.576559363062,61.79121644622683,4.213955486678091,204.60421750173185,7.4768893423436955,Kandy,464.7856428723044
20.433405730312835,2615.111087825394,82.71401794903767,5.344014184152745,394.1222726265749,7.186008478036092,Uda_Pussellawa,1562.2563900097712
23.07650776498043,1701.512856639463,75.01109944687293,4.478037226463122,411.7739280069903,7.180914439684371,Uva,905.989017921694
20.627230898010357,1000.0,59.55566151751756,5.422426768778744,396.494170845271,6.689363232466598,Uva,416.65306457935435
24.486287559424202,1793.889627487765,79.9288397185187,5.405782859582141,234.56149057914485,9.026663719762597,Dimbula,873.2313086513146
20.521558655825466,2456.736866008703,83.33603204837348,4.729298415498988,107.4307934412137,6.065862452815735,Ruhuna,400.0
23.508401575608747,2268.81495147494,68.98873447331152,5.760483511807189,100.0,6.865893550801379,Nuwara_Eliya,400.0
21.882948745260087,2214.093123905288,86.65916520255223,5.602787351403087,200.87694707604712,3.8236306071089814,Nuwara_Eliya,400.0
26.504201003088674,1860.0033490627602,58.33236593210802,5.687911668644282,234.1541095880512,4.762558970113139,Kandy,400.0
21.794425105646056,1360.4846318901068,60.052438535503555,5.2044288518344475,354.0500320844767,4.198771500247439,Dimbula,440.46268170093816
14.907870127172474,2257.647160812234,76.36597395588753,4.492237966543147,319.42443676339565,7.911095375274224,Nuwara_Eliya,628.6628536239197
27.04768600285597,1582.8590949826876,75.25385277972272,5.688936136105569,268.1924063193296,3.0,Ruhuna,400.0
18.377070796549525,3092.0483666902282,67.83426511575895,5.064814300432104,178.81241832470866,5.3965349658709165,Low_Country,508.9868618662401
19.38493464540472,2285.253604177258,83.09594435971886,4.505109928403666,173.1376353404088,3.0,Uva,400.0
19.61735482382603,1709.6758487230245,80.30894314215949,5.876019682987163,270.33021496571484,4.753068156777164,Low_Country,504.24754801431425
27.49775237268327,1694.307376305686,83.58139070934016,6.249703760251255,305.7640783071781,5.2635765754022,Low_Country,400.0
13.457303144085218,1953.5278966932058,73.76863564647732,5.179375935510398,281.35050097964677,8.077306640691067,Dimbula,646.8243805863375
34.55099413463998,1880.2490389891252,81.02580267978341,6.2795605773016465,167.2321632314676,6.594941908832186,Uda_Pussellawa,400.0
26.224227236264205,2558.416887764977,70.54349696970006,5.245657364305675,302.0534103033669,4.75028771500655,Sabaragamuwa,736.8851132900481
22.892955656516637,2093.2080848720234,95.0,5.009772047916824,284.0728773681129,7.598945579597739,Sabaragamuwa,1407.0438086797258
21.780423997534854,1634.184130545736,66.87454229878014,4.884770772907261,164.34668750478573,6.026748381794636,Dimbula,400.0
23.14221629943063,2945.220342577891,95.0,6.018541203996372,187.25432237597954,6.056350288060878,Low_Country,663.5694471456621
24.084489713517353,2024.6541657601113,75.34887947089409,4.809928059306114,305.07967796492534,4.195992738342012,Dimbula,552.1258380737407
24.580862343800227,2384.4198379844483,61.24489110431257,5.5676346549874935,231.23939718832872,4.514979429145291,Ruhuna,457.7996294787367
24.222417864013792,1695.8867462776204,88.68079350488601,4.9204180824703965,377.13178413091657,4.762354050081713,Ruhuna,852.5064220306773
22.358322725020994,2181.5578138722617,76.25901388394959,4.969846618712818,290.0903420851661,6.069691909731285,Nuwara_Eliya,728.0301896602384
21.210646318770696,2155.554995571598,83.51124098380238,5.715124846984784,211.06950494485847,6.1168285904710125,Sabaragamuwa,655.99515557972
21.394906865385952,1055.1753539519236,87.23855918542593,5.009981576855323,249.1835519687254,8.316138995286067,Kandy,625.7265507754544
21.220366878589275,3007.63755523032,78.37955554145026,4.997602310289854,255.07067141101746,6.577582751906752,Kandy,975.0577705920169
26.53508038746826,2645.3222304612736,69.07759155187185,5.766402348587404,191.7287749406632,3.0,Low_Country,400.0
24.37422688912345,1801.402341927006,84.7571337766925,5.998698646610812,176.99294414578986,6.393962981807536,Ruhuna,400.0
10.238445461342879,1448.8651297720721,75.00755507454596,5.522344901642117,306.11119150476,3.8249754657487007,Nuwara_Eliya,400.0
24.623603106119045,2173.780806901776,81.85857818608419,4.872615112188026,317.6218637633676,4.551043613082696,Nuwara_Eliya,619.926217112901
22.7789447788751,2043.3488497071983,53.462694262085385,4.944695750351211,298.3025175642367,4.781745792410505,Nuwara_Eliya,400.06344880174436
21.92516497421641,2177.834474281615,79.46981717009852,5.239957631870019,371.22544754590416,5.004992514731548,Low_Country,1290.0999159110415
20.445926187644456,2095.7886980970447,68.6141417485497,5.360465030962829,206.65814111907184,3.9372759119395453,Low_Country,454.4713554872693
26.496450879944053,2253.120494652963,91.5330963717853,4.706067044930114,383.94166128569043,6.305223005178432,Ruhuna,1087.7565841065848
25.790105848491432,2723.652849695903,81.23087347889096,5.561518969789932,177.92631051566778,3.8837965723635612,Kandy,400.0
18.908489328705564,2284.051602564323,77.39857745849297,5.2427566648198,168.9851549305206,6.53500141087477,Nuwara_Eliya,455.51825351774136
23.62820914849814,1475.1722505450293,79.86309993350221,4.342145840680935,109.20328942805997,9.355456615592445,Ruhuna,400.0
18.113373061834857,2681.281426356226,65.01559147123282,4.735536758769635,214.33637489385464,4.005961411598904,Uda_Pussellawa,400.0
16.481527340844277,2820.3072817441434,91.23256690528054,4.947935663174168,209.7022130536437,5.573234543491167,Uda_Pussellawa,483.2562648902084
19.493131101640138,3500.0,94.91370418416905,5.163571155579473,292.07498242037207,3.0,Uva,603.5498891793916
25.449573889531035,1438.252983380201,78.92913510548216,6.144639397751998,269.5112753296361,5.5485970605448,Uda_Pussellawa,400.0
25.812500181504348,2121.4410065751376,90.90403568573639,5.3190856530698145,154.56213031846906,6.9640757289472255,Dimbula,590.748370460383
24.052341680389173,1000.0,69.30851801327466,4.779614055050688,218.5819009259346,7.080958847035901,Uva,400.0
24.900383147391988,2276.5745781896044,67.02886433775019,5.310315402153582,220.28303831298516,6.1160455954261455,Uda_Pussellawa,500.79022606216097
24.064713148459834,1725.8998509166136,75.40924748728924,5.02395612627306,107.9214202430486,7.333895137138464,Dimbula,400.0
19.43407361910819,2961.7228974124764,79.34941038367899,5.362379119766771,171.52426183893044,9.819081803914187,Uda_Pussellawa,828.6299084110193
23.727690178695763,1612.692514990709,71.0601331875688,5.490283843517807,188.33490955087285,8.568457031156399,Ruhuna,566.167164638386
25.201638100910728,1155.408481016369,80.37768190368485,5.804615323611969,364.6900015856757,5.216218605885545,Sabaragamuwa,436.31615029269165
25.017165319254296,1764.3681296487403,78.06389482073413,5.187856752164987,265.3160572765882,3.823344020299892,Dimbula,418.2653508503705
26.75565348589857,1012.2561143914313,65.01693224708944,6.019480263799917,302.9735003158,5.3907728751392945,Nuwara_Eliya,400.0
24.833215388804255,2375.549727253655,80.18793017451722,5.654011331268096,130.10916022806305,4.579525851573978,Ruhuna,400.0
23.40579283016633,1000.0,83.63528242521521,4.8462802275939065,345.53715864111933,6.677021321796949,Sabaragamuwa,590.1632890656346
26.28060095326571,2014.2287905915794,76.7146931759039,6.304927832874232,354.0881650419274,4.228209690855753,Dimbula,400.0
21.89391496300376,1000.0,86.52648103261693,5.363497256635049,100.0,5.890766351114487,Ruhuna,400.0
18.47250139508913,1839.8510977316791,62.82596206503048,4.782437748013883,193.57466208673213,7.257021081804465,Nuwara_Eliya,400.0
21.347732144224945,2821.689077902267,79.67950422131852,6.026456525615211,289.6612458412408,5.848956190774235,Dimbula,793.7409347928203
19.020389420774205,2180.3239457178975,63.29719293603225,6.238888792599223,301.55107628305456,4.5805292658783054,Dimbula,400.0
